/*
 Navicat Premium Data Transfer

 Source Server         : luna-collage
 Source Server Type    : MySQL
 Source Server Version : 50718
 Source Host           : cdb-5w1wgodg.bj.tencentcdb.com:10067
 Source Schema         : yttv-platform

 Target Server Type    : MySQL
 Target Server Version : 50718
 File Encoding         : 65001

 Date: 14/12/2020 10:10:13
*/

SET NAMES utf8mb4;
SET FOREIGN_KEY_CHECKS = 0;

-- ----------------------------
-- Table structure for QRTZ_BLOB_TRIGGERS
-- ----------------------------
DROP TABLE IF EXISTS `QRTZ_BLOB_TRIGGERS`;
CREATE TABLE `QRTZ_BLOB_TRIGGERS` (
  `sched_name` varchar(120) NOT NULL,
  `trigger_name` varchar(200) NOT NULL,
  `trigger_group` varchar(200) NOT NULL,
  `blob_data` blob,
  PRIMARY KEY (`sched_name`,`trigger_name`,`trigger_group`),
  CONSTRAINT `QRTZ_BLOB_TRIGGERS_ibfk_1` FOREIGN KEY (`sched_name`, `trigger_name`, `trigger_group`) REFERENCES `QRTZ_TRIGGERS` (`sched_name`, `trigger_name`, `trigger_group`)
) ENGINE=InnoDB DEFAULT CHARSET=utf8mb4;

-- ----------------------------
-- Records of QRTZ_BLOB_TRIGGERS
-- ----------------------------
BEGIN;
COMMIT;

-- ----------------------------
-- Table structure for QRTZ_CALENDARS
-- ----------------------------
DROP TABLE IF EXISTS `QRTZ_CALENDARS`;
CREATE TABLE `QRTZ_CALENDARS` (
  `sched_name` varchar(120) NOT NULL,
  `calendar_name` varchar(200) NOT NULL,
  `calendar` blob NOT NULL,
  PRIMARY KEY (`sched_name`,`calendar_name`)
) ENGINE=InnoDB DEFAULT CHARSET=utf8mb4;

-- ----------------------------
-- Records of QRTZ_CALENDARS
-- ----------------------------
BEGIN;
COMMIT;

-- ----------------------------
-- Table structure for QRTZ_CRON_TRIGGERS
-- ----------------------------
DROP TABLE IF EXISTS `QRTZ_CRON_TRIGGERS`;
CREATE TABLE `QRTZ_CRON_TRIGGERS` (
  `sched_name` varchar(120) NOT NULL,
  `trigger_name` varchar(200) NOT NULL,
  `trigger_group` varchar(200) NOT NULL,
  `cron_expression` varchar(200) NOT NULL,
  `time_zone_id` varchar(80) DEFAULT NULL,
  PRIMARY KEY (`sched_name`,`trigger_name`,`trigger_group`),
  CONSTRAINT `QRTZ_CRON_TRIGGERS_ibfk_1` FOREIGN KEY (`sched_name`, `trigger_name`, `trigger_group`) REFERENCES `QRTZ_TRIGGERS` (`sched_name`, `trigger_name`, `trigger_group`)
) ENGINE=InnoDB DEFAULT CHARSET=utf8mb4;

-- ----------------------------
-- Records of QRTZ_CRON_TRIGGERS
-- ----------------------------
BEGIN;
INSERT INTO `QRTZ_CRON_TRIGGERS` VALUES ('RuoyiScheduler', 'TASK_CLASS_NAME1', 'DEFAULT', '0/10 * * * * ?', 'Asia/Shanghai');
INSERT INTO `QRTZ_CRON_TRIGGERS` VALUES ('RuoyiScheduler', 'TASK_CLASS_NAME2', 'DEFAULT', '0/15 * * * * ?', 'Asia/Shanghai');
INSERT INTO `QRTZ_CRON_TRIGGERS` VALUES ('RuoyiScheduler', 'TASK_CLASS_NAME3', 'DEFAULT', '0/20 * * * * ?', 'Asia/Shanghai');
COMMIT;

-- ----------------------------
-- Table structure for QRTZ_FIRED_TRIGGERS
-- ----------------------------
DROP TABLE IF EXISTS `QRTZ_FIRED_TRIGGERS`;
CREATE TABLE `QRTZ_FIRED_TRIGGERS` (
  `sched_name` varchar(120) NOT NULL,
  `entry_id` varchar(95) NOT NULL,
  `trigger_name` varchar(200) NOT NULL,
  `trigger_group` varchar(200) NOT NULL,
  `instance_name` varchar(200) NOT NULL,
  `fired_time` bigint(13) NOT NULL,
  `sched_time` bigint(13) NOT NULL,
  `priority` int(11) NOT NULL,
  `state` varchar(16) NOT NULL,
  `job_name` varchar(200) DEFAULT NULL,
  `job_group` varchar(200) DEFAULT NULL,
  `is_nonconcurrent` varchar(1) DEFAULT NULL,
  `requests_recovery` varchar(1) DEFAULT NULL,
  PRIMARY KEY (`sched_name`,`entry_id`)
) ENGINE=InnoDB DEFAULT CHARSET=utf8mb4;

-- ----------------------------
-- Records of QRTZ_FIRED_TRIGGERS
-- ----------------------------
BEGIN;
COMMIT;

-- ----------------------------
-- Table structure for QRTZ_JOB_DETAILS
-- ----------------------------
DROP TABLE IF EXISTS `QRTZ_JOB_DETAILS`;
CREATE TABLE `QRTZ_JOB_DETAILS` (
  `sched_name` varchar(120) NOT NULL,
  `job_name` varchar(200) NOT NULL,
  `job_group` varchar(200) NOT NULL,
  `description` varchar(250) DEFAULT NULL,
  `job_class_name` varchar(250) NOT NULL,
  `is_durable` varchar(1) NOT NULL,
  `is_nonconcurrent` varchar(1) NOT NULL,
  `is_update_data` varchar(1) NOT NULL,
  `requests_recovery` varchar(1) NOT NULL,
  `job_data` blob,
  PRIMARY KEY (`sched_name`,`job_name`,`job_group`)
) ENGINE=InnoDB DEFAULT CHARSET=utf8mb4;

-- ----------------------------
-- Records of QRTZ_JOB_DETAILS
-- ----------------------------
BEGIN;
INSERT INTO `QRTZ_JOB_DETAILS` VALUES ('RuoyiScheduler', 'TASK_CLASS_NAME1', 'DEFAULT', NULL, 'com.ruoyi.quartz.util.QuartzDisallowConcurrentExecution', '0', '1', '0', '0', 0xACED0005737200156F72672E71756172747A2E4A6F62446174614D61709FB083E8BFA9B0CB020000787200266F72672E71756172747A2E7574696C732E537472696E674B65794469727479466C61674D61708208E8C3FBC55D280200015A0013616C6C6F77735472616E7369656E74446174617872001D6F72672E71756172747A2E7574696C732E4469727479466C61674D617013E62EAD28760ACE0200025A000564697274794C00036D617074000F4C6A6176612F7574696C2F4D61703B787001737200116A6176612E7574696C2E486173684D61700507DAC1C31660D103000246000A6C6F6164466163746F724900097468726573686F6C6478703F4000000000000C7708000000100000000174000F5441534B5F50524F504552544945537372001E636F6D2E72756F79692E71756172747A2E646F6D61696E2E5379734A6F6200000000000000010200084C000A636F6E63757272656E747400124C6A6176612F6C616E672F537472696E673B4C000E63726F6E45787072657373696F6E71007E00094C000C696E766F6B6554617267657471007E00094C00086A6F6247726F757071007E00094C00056A6F6249647400104C6A6176612F6C616E672F4C6F6E673B4C00076A6F624E616D6571007E00094C000D6D697366697265506F6C69637971007E00094C000673746174757371007E000978720027636F6D2E72756F79692E636F6D6D6F6E2E636F72652E646F6D61696E2E42617365456E7469747900000000000000010200074C0008637265617465427971007E00094C000A63726561746554696D657400104C6A6176612F7574696C2F446174653B4C0006706172616D7371007E00034C000672656D61726B71007E00094C000B73656172636856616C756571007E00094C0008757064617465427971007E00094C000A75706461746554696D6571007E000C787074000561646D696E7372000E6A6176612E7574696C2E44617465686A81014B59741903000078707708000001622CDE29E078707400007070707400013174000E302F3130202A202A202A202A203F74001172795461736B2E72794E6F506172616D7374000744454641554C547372000E6A6176612E6C616E672E4C6F6E673B8BE490CC8F23DF0200014A000576616C7565787200106A6176612E6C616E672E4E756D62657286AC951D0B94E08B02000078700000000000000001740018E7B3BBE7BB9FE9BB98E8AEA4EFBC88E697A0E58F82EFBC8974000133740001317800);
INSERT INTO `QRTZ_JOB_DETAILS` VALUES ('RuoyiScheduler', 'TASK_CLASS_NAME2', 'DEFAULT', NULL, 'com.ruoyi.quartz.util.QuartzDisallowConcurrentExecution', '0', '1', '0', '0', 0xACED0005737200156F72672E71756172747A2E4A6F62446174614D61709FB083E8BFA9B0CB020000787200266F72672E71756172747A2E7574696C732E537472696E674B65794469727479466C61674D61708208E8C3FBC55D280200015A0013616C6C6F77735472616E7369656E74446174617872001D6F72672E71756172747A2E7574696C732E4469727479466C61674D617013E62EAD28760ACE0200025A000564697274794C00036D617074000F4C6A6176612F7574696C2F4D61703B787001737200116A6176612E7574696C2E486173684D61700507DAC1C31660D103000246000A6C6F6164466163746F724900097468726573686F6C6478703F4000000000000C7708000000100000000174000F5441534B5F50524F504552544945537372001E636F6D2E72756F79692E71756172747A2E646F6D61696E2E5379734A6F6200000000000000010200084C000A636F6E63757272656E747400124C6A6176612F6C616E672F537472696E673B4C000E63726F6E45787072657373696F6E71007E00094C000C696E766F6B6554617267657471007E00094C00086A6F6247726F757071007E00094C00056A6F6249647400104C6A6176612F6C616E672F4C6F6E673B4C00076A6F624E616D6571007E00094C000D6D697366697265506F6C69637971007E00094C000673746174757371007E000978720027636F6D2E72756F79692E636F6D6D6F6E2E636F72652E646F6D61696E2E42617365456E7469747900000000000000010200074C0008637265617465427971007E00094C000A63726561746554696D657400104C6A6176612F7574696C2F446174653B4C0006706172616D7371007E00034C000672656D61726B71007E00094C000B73656172636856616C756571007E00094C0008757064617465427971007E00094C000A75706461746554696D6571007E000C787074000561646D696E7372000E6A6176612E7574696C2E44617465686A81014B59741903000078707708000001622CDE29E078707400007070707400013174000E302F3135202A202A202A202A203F74001572795461736B2E7279506172616D7328277279272974000744454641554C547372000E6A6176612E6C616E672E4C6F6E673B8BE490CC8F23DF0200014A000576616C7565787200106A6176612E6C616E672E4E756D62657286AC951D0B94E08B02000078700000000000000002740018E7B3BBE7BB9FE9BB98E8AEA4EFBC88E69C89E58F82EFBC8974000133740001317800);
INSERT INTO `QRTZ_JOB_DETAILS` VALUES ('RuoyiScheduler', 'TASK_CLASS_NAME3', 'DEFAULT', NULL, 'com.ruoyi.quartz.util.QuartzDisallowConcurrentExecution', '0', '1', '0', '0', 0xACED0005737200156F72672E71756172747A2E4A6F62446174614D61709FB083E8BFA9B0CB020000787200266F72672E71756172747A2E7574696C732E537472696E674B65794469727479466C61674D61708208E8C3FBC55D280200015A0013616C6C6F77735472616E7369656E74446174617872001D6F72672E71756172747A2E7574696C732E4469727479466C61674D617013E62EAD28760ACE0200025A000564697274794C00036D617074000F4C6A6176612F7574696C2F4D61703B787001737200116A6176612E7574696C2E486173684D61700507DAC1C31660D103000246000A6C6F6164466163746F724900097468726573686F6C6478703F4000000000000C7708000000100000000174000F5441534B5F50524F504552544945537372001E636F6D2E72756F79692E71756172747A2E646F6D61696E2E5379734A6F6200000000000000010200084C000A636F6E63757272656E747400124C6A6176612F6C616E672F537472696E673B4C000E63726F6E45787072657373696F6E71007E00094C000C696E766F6B6554617267657471007E00094C00086A6F6247726F757071007E00094C00056A6F6249647400104C6A6176612F6C616E672F4C6F6E673B4C00076A6F624E616D6571007E00094C000D6D697366697265506F6C69637971007E00094C000673746174757371007E000978720027636F6D2E72756F79692E636F6D6D6F6E2E636F72652E646F6D61696E2E42617365456E7469747900000000000000010200074C0008637265617465427971007E00094C000A63726561746554696D657400104C6A6176612F7574696C2F446174653B4C0006706172616D7371007E00034C000672656D61726B71007E00094C000B73656172636856616C756571007E00094C0008757064617465427971007E00094C000A75706461746554696D6571007E000C787074000561646D696E7372000E6A6176612E7574696C2E44617465686A81014B59741903000078707708000001622CDE29E078707400007070707400013174000E302F3230202A202A202A202A203F74003872795461736B2E72794D756C7469706C65506172616D7328277279272C20747275652C20323030304C2C203331362E3530442C203130302974000744454641554C547372000E6A6176612E6C616E672E4C6F6E673B8BE490CC8F23DF0200014A000576616C7565787200106A6176612E6C616E672E4E756D62657286AC951D0B94E08B02000078700000000000000003740018E7B3BBE7BB9FE9BB98E8AEA4EFBC88E5A49AE58F82EFBC8974000133740001317800);
COMMIT;

-- ----------------------------
-- Table structure for QRTZ_LOCKS
-- ----------------------------
DROP TABLE IF EXISTS `QRTZ_LOCKS`;
CREATE TABLE `QRTZ_LOCKS` (
  `sched_name` varchar(120) NOT NULL,
  `lock_name` varchar(40) NOT NULL,
  PRIMARY KEY (`sched_name`,`lock_name`)
) ENGINE=InnoDB DEFAULT CHARSET=utf8mb4;

-- ----------------------------
-- Records of QRTZ_LOCKS
-- ----------------------------
BEGIN;
INSERT INTO `QRTZ_LOCKS` VALUES ('RuoyiScheduler', 'STATE_ACCESS');
INSERT INTO `QRTZ_LOCKS` VALUES ('RuoyiScheduler', 'TRIGGER_ACCESS');
COMMIT;

-- ----------------------------
-- Table structure for QRTZ_PAUSED_TRIGGER_GRPS
-- ----------------------------
DROP TABLE IF EXISTS `QRTZ_PAUSED_TRIGGER_GRPS`;
CREATE TABLE `QRTZ_PAUSED_TRIGGER_GRPS` (
  `sched_name` varchar(120) NOT NULL,
  `trigger_group` varchar(200) NOT NULL,
  PRIMARY KEY (`sched_name`,`trigger_group`)
) ENGINE=InnoDB DEFAULT CHARSET=utf8mb4;

-- ----------------------------
-- Records of QRTZ_PAUSED_TRIGGER_GRPS
-- ----------------------------
BEGIN;
COMMIT;

-- ----------------------------
-- Table structure for QRTZ_SCHEDULER_STATE
-- ----------------------------
DROP TABLE IF EXISTS `QRTZ_SCHEDULER_STATE`;
CREATE TABLE `QRTZ_SCHEDULER_STATE` (
  `sched_name` varchar(120) NOT NULL,
  `instance_name` varchar(200) NOT NULL,
  `last_checkin_time` bigint(13) NOT NULL,
  `checkin_interval` bigint(13) NOT NULL,
  PRIMARY KEY (`sched_name`,`instance_name`)
) ENGINE=InnoDB DEFAULT CHARSET=utf8mb4;

-- ----------------------------
-- Records of QRTZ_SCHEDULER_STATE
-- ----------------------------
BEGIN;
INSERT INTO `QRTZ_SCHEDULER_STATE` VALUES ('RuoyiScheduler', 'luna1607911442258', 1607911660880, 15000);
COMMIT;

-- ----------------------------
-- Table structure for QRTZ_SIMPLE_TRIGGERS
-- ----------------------------
DROP TABLE IF EXISTS `QRTZ_SIMPLE_TRIGGERS`;
CREATE TABLE `QRTZ_SIMPLE_TRIGGERS` (
  `sched_name` varchar(120) NOT NULL,
  `trigger_name` varchar(200) NOT NULL,
  `trigger_group` varchar(200) NOT NULL,
  `repeat_count` bigint(7) NOT NULL,
  `repeat_interval` bigint(12) NOT NULL,
  `times_triggered` bigint(10) NOT NULL,
  PRIMARY KEY (`sched_name`,`trigger_name`,`trigger_group`),
  CONSTRAINT `QRTZ_SIMPLE_TRIGGERS_ibfk_1` FOREIGN KEY (`sched_name`, `trigger_name`, `trigger_group`) REFERENCES `QRTZ_TRIGGERS` (`sched_name`, `trigger_name`, `trigger_group`)
) ENGINE=InnoDB DEFAULT CHARSET=utf8mb4;

-- ----------------------------
-- Records of QRTZ_SIMPLE_TRIGGERS
-- ----------------------------
BEGIN;
COMMIT;

-- ----------------------------
-- Table structure for QRTZ_SIMPROP_TRIGGERS
-- ----------------------------
DROP TABLE IF EXISTS `QRTZ_SIMPROP_TRIGGERS`;
CREATE TABLE `QRTZ_SIMPROP_TRIGGERS` (
  `sched_name` varchar(120) NOT NULL,
  `trigger_name` varchar(200) NOT NULL,
  `trigger_group` varchar(200) NOT NULL,
  `str_prop_1` varchar(512) DEFAULT NULL,
  `str_prop_2` varchar(512) DEFAULT NULL,
  `str_prop_3` varchar(512) DEFAULT NULL,
  `int_prop_1` int(11) DEFAULT NULL,
  `int_prop_2` int(11) DEFAULT NULL,
  `long_prop_1` bigint(20) DEFAULT NULL,
  `long_prop_2` bigint(20) DEFAULT NULL,
  `dec_prop_1` decimal(13,4) DEFAULT NULL,
  `dec_prop_2` decimal(13,4) DEFAULT NULL,
  `bool_prop_1` varchar(1) DEFAULT NULL,
  `bool_prop_2` varchar(1) DEFAULT NULL,
  PRIMARY KEY (`sched_name`,`trigger_name`,`trigger_group`),
  CONSTRAINT `QRTZ_SIMPROP_TRIGGERS_ibfk_1` FOREIGN KEY (`sched_name`, `trigger_name`, `trigger_group`) REFERENCES `QRTZ_TRIGGERS` (`sched_name`, `trigger_name`, `trigger_group`)
) ENGINE=InnoDB DEFAULT CHARSET=utf8mb4;

-- ----------------------------
-- Records of QRTZ_SIMPROP_TRIGGERS
-- ----------------------------
BEGIN;
COMMIT;

-- ----------------------------
-- Table structure for QRTZ_TRIGGERS
-- ----------------------------
DROP TABLE IF EXISTS `QRTZ_TRIGGERS`;
CREATE TABLE `QRTZ_TRIGGERS` (
  `sched_name` varchar(120) NOT NULL,
  `trigger_name` varchar(200) NOT NULL,
  `trigger_group` varchar(200) NOT NULL,
  `job_name` varchar(200) NOT NULL,
  `job_group` varchar(200) NOT NULL,
  `description` varchar(250) DEFAULT NULL,
  `next_fire_time` bigint(13) DEFAULT NULL,
  `prev_fire_time` bigint(13) DEFAULT NULL,
  `priority` int(11) DEFAULT NULL,
  `trigger_state` varchar(16) NOT NULL,
  `trigger_type` varchar(8) NOT NULL,
  `start_time` bigint(13) NOT NULL,
  `end_time` bigint(13) DEFAULT NULL,
  `calendar_name` varchar(200) DEFAULT NULL,
  `misfire_instr` smallint(2) DEFAULT NULL,
  `job_data` blob,
  PRIMARY KEY (`sched_name`,`trigger_name`,`trigger_group`),
  KEY `sched_name` (`sched_name`,`job_name`,`job_group`),
  CONSTRAINT `QRTZ_TRIGGERS_ibfk_1` FOREIGN KEY (`sched_name`, `job_name`, `job_group`) REFERENCES `QRTZ_JOB_DETAILS` (`sched_name`, `job_name`, `job_group`)
) ENGINE=InnoDB DEFAULT CHARSET=utf8mb4;

-- ----------------------------
-- Records of QRTZ_TRIGGERS
-- ----------------------------
BEGIN;
INSERT INTO `QRTZ_TRIGGERS` VALUES ('RuoyiScheduler', 'TASK_CLASS_NAME1', 'DEFAULT', 'TASK_CLASS_NAME1', 'DEFAULT', NULL, 1607911450000, -1, 5, 'PAUSED', 'CRON', 1607911444000, 0, NULL, 2, '');
INSERT INTO `QRTZ_TRIGGERS` VALUES ('RuoyiScheduler', 'TASK_CLASS_NAME2', 'DEFAULT', 'TASK_CLASS_NAME2', 'DEFAULT', NULL, 1607911455000, -1, 5, 'PAUSED', 'CRON', 1607911445000, 0, NULL, 2, '');
INSERT INTO `QRTZ_TRIGGERS` VALUES ('RuoyiScheduler', 'TASK_CLASS_NAME3', 'DEFAULT', 'TASK_CLASS_NAME3', 'DEFAULT', NULL, 1607911460000, -1, 5, 'PAUSED', 'CRON', 1607911446000, 0, NULL, 2, '');
COMMIT;

-- ----------------------------
-- Table structure for gen_table
-- ----------------------------
DROP TABLE IF EXISTS `gen_table`;
CREATE TABLE `gen_table` (
  `table_id` bigint(20) NOT NULL AUTO_INCREMENT COMMENT '编号',
  `table_name` varchar(200) DEFAULT '' COMMENT '表名称',
  `table_comment` varchar(500) DEFAULT '' COMMENT '表描述',
  `sub_table_name` varchar(64) DEFAULT NULL COMMENT '关联子表的表名',
  `sub_table_fk_name` varchar(64) DEFAULT NULL COMMENT '子表关联的外键名',
  `class_name` varchar(100) DEFAULT '' COMMENT '实体类名称',
  `tpl_category` varchar(200) DEFAULT 'crud' COMMENT '使用的模板（crud单表操作 tree树表操作 sub主子表操作）',
  `package_name` varchar(100) DEFAULT NULL COMMENT '生成包路径',
  `module_name` varchar(30) DEFAULT NULL COMMENT '生成模块名',
  `business_name` varchar(30) DEFAULT NULL COMMENT '生成业务名',
  `function_name` varchar(50) DEFAULT NULL COMMENT '生成功能名',
  `function_author` varchar(50) DEFAULT NULL COMMENT '生成功能作者',
  `gen_type` char(1) DEFAULT '0' COMMENT '生成代码方式（0zip压缩包 1自定义路径）',
  `gen_path` varchar(200) DEFAULT '/' COMMENT '生成路径（不填默认项目路径）',
  `options` varchar(1000) DEFAULT NULL COMMENT '其它生成选项',
  `create_by` varchar(64) DEFAULT '' COMMENT '创建者',
  `create_time` datetime DEFAULT NULL COMMENT '创建时间',
  `update_by` varchar(64) DEFAULT '' COMMENT '更新者',
  `update_time` datetime DEFAULT NULL COMMENT '更新时间',
  `remark` varchar(500) DEFAULT NULL COMMENT '备注',
  PRIMARY KEY (`table_id`)
) ENGINE=InnoDB AUTO_INCREMENT=15 DEFAULT CHARSET=utf8mb4 COMMENT='代码生成业务表';

-- ----------------------------
-- Records of gen_table
-- ----------------------------
BEGIN;
INSERT INTO `gen_table` VALUES (1, 'sys_news', '新闻发表表', NULL, NULL, 'News', 'crud', 'com.ruoyi.web.platform.news', 'admin', 'news', '新闻展示', 'party-platform', '0', '/', '{\"parentMenuId\":\"1\",\"treeName\":\"\",\"treeParentCode\":\"\",\"parentMenuName\":\"系统管理\",\"treeCode\":\"\"}', 'luna', '2020-09-25 10:55:29', '', '2020-09-25 12:21:07', '');
INSERT INTO `gen_table` VALUES (7, 'sys_blog', '博客展示表', NULL, NULL, 'Blog', 'crud', 'com.ruoyi.web.platform.blog', 'admin', 'blog', '博客展示', 'yttv-platform', '0', '/', '{\"parentMenuId\":\"2006\",\"treeName\":\"\",\"treeParentCode\":\"\",\"parentMenuName\":\"盐途之声\",\"treeCode\":\"\"}', 'admin', '2020-10-06 15:33:42', '', '2020-10-06 16:06:49', '');
INSERT INTO `gen_table` VALUES (11, 'sys_author_main', '主页介绍板块', 'sys_blog', 'blog_id', 'AuthorMain', 'crud', 'com.ruoyi.web.platform.mainInfo', 'admin', 'mainInfo', '主页介绍板块', 'yttv-platform', '0', '/', '{\"parentMenuId\":\"2006\",\"treeName\":\"\",\"treeParentCode\":\"\",\"parentMenuName\":\"盐途之声\",\"treeCode\":\"\"}', 'admin', '2020-10-11 15:12:40', '', '2020-10-13 14:49:35', '');
INSERT INTO `gen_table` VALUES (13, 'sys_author_team', '团队介绍板块', NULL, NULL, 'AuthorTeam', 'crud', 'com.ruoyi.web.platform.teamInfo', 'admin', 'teamInfo', '团队介绍板块', 'yttv-platform', '0', '/', '{\"parentMenuId\":\"2006\",\"treeName\":\"\",\"treeParentCode\":\"\",\"parentMenuName\":\"盐途之声\",\"treeCode\":\"\"}', 'admin', '2020-10-11 15:22:30', '', '2020-10-11 15:38:43', '');
INSERT INTO `gen_table` VALUES (14, 'sys_recently', '右侧最近记录板块', NULL, NULL, 'Recently', 'crud', 'com.ruoyi.web.platform.recently', 'admin', 'recently', '右侧最近记录板块', 'yttv-platform', '0', '/', '{\"parentMenuId\":\"2006\",\"treeName\":\"\",\"treeParentCode\":\"\",\"parentMenuName\":\"盐途之声\",\"treeCode\":\"\"}', 'admin', '2020-10-11 15:50:31', '', '2020-10-11 15:54:00', '');
COMMIT;

-- ----------------------------
-- Table structure for gen_table_column
-- ----------------------------
DROP TABLE IF EXISTS `gen_table_column`;
CREATE TABLE `gen_table_column` (
  `column_id` bigint(20) NOT NULL AUTO_INCREMENT COMMENT '编号',
  `table_id` varchar(64) DEFAULT NULL COMMENT '归属表编号',
  `column_name` varchar(200) DEFAULT NULL COMMENT '列名称',
  `column_comment` varchar(500) DEFAULT NULL COMMENT '列描述',
  `column_type` varchar(100) DEFAULT NULL COMMENT '列类型',
  `java_type` varchar(500) DEFAULT NULL COMMENT 'JAVA类型',
  `java_field` varchar(200) DEFAULT NULL COMMENT 'JAVA字段名',
  `is_pk` char(1) DEFAULT NULL COMMENT '是否主键（1是）',
  `is_increment` char(1) DEFAULT NULL COMMENT '是否自增（1是）',
  `is_required` char(1) DEFAULT NULL COMMENT '是否必填（1是）',
  `is_insert` char(1) DEFAULT NULL COMMENT '是否为插入字段（1是）',
  `is_edit` char(1) DEFAULT NULL COMMENT '是否编辑字段（1是）',
  `is_list` char(1) DEFAULT NULL COMMENT '是否列表字段（1是）',
  `is_query` char(1) DEFAULT NULL COMMENT '是否查询字段（1是）',
  `query_type` varchar(200) DEFAULT 'EQ' COMMENT '查询方式（等于、不等于、大于、小于、范围）',
  `html_type` varchar(200) DEFAULT NULL COMMENT '显示类型（文本框、文本域、下拉框、复选框、单选框、日期控件）',
  `dict_type` varchar(200) DEFAULT '' COMMENT '字典类型',
  `sort` int(11) DEFAULT NULL COMMENT '排序',
  `create_by` varchar(64) DEFAULT '' COMMENT '创建者',
  `create_time` datetime DEFAULT NULL COMMENT '创建时间',
  `update_by` varchar(64) DEFAULT '' COMMENT '更新者',
  `update_time` datetime DEFAULT NULL COMMENT '更新时间',
  PRIMARY KEY (`column_id`)
) ENGINE=InnoDB AUTO_INCREMENT=127 DEFAULT CHARSET=utf8mb4 COMMENT='代码生成业务表字段';

-- ----------------------------
-- Records of gen_table_column
-- ----------------------------
BEGIN;
INSERT INTO `gen_table_column` VALUES (1, '1', 'news_id', '新闻ID', 'int(4)', 'Integer', 'newsId', '1', '1', NULL, '1', NULL, NULL, NULL, 'EQ', 'input', '', 1, 'luna', '2020-09-25 10:55:29', NULL, '2020-09-25 12:21:07');
INSERT INTO `gen_table_column` VALUES (2, '1', 'news_title', '新闻标题', 'varchar(50)', 'String', 'newsTitle', '0', '0', '1', '1', '1', '1', '1', 'EQ', 'input', '', 2, 'luna', '2020-09-25 10:55:29', NULL, '2020-09-25 12:21:07');
INSERT INTO `gen_table_column` VALUES (3, '1', 'news_type', '新闻类型（1通知 2公告）', 'char(1)', 'String', 'newsType', '0', '0', '1', '1', '1', '1', '1', 'EQ', 'select', 'sys_news_type', 3, 'luna', '2020-09-25 10:55:29', NULL, '2020-09-25 12:21:07');
INSERT INTO `gen_table_column` VALUES (4, '1', 'news_content', '新闻内容', 'varchar(2000)', 'String', 'newsContent', '0', '0', NULL, '1', '1', '1', '1', 'LIKE', 'summernote', '', 4, 'luna', '2020-09-25 10:55:29', NULL, '2020-09-25 12:21:07');
INSERT INTO `gen_table_column` VALUES (5, '1', 'status', '新闻状态（0正常 1关闭）', 'char(1)', 'String', 'status', '0', '0', NULL, '1', '1', '1', '1', 'EQ', 'radio', 'sys_news_status', 5, 'luna', '2020-09-25 10:55:29', NULL, '2020-09-25 12:21:07');
INSERT INTO `gen_table_column` VALUES (6, '1', 'create_by', '创建者', 'varchar(64)', 'String', 'createBy', '0', '0', NULL, '1', NULL, NULL, NULL, 'EQ', 'input', '', 6, 'luna', '2020-09-25 10:55:29', NULL, '2020-09-25 12:21:07');
INSERT INTO `gen_table_column` VALUES (7, '1', 'create_time', '创建时间', 'datetime', 'Date', 'createTime', '0', '0', NULL, '1', NULL, NULL, NULL, 'EQ', 'datetime', '', 7, 'luna', '2020-09-25 10:55:29', NULL, '2020-09-25 12:21:07');
INSERT INTO `gen_table_column` VALUES (8, '1', 'update_by', '更新者', 'varchar(64)', 'String', 'updateBy', '0', '0', NULL, '1', '1', NULL, NULL, 'EQ', 'input', '', 8, 'luna', '2020-09-25 10:55:29', NULL, '2020-09-25 12:21:07');
INSERT INTO `gen_table_column` VALUES (9, '1', 'update_time', '更新时间', 'datetime', 'Date', 'updateTime', '0', '0', NULL, '1', '1', NULL, NULL, 'EQ', 'datetime', '', 9, 'luna', '2020-09-25 10:55:29', NULL, '2020-09-25 12:21:07');
INSERT INTO `gen_table_column` VALUES (10, '1', 'remark', '备注', 'varchar(255)', 'String', 'remark', '0', '0', NULL, '1', '1', '1', NULL, 'EQ', 'input', '', 10, 'luna', '2020-09-25 10:55:29', NULL, '2020-09-25 12:21:07');
INSERT INTO `gen_table_column` VALUES (71, '7', 'blog_id', '博客ID', 'int(4)', 'Integer', 'blogId', '1', '1', NULL, '1', NULL, NULL, NULL, 'EQ', 'input', '', 1, 'admin', '2020-10-06 15:33:42', NULL, '2020-10-06 16:06:49');
INSERT INTO `gen_table_column` VALUES (72, '7', 'blog_title', '博客标题', 'varchar(50)', 'String', 'blogTitle', '0', '0', '1', '1', '1', '1', '1', 'EQ', 'input', '', 2, 'admin', '2020-10-06 15:33:42', NULL, '2020-10-06 16:06:49');
INSERT INTO `gen_table_column` VALUES (73, '7', 'blog_type', '博客类型（1音乐 2旅行 3时尚 4特征）', 'char(1)', 'String', 'blogType', '0', '0', '1', '1', '1', '1', '1', 'EQ', 'select', 'sys_blog_type', 3, 'admin', '2020-10-06 15:33:42', NULL, '2020-10-06 16:06:49');
INSERT INTO `gen_table_column` VALUES (74, '7', 'blog_content', '博客内容', 'varchar(10000)', 'String', 'blogContent', '0', '0', '1', '1', '1', '1', '1', 'EQ', 'summernote', '', 4, 'admin', '2020-10-06 15:33:42', NULL, '2020-10-06 16:06:49');
INSERT INTO `gen_table_column` VALUES (75, '7', 'blog_picture', '博客封面', 'varchar(255)', 'String', 'blogPicture', '0', '0', '1', '1', '1', '1', '1', 'EQ', 'upload', '', 5, 'admin', '2020-10-06 15:33:42', NULL, '2020-10-06 16:06:49');
INSERT INTO `gen_table_column` VALUES (76, '7', 'blog_simple', '博客简介', 'varchar(2000)', 'String', 'blogSimple', '0', '0', '1', '1', '1', '1', '1', 'EQ', 'textarea', '', 6, 'admin', '2020-10-06 15:33:42', NULL, '2020-10-06 16:06:49');
INSERT INTO `gen_table_column` VALUES (77, '7', 'status', '博客状态（0正常 1关闭）', 'char(1)', 'String', 'status', '0', '0', '1', '1', '1', '1', '1', 'EQ', 'radio', 'sys_blog_status', 7, 'admin', '2020-10-06 15:33:42', NULL, '2020-10-06 16:06:49');
INSERT INTO `gen_table_column` VALUES (78, '7', 'create_by', '创建者', 'varchar(64)', 'String', 'createBy', '0', '0', '1', '1', NULL, '1', '1', 'EQ', 'input', '', 8, 'admin', '2020-10-06 15:33:42', NULL, '2020-10-06 16:06:49');
INSERT INTO `gen_table_column` VALUES (79, '7', 'create_time', '创建时间', 'datetime', 'Date', 'createTime', '0', '0', '1', '1', NULL, '1', '1', 'EQ', 'datetime', '', 9, 'admin', '2020-10-06 15:33:42', NULL, '2020-10-06 16:06:50');
INSERT INTO `gen_table_column` VALUES (80, '7', 'update_by', '更新者', 'varchar(64)', 'String', 'updateBy', '0', '0', '1', '1', '1', NULL, NULL, 'EQ', 'input', '', 10, 'admin', '2020-10-06 15:33:42', NULL, '2020-10-06 16:06:50');
INSERT INTO `gen_table_column` VALUES (81, '7', 'update_time', '更新时间', 'datetime', 'Date', 'updateTime', '0', '0', '1', '1', '1', NULL, NULL, 'EQ', 'datetime', '', 11, 'admin', '2020-10-06 15:33:42', NULL, '2020-10-06 16:06:50');
INSERT INTO `gen_table_column` VALUES (82, '7', 'remark', '备注', 'varchar(255)', 'String', 'remark', '0', '0', '1', '1', '1', '1', '1', 'EQ', 'input', '', 12, 'admin', '2020-10-06 15:33:43', NULL, '2020-10-06 16:06:50');
INSERT INTO `gen_table_column` VALUES (97, '11', 'author_id', '主页介绍id', 'int(4)', 'Integer', 'authorId', '1', '1', NULL, '1', '1', '1', '1', 'EQ', 'input', '', 1, 'admin', '2020-10-11 15:12:40', NULL, '2020-10-13 14:49:35');
INSERT INTO `gen_table_column` VALUES (98, '11', 'blog_id', '主页介绍博客Id', 'bigint(20)', 'Long', 'blogId', '0', '0', '1', '1', '1', '1', '1', 'EQ', 'input', '', 2, 'admin', '2020-10-11 15:12:40', NULL, '2020-10-13 14:49:35');
INSERT INTO `gen_table_column` VALUES (99, '11', 'create_time', '创建时间', 'datetime', 'Date', 'createTime', '0', '0', '1', '1', NULL, NULL, NULL, 'EQ', 'datetime', '', 3, 'admin', '2020-10-11 15:12:40', NULL, '2020-10-13 14:49:35');
INSERT INTO `gen_table_column` VALUES (100, '11', 'update_time', '更新时间', 'datetime', 'Date', 'updateTime', '0', '0', '1', '1', '1', NULL, NULL, 'EQ', 'datetime', '', 4, 'admin', '2020-10-11 15:12:40', NULL, '2020-10-13 14:49:35');
INSERT INTO `gen_table_column` VALUES (101, '11', 'create_by', '创建者', 'varchar(64)', 'String', 'createBy', '0', '0', '1', '1', NULL, NULL, NULL, 'EQ', 'input', '', 5, 'admin', '2020-10-11 15:12:40', NULL, '2020-10-13 14:49:35');
INSERT INTO `gen_table_column` VALUES (102, '11', 'update_by', '更新者', 'varchar(64)', 'String', 'updateBy', '0', '0', '1', '1', '1', NULL, NULL, 'EQ', 'input', '', 6, 'admin', '2020-10-11 15:12:40', NULL, '2020-10-13 14:49:35');
INSERT INTO `gen_table_column` VALUES (103, '11', 'remark', '备注', 'varchar(255)', 'String', 'remark', '0', '0', NULL, '1', '1', '1', NULL, 'EQ', 'input', '', 7, 'admin', '2020-10-11 15:12:40', NULL, '2020-10-13 14:49:35');
INSERT INTO `gen_table_column` VALUES (110, '13', 'team_id', '团队人员编号', 'int(4)', 'Integer', 'teamId', '1', '1', NULL, '1', NULL, '1', '1', 'EQ', 'input', '', 1, 'admin', '2020-10-11 15:22:30', NULL, '2020-10-11 15:38:43');
INSERT INTO `gen_table_column` VALUES (111, '13', 'team_name', '团队成员姓名', 'varchar(4)', 'String', 'teamName', '0', '0', '1', '1', '1', '1', '1', 'LIKE', 'input', '', 2, 'admin', '2020-10-11 15:22:30', NULL, '2020-10-11 15:38:43');
INSERT INTO `gen_table_column` VALUES (112, '13', 'post_id', '岗位编号', 'bigint(20)', 'Long', 'postId', '0', '0', '1', '1', '1', '1', '1', 'EQ', 'input', '', 3, 'admin', '2020-10-11 15:22:30', NULL, '2020-10-11 15:38:43');
INSERT INTO `gen_table_column` VALUES (113, '13', 'team_des', '个人介绍', 'varchar(255)', 'String', 'teamDes', '0', '0', '1', '1', '1', '1', '1', 'EQ', 'summernote', '', 4, 'admin', '2020-10-11 15:22:31', NULL, '2020-10-11 15:38:43');
INSERT INTO `gen_table_column` VALUES (114, '13', 'team_picture', '个人照片', 'varchar(255)', 'String', 'teamPicture', '0', '0', '1', '1', '1', '1', '1', 'EQ', 'upload', '', 5, 'admin', '2020-10-11 15:22:31', NULL, '2020-10-11 15:38:43');
INSERT INTO `gen_table_column` VALUES (115, '13', 'create_time', '创建时间', 'datetime', 'Date', 'createTime', '0', '0', '1', '1', NULL, NULL, NULL, 'EQ', 'datetime', '', 6, 'admin', '2020-10-11 15:22:31', NULL, '2020-10-11 15:38:43');
INSERT INTO `gen_table_column` VALUES (116, '13', 'update_time', '更新时间', 'datetime', 'Date', 'updateTime', '0', '0', '1', '1', '1', NULL, NULL, 'EQ', 'datetime', '', 7, 'admin', '2020-10-11 15:22:31', NULL, '2020-10-11 15:38:43');
INSERT INTO `gen_table_column` VALUES (117, '13', 'create_by', '创建者', 'varchar(64)', 'String', 'createBy', '0', '0', '1', '1', NULL, NULL, NULL, 'EQ', 'input', '', 8, 'admin', '2020-10-11 15:22:31', NULL, '2020-10-11 15:38:44');
INSERT INTO `gen_table_column` VALUES (118, '13', 'update_by', '更新者', 'varchar(64)', 'String', 'updateBy', '0', '0', '1', '1', '1', NULL, NULL, 'EQ', 'input', '', 9, 'admin', '2020-10-11 15:22:31', NULL, '2020-10-11 15:38:44');
INSERT INTO `gen_table_column` VALUES (119, '13', 'remark', '备注', 'varchar(255)', 'String', 'remark', '0', '0', NULL, '1', '1', '1', NULL, 'EQ', 'input', '', 10, 'admin', '2020-10-11 15:22:31', NULL, '2020-10-11 15:38:44');
INSERT INTO `gen_table_column` VALUES (120, '14', 'recently_id', '最近记录id', 'int(4)', 'Integer', 'recentlyId', '1', '1', NULL, '1', NULL, '1', '1', 'EQ', 'input', '', 1, 'admin', '2020-10-11 15:50:31', NULL, '2020-10-11 15:54:01');
INSERT INTO `gen_table_column` VALUES (121, '14', 'blog_id', '最近博客Id', 'int(4)', 'Integer', 'blogId', '0', '0', '1', '1', '1', '1', '1', 'EQ', 'input', '', 2, 'admin', '2020-10-11 15:50:31', NULL, '2020-10-11 15:54:01');
INSERT INTO `gen_table_column` VALUES (122, '14', 'create_time', '创建时间', 'datetime', 'Date', 'createTime', '0', '0', '1', '1', NULL, NULL, NULL, 'EQ', 'datetime', '', 3, 'admin', '2020-10-11 15:50:31', NULL, '2020-10-11 15:54:01');
INSERT INTO `gen_table_column` VALUES (123, '14', 'update_time', '更新时间', 'datetime', 'Date', 'updateTime', '0', '0', '1', '1', '1', NULL, NULL, 'EQ', 'datetime', '', 4, 'admin', '2020-10-11 15:50:32', NULL, '2020-10-11 15:54:01');
INSERT INTO `gen_table_column` VALUES (124, '14', 'create_by', '创建者', 'varchar(64)', 'String', 'createBy', '0', '0', '1', '1', NULL, NULL, NULL, 'EQ', 'input', '', 5, 'admin', '2020-10-11 15:50:32', NULL, '2020-10-11 15:54:01');
INSERT INTO `gen_table_column` VALUES (125, '14', 'update_by', '更新者', 'varchar(64)', 'String', 'updateBy', '0', '0', '1', '1', '1', NULL, NULL, 'EQ', 'input', '', 6, 'admin', '2020-10-11 15:50:32', NULL, '2020-10-11 15:54:01');
INSERT INTO `gen_table_column` VALUES (126, '14', 'remark', '备注', 'varchar(255)', 'String', 'remark', '0', '0', NULL, '1', '1', '1', NULL, 'EQ', 'input', '', 7, 'admin', '2020-10-11 15:50:32', NULL, '2020-10-11 15:54:01');
COMMIT;

-- ----------------------------
-- Table structure for sys_author_main
-- ----------------------------
DROP TABLE IF EXISTS `sys_author_main`;
CREATE TABLE `sys_author_main` (
  `author_id` int(4) NOT NULL AUTO_INCREMENT COMMENT '主页介绍id',
  `blog_id` bigint(20) NOT NULL COMMENT '主页介绍博客Id',
  `create_time` datetime NOT NULL COMMENT '创建时间',
  `update_time` datetime DEFAULT NULL COMMENT '更新时间',
  `create_by` varchar(64) CHARACTER SET utf8mb4 NOT NULL DEFAULT '' COMMENT '创建者',
  `update_by` varchar(64) CHARACTER SET utf8mb4 NOT NULL DEFAULT '' COMMENT '更新者',
  `remark` varchar(255) CHARACTER SET utf8mb4 DEFAULT NULL COMMENT '备注',
  PRIMARY KEY (`author_id`) USING BTREE
) ENGINE=InnoDB AUTO_INCREMENT=6 DEFAULT CHARSET=utf8 COMMENT='主页介绍板块';

-- ----------------------------
-- Records of sys_author_main
-- ----------------------------
BEGIN;
INSERT INTO `sys_author_main` VALUES (1, 10, '2020-10-07 13:51:36', '2020-10-07 13:51:36', 'admin', 'admin', NULL);
INSERT INTO `sys_author_main` VALUES (2, 11, '2020-10-07 14:22:46', '2020-10-07 14:22:46', 'admin', 'admin', NULL);
INSERT INTO `sys_author_main` VALUES (3, 13, '2020-10-08 19:53:31', '2020-10-08 19:53:31', 'admin', 'admin', NULL);
INSERT INTO `sys_author_main` VALUES (4, 14, '2020-10-08 19:53:34', '2020-10-08 19:53:34', 'admin', 'admin', NULL);
INSERT INTO `sys_author_main` VALUES (5, 15, '2020-10-08 19:53:39', '2020-10-08 19:53:39', 'admin', 'admin', NULL);
COMMIT;

-- ----------------------------
-- Table structure for sys_author_team
-- ----------------------------
DROP TABLE IF EXISTS `sys_author_team`;
CREATE TABLE `sys_author_team` (
  `team_id` int(4) NOT NULL AUTO_INCREMENT COMMENT '团队成员编号',
  `team_name` varchar(4) NOT NULL COMMENT '团队成员姓名',
  `post_id` bigint(20) DEFAULT NULL COMMENT '岗位编号',
  `team_des` varchar(255) DEFAULT NULL COMMENT '个人介绍',
  `team_picture` varchar(255) DEFAULT NULL COMMENT '个人照片',
  `create_time` datetime NOT NULL COMMENT '创建时间',
  `update_time` datetime NOT NULL COMMENT '更新时间',
  `create_by` varchar(64) CHARACTER SET utf8mb4 NOT NULL DEFAULT '' COMMENT '创建者',
  `update_by` varchar(64) CHARACTER SET utf8mb4 NOT NULL DEFAULT '' COMMENT '更新者',
  `remark` varchar(255) CHARACTER SET utf8mb4 DEFAULT NULL COMMENT '备注',
  PRIMARY KEY (`team_id`) USING BTREE
) ENGINE=InnoDB AUTO_INCREMENT=6 DEFAULT CHARSET=utf8 COMMENT='团队介绍板块';

-- ----------------------------
-- Records of sys_author_team
-- ----------------------------
BEGIN;
INSERT INTO `sys_author_team` VALUES (1, '张三', 2, 'xxxxxxxxxxxxxxxxxxx', 'http://localhost:8080/yttv/profile/upload/2020/10/11/c0898b35-7b40-4896-aa14-9a740d7d89ca.JPG', '2020-10-07 13:51:36', '2020-10-11 15:41:15', 'admin', 'admin', NULL);
INSERT INTO `sys_author_team` VALUES (2, '李四', 3, 'xxxxxxxxxxxx', 'http://localhost:8080/yttv/profile/upload/2020/10/11/c0898b35-7b40-4896-aa14-9a740d7d89ca.JPG', '2020-10-07 14:22:46', '2020-10-11 15:20:50', 'admin', 'admin', NULL);
INSERT INTO `sys_author_team` VALUES (3, '小花', 4, 'xxxxxxxxxxxxxxxxxxx', 'http://localhost:8080/yttv/profile/upload/2020/10/11/c0898b35-7b40-4896-aa14-9a740d7d89ca.JPG', '2020-10-08 19:53:31', '2020-10-08 19:53:31', 'admin', 'admin', NULL);
INSERT INTO `sys_author_team` VALUES (4, '李明', 5, 'xxxxxxxxxxxx', 'http://localhost:8080/yttv/profile/upload/2020/10/11/c0898b35-7b40-4896-aa14-9a740d7d89ca.JPG', '2020-10-08 19:53:34', '2020-10-08 19:53:34', 'admin', 'admin', NULL);
INSERT INTO `sys_author_team` VALUES (5, '王五', 1, 'xxxxxxxxxxxxxxxxxxx', 'http://localhost:8080/yttv/profile/upload/2020/10/11/c0898b35-7b40-4896-aa14-9a740d7d89ca.JPG', '2020-10-08 19:53:39', '2020-10-08 19:53:39', 'admin', 'admin', NULL);
COMMIT;

-- ----------------------------
-- Table structure for sys_blog
-- ----------------------------
DROP TABLE IF EXISTS `sys_blog`;
CREATE TABLE `sys_blog` (
  `blog_id` bigint(20) NOT NULL AUTO_INCREMENT COMMENT '博客ID',
  `blog_title` varchar(50) NOT NULL COMMENT '博客标题',
  `blog_type` char(1) NOT NULL COMMENT '博客类型（1音乐 2旅行 3时尚 4特征）',
  `blog_content` varchar(10000) NOT NULL COMMENT '博客内容',
  `blog_picture` varchar(255) DEFAULT NULL COMMENT '博客封面',
  `blog_simple` varchar(2000) NOT NULL COMMENT '博客简介',
  `status` char(1) NOT NULL DEFAULT '0' COMMENT '博客状态（0正常 1关闭）',
  `create_by` varchar(64) NOT NULL DEFAULT '' COMMENT '创建者',
  `create_time` datetime NOT NULL COMMENT '创建时间',
  `update_by` varchar(64) NOT NULL DEFAULT '' COMMENT '更新者',
  `update_time` datetime NOT NULL COMMENT '更新时间',
  `remark` varchar(255) DEFAULT NULL COMMENT '备注',
  PRIMARY KEY (`blog_id`) USING BTREE
) ENGINE=InnoDB AUTO_INCREMENT=145 DEFAULT CHARSET=utf8mb4 COMMENT='博客展示表';

-- ----------------------------
-- Records of sys_blog
-- ----------------------------
BEGIN;
INSERT INTO `sys_blog` VALUES (10, 'Last Dance – 伍佰 & China Blue', '1', '<p><footer class=\"entry-footer\" style=\"box-sizing: inherit; display: block; background-color: rgb(247, 247, 247); color: rgba(51, 51, 51, 0.7); font-family: &quot;Noto Sans&quot;, sans-serif; font-size: 1.6rem; line-height: 1.5; padding: 41.2625px 82.525px; font-style: normal; font-variant-ligatures: normal; font-variant-caps: normal; font-weight: 400; letter-spacing: normal; orphans: 2; text-align: start; text-indent: 0px; text-transform: none; white-space: normal; widows: 2; word-spacing: 0px; -webkit-text-stroke-width: 0px; text-decoration-style: initial; text-decoration-color: initial;\"><span class=\"posted-on\" style=\"box-sizing: inherit; border: 0px; font-family: inherit; font-size: 16px; font-style: inherit; font-weight: inherit; margin: 0px 1em 0px 0px; outline: 0px; padding: 0px; vertical-align: baseline;\"></span></footer></p><div class=\"entry-content\" style=\"box-sizing: inherit; border: 0px; font-family: &quot;Noto Serif&quot;, serif; font-size: 19px; font-style: normal; font-weight: 400; margin: 0px; outline: 0px; padding: 0px 82.525px 82.525px; vertical-align: baseline; overflow-wrap: break-word; color: rgb(51, 51, 51); font-variant-ligatures: normal; font-variant-caps: normal; letter-spacing: normal; orphans: 2; text-align: start; text-indent: 0px; text-transform: none; white-space: normal; widows: 2; word-spacing: 0px; -webkit-text-stroke-width: 0px; text-decoration-style: initial; text-decoration-color: initial;\"><p style=\"box-sizing: inherit; border: 0px; font-family: inherit; font-size: 19px; font-style: inherit; font-weight: inherit; margin: 0px 0px 1.6842em; outline: 0px; padding: 0px; vertical-align: baseline;\">看剧时获悉这首歌。来自前几集疯狂吐槽，从安平十三妹开始渐入佳境，看完后直接在豆瓣给到满星的台剧《想见你》。<br style=\"box-sizing: inherit;\"><br style=\"box-sizing: inherit;\">NAS 24小时不间断下载再加上疫情在家，最近影视剧看的比较多，把《命运石之门0》给补完后，没想到立刻还能碰到一部类似题材且同样精彩的真人剧，让从不看台湾偶像剧的我大吃一惊。不仅如此，那么大年纪了看完还能有点小中毒，程度不轻，一整年没更博客的我都又上线了。</p><div class=\"wp-block-group\" style=\"box-sizing: inherit; border: 0px; font-family: inherit; font-size: 19px; font-style: inherit; font-weight: inherit; margin: 0px; outline: 0px; padding: 0px; vertical-align: baseline;\"><div class=\"wp-block-group__inner-container\" style=\"box-sizing: inherit; border: 0px; font-family: inherit; font-size: 19px; font-style: inherit; font-weight: inherit; margin: 0px; outline: 0px; padding: 0px; vertical-align: baseline;\"><p class=\"has-text-align-center\" style=\"box-sizing: inherit; border: 0px; font-family: inherit; font-size: 19px; font-style: inherit; font-weight: inherit; margin: 0px 0px 1.6842em; outline: 0px; padding: 0px; vertical-align: baseline; text-align: center;\">歌曲地址：<a href=\"https://www.xiami.com/song/59454\" style=\"box-sizing: inherit; border-width: 0px 0px 1px; border-top-style: initial; border-right-style: initial; border-bottom-style: solid; border-left-style: initial; border-top-color: initial; border-right-color: initial; border-bottom-color: rgb(51, 51, 51); border-left-color: initial; border-image: initial; font-family: inherit; font-size: 19px; font-style: inherit; font-weight: inherit; margin: 0px; outline: 0px; padding: 0px; vertical-align: baseline; color: rgb(51, 51, 51); text-decoration: none;\">https://www.xiami.com/song/59454</a></p><p class=\"has-text-align-center\" style=\"box-sizing: inherit; border: 0px; font-family: inherit; font-size: 19px; font-style: inherit; font-weight: inherit; margin: 0px 0px 1.6842em; outline: 0px; padding: 0px; vertical-align: baseline; text-align: center;\"><iframe src=\"https://player.bilibili.com/player.html?aid=84128983&amp;cid=143914094&amp;page=1\" scrolling=\"no\" border=\"0\" frameborder=\"no\" framespacing=\"0\" allowfullscreen=\"true\" __idm_id__=\"752122881\" style=\"box-sizing: inherit; border: 0px; font-family: inherit; font-size: 19px; font-style: inherit; font-weight: inherit; margin: 0px; outline: 0px; padding: 0px; vertical-align: middle; max-width: 100%;\"></iframe></p></div></div><p style=\"box-sizing: inherit; border: 0px; font-family: inherit; font-size: 19px; font-style: inherit; font-weight: inherit; margin: 0px 0px 1.6842em; outline: 0px; padding: 0px; vertical-align: baseline;\">音乐本身没有太多刻意突出的片段，整个旋律都比较平缓，一耳就能听出的90年代风格也说不上是特色。</p><p style=\"box-sizing: inherit; border: 0px; font-family: inherit; font-size: 19px; font-style: inherit; font-weight: inherit; margin: 0px 0px 1.6842em; outline: 0px; padding: 0px; vertical-align: baseline;\">但是歌曲和剧情相当契合，几乎每一句歌词都能在剧中有所体现。歌曲所说的是离别前的最后一支舞，而歌曲响起的时候又是在过去相见的开始。“所以暂时将你眼睛闭了起来”，“将美丽的回忆慢慢重来”，“明天之后不知道面前的你是否依然爱我”，短短几句基本贯彻了这部剧的主要情节。</p><p style=\"box-sizing: inherit; border: 0px; font-family: inherit; font-size: 19px; font-style: inherit; font-weight: inherit; margin: 0px 0px 1.6842em; outline: 0px; padding: 0px; vertical-align: baseline;\">毒就毒在在时空交织的过程中，有很多切实发生的故事和记忆，最后总会消逝，<strong style=\"box-sizing: inherit; border: 0px; font-family: inherit; font-size: 19px; font-style: inherit; font-weight: 700; margin: 0px; outline: 0px; padding: 0px; vertical-align: baseline;\">结束和新的开始永远是这物理世界的规律</strong>。对影片中的人来说是这样，对影片外的我们也是如此。观影也是离别的过程，一部让人深深代入的影片结束之时，就是你与影片中人物的永久分离，最后带着这份&lt;共同&gt;记忆的，也只有你一个人。</p><p style=\"box-sizing: inherit; border: 0px; font-family: inherit; font-size: 19px; font-style: inherit; font-weight: inherit; margin: 0px 0px 1.6842em; outline: 0px; padding: 0px; vertical-align: baseline;\">离别是痛苦的，即使只是一对小情侣短时间分离两地，也能让两人哭个泪眼婆娑。疫情之下，不知有多少人是突然的永别，也难以想象这份悲伤有多么巨大。网上看到一句话，说，<strong style=\"box-sizing: inherit; border: 0px; font-family: inherit; font-size: 19px; font-style: inherit; font-weight: 700; margin: 0px; outline: 0px; padding: 0px; vertical-align: baseline;\">说不定你所遇之人，也是打破了一个个闭环才能与你相见，定要好好珍惜。</strong></p><p style=\"box-sizing: inherit; border: 0px; font-family: inherit; font-size: 19px; font-style: inherit; font-weight: inherit; margin: 0px; outline: 0px; padding: 0px; vertical-align: baseline;\">当然了，是要以快乐的心情去珍惜这一切。同款耳机 UiiSii 云仕 U8 已到货，配上 Sony Walkman WM-2 的 n 代继承者 WM1A，有那味儿了。</p></div>', 'http://luna.vaiwan.com/yttv/profile/upload/2020/10/13/16cbbf1b-e187-4635-9ce0-6d6ec6d928a5.png', '看剧时获悉这首歌。来自前几集疯狂吐槽，从安平十三妹开始渐入佳境，看完后直接在豆瓣给到满星的台剧《想见你》。', '0', 'admin', '2020-10-07 14:21:51', 'admin', '2020-10-13 14:13:48', NULL);
INSERT INTO `sys_blog` VALUES (11, '全力以赴高质量打赢脱贫攻坚战！', '4', '<p style=\"padding: 0px; margin: 10px auto 0px; border: 0px; font-size: 14px; outline: 0px; text-indent: 2em; line-height: 27px; color: rgb(70, 70, 70); font-family: simsun, arial;\">10月12日上午，市长曹路宝到挂钩帮扶的经济薄弱村响水县徐洪村走访慰问困难群众、调研脱贫攻坚工作，强调要深入学习贯彻习近平总书记重要讲话精神，始终坚持以人民为中心，大力实施乡村振兴战略，以有效措施巩固脱贫、防止返贫，奋力夺取脱贫攻坚战的最终胜利。</p><p style=\"padding: 0px; margin: 10px auto 0px; border: 0px; font-size: 14px; outline: 0px; text-indent: 2em; line-height: 27px; color: rgb(70, 70, 70); font-family: simsun, arial;\">遍野黄金稻，满目丰收景。曹路宝来到小尖镇徐洪村低收入农户家中，送上市委市政府的关心和温暖。陈永夫妇长期患病，曹路宝勉励他们坚定信心，相信生活会越来越好。82岁的季言法动过3次手术，行动不便；汪秀云今年77岁，丈夫、儿子患病去世，独自一人生活。曹路宝仔细询问生活情况，要求镇村负责同志重点关注特别困难群众，精准帮扶易贫返贫群体，确保在全面脱贫奔小康的路上一个不少、一户不落。</p><p style=\"padding: 0px; margin: 10px auto 0px; border: 0px; font-size: 14px; outline: 0px; text-indent: 2em; line-height: 27px; color: rgb(70, 70, 70); font-family: simsun, arial;\">在徐洪村党群服务中心，曹路宝主持召开座谈会，与县、镇、村负责同志和群众代表深入交流，了解脱贫攻坚工作情况，对当地干群联系紧密、村容村貌越来越好、群众生活条件改善表示肯定。他强调，今年是决胜全面小康、决战脱贫攻坚的收官之年，各级干部要深入贯彻落实党和国家决策部署，深入基层听民声，进村入户访民情，帮助解决实际困难，坚决打赢脱贫攻坚战。小尖镇、徐洪村要充分发挥区位交通优势，围绕主干道路发展服务业等产业，推动乡村全面振兴，以提升整体发展水平带动脱贫。要更大力度推动农民住房条件改善，切实转变思想观念，按照市委市政府明确要求，鼓励群众进城入镇，嵌入式、插花式建设集中居住点，推动新老村庄有机融合。要创造更多就业创业机会，鼓励村民返乡兴业，激发脱贫内生动力，多措并举扩大增收渠道，以脱贫攻坚的过硬工作成果交上一份满意答卷。</p><p style=\"padding: 0px; margin: 10px auto 0px; border: 0px; font-size: 14px; outline: 0px; text-indent: 2em; line-height: 27px; color: rgb(70, 70, 70); font-family: simsun, arial;\">204国道改道后穿越徐洪村，曹路宝对照图纸现场察看工程建设进度，了解线路走向、服务区选址等情况，要求高标准高质量建设，确保这条幸福大道早日通车。他指出，响水县要顺应204国道改道带来的城市格局变化，转变发展思路，推动县城与小尖镇相向而行、一体化发展，形成整体发展良好格局。曹路宝还察看了陈家港镇六港村新型社区和草港河道疏浚等项目建设，肯定了响水按流域治理乡村河道的思路与工作成效，要求加快完善配套设施，加强农村河道治理力度，努力打造农村新型社区样板。</p><p style=\"padding: 0px; margin: 10px auto 0px; border: 0px; font-size: 14px; outline: 0px; text-indent: 2em; line-height: 27px; color: rgb(70, 70, 70); font-family: simsun, arial;\">市政府秘书长郭玉生参加。</p>', 'http://luna.vaiwan.com/yttv/profile/upload/2020/10/11/1c92565f-396a-4b09-bdb9-32631f2f6dc4.JPG', '10月12日上午，市长曹路宝到挂钩帮扶的经济薄弱村响水县徐洪村走访慰问困难群众、调研脱贫攻坚工作，强调要深入学习贯彻习近平总书记重要讲话精神，始终坚持以人民', '0', 'admin', '2020-10-06 15:57:11', 'admin', '2020-10-13 12:05:45', NULL);
INSERT INTO `sys_blog` VALUES (12, '世界上8个最惊心动魄的景点', '2', '<p style=\"margin-bottom: 16px; color: rgb(68, 68, 68); font-family: &quot;Microsoft Yahei&quot;, &quot;Helvetica Neue&quot;, Helvetica, Arial, sans-serif; font-size: 15px;\">小伙伴们，每到假期是不是都有些烦躁呢？因为不知道要怎么度过，想要出去玩时，但是一想到那些景点人满为患就瞬间没了兴致。不过，还是有一些风景独到的地方并没有那么多人哟。如果你不恐高，够勇敢，想要看到不一样的风景的话，就仔细看看今天置顶表情小编给你介绍的世界上令人惊心动魄的八个景点吧！</p><h2 style=\"font-family: &quot;Microsoft Yahei&quot;, &quot;Helvetica Neue&quot;, Helvetica, Arial, sans-serif; line-height: 18px; color: rgb(68, 68, 68); margin: 16px 0px; font-size: 18px; padding: 10px 0px; border-bottom: 1px solid rgb(238, 238, 238);\">挪威布道石</h2><p style=\"margin-bottom: 16px; color: rgb(68, 68, 68); font-family: &quot;Microsoft Yahei&quot;, &quot;Helvetica Neue&quot;, Helvetica, Arial, sans-serif; font-size: 15px;\"><img title=\"世界上8个最惊心动魄的景点(图1)\" class=\"alignnone size-full wp-image-8691\" src=\"http://www.wenib.com/uploads/ueditor/20190221/5c6e03a7583e0.png\" alt=\"世界上8个最惊心动魄的景点--置顶表情\" width=\"700\" height=\"880\" data-tag=\"bdshare\" style=\"max-width: 100%; margin: 0px auto 20px; display: block; height: auto;\"></p><p style=\"margin-bottom: 16px; color: rgb(68, 68, 68); font-family: &quot;Microsoft Yahei&quot;, &quot;Helvetica Neue&quot;, Helvetica, Arial, sans-serif; font-size: 15px;\"><img title=\"世界上8个最惊心动魄的景点(图2)\" class=\"alignnone size-full wp-image-8692\" src=\"http://www.wenib.com/uploads/ueditor/20190221/5c6e03a759514.png\" alt=\"世界上8个最惊心动魄的景点--置顶表情\" width=\"700\" height=\"522\" data-tag=\"bdshare\" style=\"max-width: 100%; margin: 0px auto 20px; display: block; height: auto;\"><br>地处挪威南部，靠近斯塔万格市的吕瑟峡湾中部，是一道悬崖断壁，高604米，直立于峡湾深处的崇山峻岭中，顶部有25平方米的平台，在这里，你可以俯瞰蜿蜒美丽的峡湾，远处起伏苍翠的山峦，不过，这个平台周围是没有围栏的，所以如果你没有足够的心理准备还是不要上去哦！</p><p style=\"margin-bottom: 16px; color: rgb(68, 68, 68); font-family: &quot;Microsoft Yahei&quot;, &quot;Helvetica Neue&quot;, Helvetica, Arial, sans-serif; font-size: 15px;\">&nbsp;</p><h2 style=\"font-family: &quot;Microsoft Yahei&quot;, &quot;Helvetica Neue&quot;, Helvetica, Arial, sans-serif; line-height: 18px; color: rgb(68, 68, 68); margin: 16px 0px; font-size: 18px; padding: 10px 0px; border-bottom: 1px solid rgb(238, 238, 238);\">挪威奇迹石</h2><p style=\"margin-bottom: 16px; color: rgb(68, 68, 68); font-family: &quot;Microsoft Yahei&quot;, &quot;Helvetica Neue&quot;, Helvetica, Arial, sans-serif; font-size: 15px;\"><img title=\"世界上8个最惊心动魄的景点(图3)\" class=\"alignnone size-full wp-image-8693\" src=\"http://www.wenib.com/uploads/ueditor/20190221/5c6e03a75a13a.png\" alt=\"世界上8个最惊心动魄的景点--置顶表情\" width=\"700\" height=\"525\" data-tag=\"bdshare\" style=\"max-width: 100%; margin: 0px auto 20px; display: block; height: auto;\"></p><p style=\"margin-bottom: 16px; color: rgb(68, 68, 68); font-family: &quot;Microsoft Yahei&quot;, &quot;Helvetica Neue&quot;, Helvetica, Arial, sans-serif; font-size: 15px;\"><img title=\"世界上8个最惊心动魄的景点(图4)\" class=\"alignnone size-full wp-image-8694\" src=\"http://www.wenib.com/uploads/ueditor/20190221/5c6e03a75d918.png\" alt=\"世界上8个最惊心动魄的景点--置顶表情\" width=\"700\" height=\"875\" data-tag=\"bdshare\" style=\"max-width: 100%; margin: 0px auto 20px; display: block; height: auto;\"><br>座落于挪威谢拉格山，是世界著名的平衡石。挪威谢拉格山海拔为1110米，奇迹石位于984米高的地方，像楔子一样卡在两块巨大的岩石之间，面积约5平方米，下面就是万丈深渊，而且岩石周围也没有防护措施，所以它也被称为“勇敢者之石”。如果你敢上去，谷底的壮丽风光你就会一览无余哟。</p><p style=\"margin-bottom: 16px; color: rgb(68, 68, 68); font-family: &quot;Microsoft Yahei&quot;, &quot;Helvetica Neue&quot;, Helvetica, Arial, sans-serif; font-size: 15px;\">&nbsp;</p><h2 style=\"font-family: &quot;Microsoft Yahei&quot;, &quot;Helvetica Neue&quot;, Helvetica, Arial, sans-serif; line-height: 18px; color: rgb(68, 68, 68); margin: 16px 0px; font-size: 18px; padding: 10px 0px; border-bottom: 1px solid rgb(238, 238, 238);\">挪威山妖舌</h2><p style=\"margin-bottom: 16px; color: rgb(68, 68, 68); font-family: &quot;Microsoft Yahei&quot;, &quot;Helvetica Neue&quot;, Helvetica, Arial, sans-serif; font-size: 15px;\"><img title=\"世界上8个最惊心动魄的景点(图5)\" class=\"alignnone size-full wp-image-8695\" src=\"http://www.wenib.com/uploads/ueditor/20190221/5c6e03a75e379.png\" alt=\"世界上8个最惊心动魄的景点--置顶表情\" width=\"700\" height=\"466\" data-tag=\"bdshare\" style=\"max-width: 100%; margin: 0px auto 20px; display: block; height: auto;\"></p><p style=\"margin-bottom: 16px; color: rgb(68, 68, 68); font-family: &quot;Microsoft Yahei&quot;, &quot;Helvetica Neue&quot;, Helvetica, Arial, sans-serif; font-size: 15px;\"><img title=\"世界上8个最惊心动魄的景点(图6)\" class=\"alignnone size-full wp-image-8696\" src=\"http://www.wenib.com/uploads/ueditor/20190221/5c6e03a761674.png\" alt=\"世界上8个最惊心动魄的景点--置顶表情\" width=\"700\" height=\"544\" data-tag=\"bdshare\" style=\"max-width: 100%; margin: 0px auto 20px; display: block; height: auto;\"><br>挪威名是Trolltunga，其实就是突出悬空的一块巨大岩石，因形状酷似山妖的舌头而得名。地处挪威中南部Hardanger峡湾中部的Odda小镇，位置比较隐秘，去的游客不多，所以你可以一个人坐在伸出长舌的岩石上远眺峡湾美景，静静沉思，静静享受。</p><p style=\"margin-bottom: 16px; color: rgb(68, 68, 68); font-family: &quot;Microsoft Yahei&quot;, &quot;Helvetica Neue&quot;, Helvetica, Arial, sans-serif; font-size: 15px;\">&nbsp;</p><h2 style=\"font-family: &quot;Microsoft Yahei&quot;, &quot;Helvetica Neue&quot;, Helvetica, Arial, sans-serif; line-height: 18px; color: rgb(68, 68, 68); margin: 16px 0px; font-size: 18px; padding: 10px 0px; border-bottom: 1px solid rgb(238, 238, 238);\">美国纸片岩石</h2><p style=\"margin-bottom: 16px; color: rgb(68, 68, 68); font-family: &quot;Microsoft Yahei&quot;, &quot;Helvetica Neue&quot;, Helvetica, Arial, sans-serif; font-size: 15px;\"><img title=\"世界上8个最惊心动魄的景点(图7)\" class=\"alignnone size-full wp-image-8697\" src=\"http://www.wenib.com/uploads/ueditor/20190221/5c6e03a762025.png\" alt=\"世界上8个最惊心动魄的景点--置顶表情\" width=\"700\" height=\"525\" data-tag=\"bdshare\" style=\"max-width: 100%; margin: 0px auto 20px; display: block; height: auto;\"></p><p style=\"margin-bottom: 16px; color: rgb(68, 68, 68); font-family: &quot;Microsoft Yahei&quot;, &quot;Helvetica Neue&quot;, Helvetica, Arial, sans-serif; font-size: 15px;\"><img title=\"世界上8个最惊心动魄的景点(图8)\" class=\"alignnone size-full wp-image-8698\" src=\"http://www.wenib.com/uploads/ueditor/20190221/5c6e03a762a04.png\" alt=\"世界上8个最惊心动魄的景点--置顶表情\" width=\"700\" height=\"525\" data-tag=\"bdshare\" style=\"max-width: 100%; margin: 0px auto 20px; display: block; height: auto;\"><br>位于美国加利福尼亚州的沿海城市圣迭戈附近，这块岩石由于特别薄而得名。有许多游客来到这块看似一折就断的石头上拍照留念，虽然高度只有三米，但是如果把握好角度，就像置身在悬崖边或是云端。虽然距离不高，但是轻松坐在上面也仍然需要勇气。</p><p style=\"margin-bottom: 16px; color: rgb(68, 68, 68); font-family: &quot;Microsoft Yahei&quot;, &quot;Helvetica Neue&quot;, Helvetica, Arial, sans-serif; font-size: 15px;\"><br></p>', 'http://luna.vaiwan.com/yttv/profile/upload/2020/10/13/4b8173b3-10b4-4423-8743-21715fcb9fc8.png', '小伙伴们，每到假期是不是都有些烦躁呢？因为不知道要怎么度过，想要出去玩时，但是一想到那些景点人满为患就瞬间没了兴致。不过，还是有一些风景独到的地方并没有那么多人哟。如果你不恐高，够勇敢，想要看到不一样的风景的话，就仔细看看今天置顶表情小编给你介绍的世界上令人惊心动魄的八个景点吧！', '0', 'admin', '2020-10-08 16:24:17', 'admin', '2020-10-13 14:44:10', NULL);
INSERT INTO `sys_blog` VALUES (15, 'The Mandalorian OST (曼达洛人)- Ludwig Goransson', '1', '<p style=\"box-sizing: inherit; border: 0px; font-family: &quot;Noto Serif&quot;, serif; font-size: 19px; margin-bottom: 1.6842em; outline: 0px; padding: 0px; vertical-align: baseline; color: rgb(51, 51, 51);\">迪士尼这波是真的强，《曼达洛人》五星无疑了，从分镜原画到音乐都美到爆炸。</p><p style=\"box-sizing: inherit; border: 0px; font-family: &quot;Noto Serif&quot;, serif; font-size: 19px; margin-bottom: 1.6842em; outline: 0px; padding: 0px; vertical-align: baseline; color: rgb(51, 51, 51);\">Hans Zimmer，Ramin Djawadi，Ludwig Göransson，大场景科幻/魔幻 OST 的三位大佬。</p><p class=\"has-text-align-center\" style=\"box-sizing: inherit; border: 0px; font-family: &quot;Noto Serif&quot;, serif; font-size: 19px; margin-bottom: 1.6842em; outline: 0px; padding: 0px; vertical-align: baseline; text-align: center; color: rgb(51, 51, 51);\"><iframe src=\"https://player.bilibili.com/player.html?aid=77395893&amp;cid=132396752&amp;page=1\" scrolling=\"no\" border=\"0\" frameborder=\"no\" framespacing=\"0\" allowfullscreen=\"true\" __idm_id__=\"236999683\" style=\"box-sizing: inherit; border-width: 0px; border-style: initial; font-family: inherit; font-style: inherit; font-weight: inherit; margin: 0px; outline: 0px; padding: 0px; vertical-align: middle; max-width: 100%;\"></iframe></p><p style=\"box-sizing: inherit; border: 0px; font-family: &quot;Noto Serif&quot;, serif; font-size: 19px; margin-bottom: 0px; outline: 0px; padding: 0px; vertical-align: baseline; color: rgb(51, 51, 51);\">46秒直击灵魂的 La·Re，同级别震撼的还有《权力的游戏》主题曲里起始的 So·Do，爱哼曲儿的好像对其有一个共同的称呼，唱做 “噔·噔”。</p>', 'http://luna.vaiwan.com/yttv/profile/upload/2020/10/13/f41001f5-a162-4cf8-b650-7701c9cf4e34.jpeg', 'The Mandalorian OST (曼达洛人)- Ludwig Goransson', '0', 'admin', '2020-10-08 16:24:17', 'admin', '2020-10-13 17:54:24', NULL);
INSERT INTO `sys_blog` VALUES (16, '九寨沟', '2', '<h2 style=\'list-style: none; margin: 0px; padding: 0px 0px 0px 30px; text-align: left; color: rgb(0, 0, 0); text-transform: none; line-height: 24px; text-indent: 0px; letter-spacing: normal; font-family: \"Microsoft YaHei\", 微软雅黑, MicrosoftJhengHei, 华文细黑, STHeiti, MingLiu; font-size: 16px; font-style: normal; word-spacing: 0px; white-space: normal; orphans: 2; widows: 2; font-variant-ligatures: normal; font-variant-caps: normal; -webkit-text-stroke-width: 0px; text-decoration-style: initial; text-decoration-color: initial;\'>景区简介：</h2><p><span style=\'text-align: left; color: rgb(0, 0, 0); text-transform: none; text-indent: 0px; letter-spacing: normal; font-family: \"Microsoft YaHei\", 微软雅黑, MicrosoftJhengHei, 华文细黑, STHeiti, MingLiu; font-size: 14px; font-style: normal; font-weight: 400; word-spacing: 0px; float: none; display: inline !important; white-space: normal; orphans: 2; widows: 2; background-color: rgb(255, 255, 255); font-variant-ligatures: normal; font-variant-caps: normal; -webkit-text-stroke-width: 0px; text-decoration-style: initial; text-decoration-color: initial;\'>　　九寨沟以翠海、叠瀑、彩林、雪峰、蓝冰、藏情合为九寨沟“六绝”，享有“童话世界”的美誉。作为中国必去且最美的地方之一，九寨沟因有九个藏族村寨而得名，平均海拔在2千米以上，境内</span><a style=\'list-style: none; margin: 0px; padding: 1px; text-align: left; color: rgb(106, 19, 89); text-transform: none; text-indent: 0px; letter-spacing: normal; font-family: \"Microsoft YaHei\", 微软雅黑, MicrosoftJhengHei, 华文细黑, STHeiti, MingLiu; font-size: 14px; font-style: normal; font-weight: 400; text-decoration: none; word-spacing: 0px; white-space: normal; orphans: 2; widows: 2; font-variant-ligatures: normal; font-variant-caps: normal; -webkit-text-stroke-width: 0px;\' href=\"https://www.meet99.com/jingdian-jiuzhaigoufengjingqu-1820.html\">原始森林</a><span style=\'text-align: left; color: rgb(0, 0, 0); text-transform: none; text-indent: 0px; letter-spacing: normal; font-family: \"Microsoft YaHei\", 微软雅黑, MicrosoftJhengHei, 华文细黑, STHeiti, MingLiu; font-size: 14px; font-style: normal; font-weight: 400; word-spacing: 0px; float: none; display: inline !important; white-space: normal; orphans: 2; widows: 2; background-color: rgb(255, 255, 255); font-variant-ligatures: normal; font-variant-caps: normal; -webkit-text-stroke-width: 0px; text-decoration-style: initial; text-decoration-color: initial;\'>密布，湖泊众多。春之花草，夏之流瀑，秋之红叶，冬之白雪，无不令人叫绝。而这一切，隐居在远离尘嚣的的高原深处，纤尘不染、温柔宁静。蓝天、白云、雪山、森林尽融于瀑布、河、滩，缀成一串串宛若从天而降的珍珠；篝火、烤羊、锅庄伴随着古老的神话传说，传递出藏羌族人民热情豪放的民族性格。</span><br style=\'list-style: none; margin: 0px; padding: 0px; text-align: left; color: rgb(0, 0, 0); text-transform: none; text-indent: 0px; letter-spacing: normal; font-family: \"Microsoft YaHei\", 微软雅黑, MicrosoftJhengHei, 华文细黑, STHeiti, MingLiu; font-size: 14px; font-style: normal; font-weight: 400; word-spacing: 0px; white-space: normal; orphans: 2; widows: 2; font-variant-ligatures: normal; font-variant-caps: normal; -webkit-text-stroke-width: 0px; text-decoration-style: initial; text-decoration-color: initial;\'><span style=\'text-align: left; color: rgb(0, 0, 0); text-transform: none; text-indent: 0px; letter-spacing: normal; font-family: \"Microsoft YaHei\", 微软雅黑, MicrosoftJhengHei, 华文细黑, STHeiti, MingLiu; font-size: 14px; font-style: normal; font-weight: 400; word-spacing: 0px; float: none; display: inline !important; white-space: normal; orphans: 2; widows: 2; background-color: rgb(255, 255, 255); font-variant-ligatures: normal; font-variant-caps: normal; -webkit-text-stroke-width: 0px; text-decoration-style: initial; text-decoration-color: initial;\'>　</span></p><h2 style=\'list-style: none; margin: 0px; padding: 0px 0px 0px 30px; text-align: left; color: rgb(0, 0, 0); text-transform: none; line-height: 24px; text-indent: 0px; letter-spacing: normal; font-family: \"Microsoft YaHei\", 微软雅黑, MicrosoftJhengHei, 华文细黑, STHeiti, MingLiu; font-size: 16px; font-style: normal; word-spacing: 0px; white-space: normal; orphans: 2; widows: 2; font-variant-ligatures: normal; font-variant-caps: normal; -webkit-text-stroke-width: 0px; text-decoration-style: initial; text-decoration-color: initial;\'><font face=\"Helvetica\"></font><br style=\'list-style: none; margin: 0px; padding: 0px; text-align: left; color: rgb(0, 0, 0); text-transform: none; text-indent: 0px; letter-spacing: normal; font-family: \"Microsoft YaHei\", 微软雅黑, MicrosoftJhengHei, 华文细黑, STHeiti, MingLiu; font-size: 14px; font-style: normal; font-weight: 400; word-spacing: 0px; white-space: normal; orphans: 2; widows: 2; font-variant-ligatures: normal; font-variant-caps: normal; -webkit-text-stroke-width: 0px; text-decoration-style: initial; text-decoration-color: initial;\'><span style=\'text-align: left; color: rgb(0, 0, 0); text-transform: none; text-indent: 0px; letter-spacing: normal; font-family: \"Microsoft YaHei\", 微软雅黑, MicrosoftJhengHei, 华文细黑, STHeiti, MingLiu; font-size: 14px; font-style: normal; font-weight: 400; word-spacing: 0px; float: none; display: inline !important; white-space: normal; orphans: 2; widows: 2; background-color: rgb(255, 255, 255); font-variant-ligatures: normal; font-variant-caps: normal; -webkit-text-stroke-width: 0px; text-decoration-style: initial; text-decoration-color: initial;\'>　　</span><br style=\'list-style: none; margin: 0px; padding: 0px; text-align: left; color: rgb(0, 0, 0); text-transform: none; text-indent: 0px; letter-spacing: normal; font-family: \"Microsoft YaHei\", 微软雅黑, MicrosoftJhengHei, 华文细黑, STHeiti, MingLiu; font-size: 14px; font-style: normal; font-weight: 400; word-spacing: 0px; white-space: normal; orphans: 2; widows: 2; font-variant-ligatures: normal; font-variant-caps: normal; -webkit-text-stroke-width: 0px; text-decoration-style: initial; text-decoration-color: initial;\'><span style=\'text-align: left; color: rgb(0, 0, 0); text-transform: none; text-indent: 0px; letter-spacing: normal; font-family: \"Microsoft YaHei\", 微软雅黑, MicrosoftJhengHei, 华文细黑, STHeiti, MingLiu; font-size: 14px; font-style: normal; font-weight: 400; word-spacing: 0px; float: none; display: inline !important; white-space: normal; orphans: 2; widows: 2; background-color: rgb(255, 255, 255); font-variant-ligatures: normal; font-variant-caps: normal; -webkit-text-stroke-width: 0px; text-decoration-style: initial; text-decoration-color: initial;\'>　</span></h2><h2 style=\'list-style: none; margin: 0px; padding: 0px 0px 0px 30px; text-align: left; color: rgb(0, 0, 0); text-transform: none; line-height: 24px; text-indent: 0px; letter-spacing: normal; font-family: \"Microsoft YaHei\", 微软雅黑, MicrosoftJhengHei, 华文细黑, STHeiti, MingLiu; font-size: 16px; font-style: normal; word-spacing: 0px; white-space: normal; orphans: 2; widows: 2; font-variant-ligatures: normal; font-variant-caps: normal; -webkit-text-stroke-width: 0px; text-decoration-style: initial; text-decoration-color: initial;\'><font face=\"Helvetica\"></font><br></h2>', 'http://luna.vaiwan.com/yttv/profile/upload/2020/10/13/604af2d7-e2a4-4f91-9a60-2ce38bf4c098.png', '九寨沟', '0', 'admin', '2020-10-08 16:24:17', 'admin', '2020-10-13 18:20:55', NULL);
INSERT INTO `sys_blog` VALUES (17, '故宫', '2', '<span style=\'text-align: left; color: rgb(0, 0, 0); text-transform: none; text-indent: 0px; letter-spacing: normal; font-family: \"Microsoft YaHei\", 微软雅黑, MicrosoftJhengHei, 华文细黑, STHeiti, MingLiu; font-size: 14px; font-style: normal; font-weight: 400; word-spacing: 0px; float: none; display: inline !important; white-space: normal; orphans: 2; widows: 2; background-color: rgb(255, 255, 255); font-variant-ligatures: normal; font-variant-caps: normal; -webkit-text-stroke-width: 0px; text-decoration-style: initial; text-decoration-color: initial;\'>北京</span><a style=\'list-style: none; margin: 0px; padding: 1px; text-align: left; color: rgb(106, 19, 89); text-transform: none; text-indent: 0px; letter-spacing: normal; font-family: \"Microsoft YaHei\", 微软雅黑, MicrosoftJhengHei, 华文细黑, STHeiti, MingLiu; font-size: 14px; font-style: normal; font-weight: 400; text-decoration: none; word-spacing: 0px; white-space: normal; orphans: 2; widows: 2; font-variant-ligatures: normal; font-variant-caps: normal; -webkit-text-stroke-width: 0px;\' href=\"https://www.meet99.com/jingdian-ForbiddenCity-111166.html\">故宫</a><span style=\'text-align: left; color: rgb(0, 0, 0); text-transform: none; text-indent: 0px; letter-spacing: normal; font-family: \"Microsoft YaHei\", 微软雅黑, MicrosoftJhengHei, 华文细黑, STHeiti, MingLiu; font-size: 14px; font-style: normal; font-weight: 400; word-spacing: 0px; float: none; display: inline !important; white-space: normal; orphans: 2; widows: 2; background-color: rgb(255, 255, 255); font-variant-ligatures: normal; font-variant-caps: normal; -webkit-text-stroke-width: 0px; text-decoration-style: initial; text-decoration-color: initial;\'>，世界上现存规模最大、保存最为完整的木质结构的古建筑之一，与法国凡尔赛宫、英国白金汉宫、美国白宫、俄罗斯克里姆林宫并称世界五大宫殿。</span><a style=\'list-style: none; margin: 0px; padding: 1px; text-align: left; color: rgb(106, 19, 89); text-transform: none; text-indent: 0px; letter-spacing: normal; font-family: \"Microsoft YaHei\", 微软雅黑, MicrosoftJhengHei, 华文细黑, STHeiti, MingLiu; font-size: 14px; font-style: normal; font-weight: 400; text-decoration: none; word-spacing: 0px; white-space: normal; orphans: 2; widows: 2; font-variant-ligatures: normal; font-variant-caps: normal; -webkit-text-stroke-width: 0px;\' href=\"https://www.meet99.com/jingdian-ForbiddenCity-111166.html\">故宫</a><span style=\'text-align: left; color: rgb(0, 0, 0); text-transform: none; text-indent: 0px; letter-spacing: normal; font-family: \"Microsoft YaHei\", 微软雅黑, MicrosoftJhengHei, 华文细黑, STHeiti, MingLiu; font-size: 14px; font-style: normal; font-weight: 400; word-spacing: 0px; float: none; display: inline !important; white-space: normal; orphans: 2; widows: 2; background-color: rgb(255, 255, 255); font-variant-ligatures: normal; font-variant-caps: normal; -webkit-text-stroke-width: 0px; text-decoration-style: initial; text-decoration-color: initial;\'>旧称紫禁城，始建于明成祖朱棣永乐四年（公元1406年），历经14年建成竣工，是中国明、清两代24位皇帝的皇家宫殿，也是中国古代汉族宫廷建筑之精华，无与伦比的建筑杰作。</span><br style=\'list-style: none; margin: 0px; padding: 0px; text-align: left; color: rgb(0, 0, 0); text-transform: none; text-indent: 0px; letter-spacing: normal; font-family: \"Microsoft YaHei\", 微软雅黑, MicrosoftJhengHei, 华文细黑, STHeiti, MingLiu; font-size: 14px; font-style: normal; font-weight: 400; word-spacing: 0px; white-space: normal; orphans: 2; widows: 2; font-variant-ligatures: normal; font-variant-caps: normal; -webkit-text-stroke-width: 0px; text-decoration-style: initial; text-decoration-color: initial;\'><span style=\'text-align: left; color: rgb(0, 0, 0); text-transform: none; text-indent: 0px; letter-spacing: normal; font-family: \"Microsoft YaHei\", 微软雅黑, MicrosoftJhengHei, 华文细黑, STHeiti, MingLiu; font-size: 14px; font-style: normal; font-weight: 400; word-spacing: 0px; float: none; display: inline !important; white-space: normal; orphans: 2; widows: 2; background-color: rgb(255, 255, 255); font-variant-ligatures: normal; font-variant-caps: normal; -webkit-text-stroke-width: 0px; text-decoration-style: initial; text-decoration-color: initial;\'>　　整个建筑金碧辉煌，庄严绚丽，均是木结构、黄琉璃瓦顶、青白石底座，饰以金碧辉煌的彩画。宫城周围环绕着高12米，长3400米的宫墙，形式为一长方形城池，墙外有52米宽的护城河环绕，形成一个森严壁垒的城堡。宫内以太和、中和、保和三大殿为中心，沿着一条南北向中轴线排列，并向两旁展开，南北取直，左右对称。这条中轴线不仅贯穿在紫禁城内，而且南达永定门，北到鼓楼、钟楼，贯穿了整个城市，气魄宏伟，规划严整，极为壮观。</span><h2 style=\'list-style: none; margin: 0px; padding: 0px 0px 0px 30px; text-align: left; color: rgb(0, 0, 0); text-transform: none; line-height: 24px; text-indent: 0px; letter-spacing: normal; font-family: \"Microsoft YaHei\", 微软雅黑, MicrosoftJhengHei, 华文细黑, STHeiti, MingLiu; font-size: 16px; font-style: normal; word-spacing: 0px; white-space: normal; orphans: 2; widows: 2; font-variant-ligatures: normal; font-variant-caps: normal; -webkit-text-stroke-width: 0px; text-decoration-style: initial; text-decoration-color: initial;\'>景点分布：</h2><span style=\'text-align: left; color: rgb(0, 0, 0); text-transform: none; text-indent: 0px; letter-spacing: normal; font-family: \"Microsoft YaHei\", 微软雅黑, MicrosoftJhengHei, 华文细黑, STHeiti, MingLiu; font-size: 14px; font-style: normal; font-weight: 400; word-spacing: 0px; float: none; display: inline !important; white-space: normal; orphans: 2; widows: 2; background-color: rgb(255, 255, 255); font-variant-ligatures: normal; font-variant-caps: normal; -webkit-text-stroke-width: 0px; text-decoration-style: initial; text-decoration-color: initial;\'>　　</span><a style=\'list-style: none; margin: 0px; padding: 1px; text-align: left; color: rgb(106, 19, 89); text-transform: none; text-indent: 0px; letter-spacing: normal; font-family: \"Microsoft YaHei\", 微软雅黑, MicrosoftJhengHei, 华文细黑, STHeiti, MingLiu; font-size: 14px; font-style: normal; font-weight: 400; text-decoration: none; word-spacing: 0px; white-space: normal; orphans: 2; widows: 2; font-variant-ligatures: normal; font-variant-caps: normal; -webkit-text-stroke-width: 0px;\' href=\"https://www.meet99.com/jingdian-ForbiddenCity-111166.html\">故宫</a><span style=\'text-align: left; color: rgb(0, 0, 0); text-transform: none; text-indent: 0px; letter-spacing: normal; font-family: \"Microsoft YaHei\", 微软雅黑, MicrosoftJhengHei, 华文细黑, STHeiti, MingLiu; font-size: 14px; font-style: normal; font-weight: 400; word-spacing: 0px; float: none; display: inline !important; white-space: normal; orphans: 2; widows: 2; background-color: rgb(255, 255, 255); font-variant-ligatures: normal; font-variant-caps: normal; -webkit-text-stroke-width: 0px; text-decoration-style: initial; text-decoration-color: initial;\'>坐落在北京核心，天安门广场与景山公园之间，占地72万平方米，建筑面积15万平方米，有房屋9999间。</span><a style=\'list-style: none; margin: 0px; padding: 1px; text-align: left; color: rgb(106, 19, 89); text-transform: none; text-indent: 0px; letter-spacing: normal; font-family: \"Microsoft YaHei\", 微软雅黑, MicrosoftJhengHei, 华文细黑, STHeiti, MingLiu; font-size: 14px; font-style: normal; font-weight: 400; text-decoration: none; word-spacing: 0px; white-space: normal; orphans: 2; widows: 2; font-variant-ligatures: normal; font-variant-caps: normal; -webkit-text-stroke-width: 0px;\' href=\"https://www.meet99.com/jingdian-ForbiddenCity-111166.html\">故宫</a><span style=\'text-align: left; color: rgb(0, 0, 0); text-transform: none; text-indent: 0px; letter-spacing: normal; font-family: \"Microsoft YaHei\", 微软雅黑, MicrosoftJhengHei, 华文细黑, STHeiti, MingLiu; font-size: 14px; font-style: normal; font-weight: 400; word-spacing: 0px; float: none; display: inline !important; white-space: normal; orphans: 2; widows: 2; background-color: rgb(255, 255, 255); font-variant-ligatures: normal; font-variant-caps: normal; -webkit-text-stroke-width: 0px; text-decoration-style: initial; text-decoration-color: initial;\'>博物院藏有大量珍贵文物，据统计总共达1052653件之多，统称有文物100万件，占全国文物总数的1/6。</span><a style=\'list-style: none; margin: 0px; padding: 1px; text-align: left; color: rgb(106, 19, 89); text-transform: none; text-indent: 0px; letter-spacing: normal; font-family: \"Microsoft YaHei\", 微软雅黑, MicrosoftJhengHei, 华文细黑, STHeiti, MingLiu; font-size: 14px; font-style: normal; font-weight: 400; text-decoration: none; word-spacing: 0px; white-space: normal; orphans: 2; widows: 2; font-variant-ligatures: normal; font-variant-caps: normal; -webkit-text-stroke-width: 0px;\' href=\"https://www.meet99.com/jingdian-ForbiddenCity-111166.html\">故宫</a><span style=\'text-align: left; color: rgb(0, 0, 0); text-transform: none; text-indent: 0px; letter-spacing: normal; font-family: \"Microsoft YaHei\", 微软雅黑, MicrosoftJhengHei, 华文细黑, STHeiti, MingLiu; font-size: 14px; font-style: normal; font-weight: 400; word-spacing: 0px; float: none; display: inline !important; white-space: normal; orphans: 2; widows: 2; background-color: rgb(255, 255, 255); font-variant-ligatures: normal; font-variant-caps: normal; -webkit-text-stroke-width: 0px; text-decoration-style: initial; text-decoration-color: initial;\'>的一些宫殿中设立了综合性的历史艺术馆、绘画馆、分类的陶瓷馆、青铜器馆、明清工艺美术馆、铭刻馆、玩具馆、文房四宝馆、玩物馆、珍宝馆、钟表馆和清代宫廷典章文物展览等，收藏有大量古代艺术珍品，是中国收藏文物最丰富的博物馆。</span><p><br></p>', 'http://luna.vaiwan.com/yttv/profile/upload/2020/10/13/b37301ff-e14c-4481-a3a0-0f6d0ad0a0d9.png', '故宫', '0', 'admin', '2020-10-08 16:24:17', 'admin', '2020-10-13 18:20:42', NULL);
INSERT INTO `sys_blog` VALUES (18, '丽江古城', '2', '<h2 style=\'list-style: none; margin: 0px; padding: 0px 0px 0px 30px; text-align: left; color: rgb(0, 0, 0); text-transform: none; line-height: 24px; text-indent: 0px; letter-spacing: normal; font-family: \"Microsoft YaHei\", 微软雅黑, MicrosoftJhengHei, 华文细黑, STHeiti, MingLiu; font-size: 16px; font-style: normal; word-spacing: 0px; white-space: normal; orphans: 2; widows: 2; font-variant-ligatures: normal; font-variant-caps: normal; -webkit-text-stroke-width: 0px; text-decoration-style: initial; text-decoration-color: initial;\'>景区简介：</h2><p><span style=\'text-align: left; color: rgb(0, 0, 0); text-transform: none; text-indent: 0px; letter-spacing: normal; font-family: \"Microsoft YaHei\", 微软雅黑, MicrosoftJhengHei, 华文细黑, STHeiti, MingLiu; font-size: 14px; font-style: normal; font-weight: 400; word-spacing: 0px; float: none; display: inline !important; white-space: normal; orphans: 2; widows: 2; background-color: rgb(255, 255, 255); font-variant-ligatures: normal; font-variant-caps: normal; -webkit-text-stroke-width: 0px; text-decoration-style: initial; text-decoration-color: initial;\'>　　丽江古城地处我国西南边陲的云南省西北部，是我国保存最为完好的四大古城之一，也是中国向联合国申报世界文化遗产成功的古城之一。丽江是纳西族的家园，纳西族人民长期以来创造并延续下来的东巴文化，是世界民族文化中的一支奇葩。</span><br style=\'list-style: none; margin: 0px; padding: 0px; text-align: left; color: rgb(0, 0, 0); text-transform: none; text-indent: 0px; letter-spacing: normal; font-family: \"Microsoft YaHei\", 微软雅黑, MicrosoftJhengHei, 华文细黑, STHeiti, MingLiu; font-size: 14px; font-style: normal; font-weight: 400; word-spacing: 0px; white-space: normal; orphans: 2; widows: 2; font-variant-ligatures: normal; font-variant-caps: normal; -webkit-text-stroke-width: 0px; text-decoration-style: initial; text-decoration-color: initial;\'><span style=\'text-align: left; color: rgb(0, 0, 0); text-transform: none; text-indent: 0px; letter-spacing: normal; font-family: \"Microsoft YaHei\", 微软雅黑, MicrosoftJhengHei, 华文细黑, STHeiti, MingLiu; font-size: 14px; font-style: normal; font-weight: 400; word-spacing: 0px; float: none; display: inline !important; white-space: normal; orphans: 2; widows: 2; background-color: rgb(255, 255, 255); font-variant-ligatures: normal; font-variant-caps: normal; -webkit-text-stroke-width: 0px; text-decoration-style: initial; text-decoration-color: initial;\'>　　丽江古城又名大研镇，始建于宋末元初（公元13世纪后期）。古城地处云贵高原，海拔2400余米，自古以来就是我国西南交通贸易大动脉“南方丝绸之路”和由西藏入境的“茶马古道”的中转站。古城内木楼青瓦，古街石巷，小桥流水，站在古城东大街上，举头即可遥望玉龙雪山。《一米阳光》、《木府风云》等影视剧都在此取过景。</span></p><h2 style=\'list-style: none; margin: 0px; padding: 0px 0px 0px 30px; text-align: left; color: rgb(0, 0, 0); text-transform: none; line-height: 24px; text-indent: 0px; letter-spacing: normal; font-family: \"Microsoft YaHei\", 微软雅黑, MicrosoftJhengHei, 华文细黑, STHeiti, MingLiu; font-size: 16px; font-style: normal; word-spacing: 0px; white-space: normal; orphans: 2; widows: 2; font-variant-ligatures: normal; font-variant-caps: normal; -webkit-text-stroke-width: 0px; text-decoration-style: initial; text-decoration-color: initial;\'><br></h2><p><span style=\'text-align: left; color: rgb(0, 0, 0); text-transform: none; text-indent: 0px; letter-spacing: normal; font-family: \"Microsoft YaHei\", 微软雅黑, MicrosoftJhengHei, 华文细黑, STHeiti, MingLiu; font-size: 14px; font-style: normal; font-weight: 400; word-spacing: 0px; float: none; display: inline !important; white-space: normal; orphans: 2; widows: 2; background-color: rgb(255, 255, 255); font-variant-ligatures: normal; font-variant-caps: normal; -webkit-text-stroke-width: 0px; text-decoration-style: initial; text-decoration-color: initial;\'>　　<br></span></p>', 'http://luna.vaiwan.com/yttv/profile/upload/2020/10/13/ee5b764c-c2f5-410b-8016-85a82fb8fe70.png', '丽江古城', '0', 'admin', '2020-10-08 16:24:17', 'admin', '2020-10-13 18:23:41', NULL);
INSERT INTO `sys_blog` VALUES (19, '厦门鼓浪屿岛', '2', '<h2 style=\'list-style: none; margin: 0px; padding: 0px 0px 0px 30px; text-align: left; color: rgb(0, 0, 0); text-transform: none; line-height: 24px; text-indent: 0px; letter-spacing: normal; font-family: \"Microsoft YaHei\", 微软雅黑, MicrosoftJhengHei, 华文细黑, STHeiti, MingLiu; font-size: 16px; font-style: normal; word-spacing: 0px; white-space: normal; orphans: 2; widows: 2; font-variant-ligatures: normal; font-variant-caps: normal; -webkit-text-stroke-width: 0px; text-decoration-style: initial; text-decoration-color: initial;\'>景区简介：</h2><p><span style=\'text-align: left; color: rgb(0, 0, 0); text-transform: none; text-indent: 0px; letter-spacing: normal; font-family: \"Microsoft YaHei\", 微软雅黑, MicrosoftJhengHei, 华文细黑, STHeiti, MingLiu; font-size: 14px; font-style: normal; font-weight: 400; word-spacing: 0px; float: none; display: inline !important; white-space: normal; orphans: 2; widows: 2; background-color: rgb(255, 255, 255); font-variant-ligatures: normal; font-variant-caps: normal; -webkit-text-stroke-width: 0px; text-decoration-style: initial; text-decoration-color: initial;\'>　　厦门鼓浪屿岛内风光秀丽，完好地保存了大量中外风格各异的建筑物，素有“海上花园”、“万国建筑博览”的美誉，又因为小岛音乐人才辈出，也被称为“钢琴之岛”、“音乐之乡”。鼓浪屿街道短小，纵横交错，是厦门最大的一个卫星岛之一，岛上岩石峥嵘，挺拔雄秀，因长年受海浪扑打，形成许多幽谷和峭崖，沙滩、礁石、峭壁、岩峰。</span><br style=\'list-style: none; margin: 0px; padding: 0px; text-align: left; color: rgb(0, 0, 0); text-transform: none; text-indent: 0px; letter-spacing: normal; font-family: \"Microsoft YaHei\", 微软雅黑, MicrosoftJhengHei, 华文细黑, STHeiti, MingLiu; font-size: 14px; font-style: normal; font-weight: 400; word-spacing: 0px; white-space: normal; orphans: 2; widows: 2; font-variant-ligatures: normal; font-variant-caps: normal; -webkit-text-stroke-width: 0px; text-decoration-style: initial; text-decoration-color: initial;\'><span style=\'text-align: left; color: rgb(0, 0, 0); text-transform: none; text-indent: 0px; letter-spacing: normal; font-family: \"Microsoft YaHei\", 微软雅黑, MicrosoftJhengHei, 华文细黑, STHeiti, MingLiu; font-size: 14px; font-style: normal; font-weight: 400; word-spacing: 0px; float: none; display: inline !important; white-space: normal; orphans: 2; widows: 2; background-color: rgb(255, 255, 255); font-variant-ligatures: normal; font-variant-caps: normal; -webkit-text-stroke-width: 0px; text-decoration-style: initial; text-decoration-color: initial;\'>　　鼓浪屿原名“圆沙洲”，别名“圆洲仔”，南宋时期命“五龙屿”明朝改称“鼓浪屿”。因岛西南方海滩上有一块两米多高、中有洞穴的礁石，每当涨潮水涌，浪击礁石，声似擂鼓，人们称“鼓浪石”，鼓浪屿因此而得名。</span></p><h2 style=\'list-style: none; margin: 0px; padding: 0px 0px 0px 30px; text-align: left; color: rgb(0, 0, 0); text-transform: none; line-height: 24px; text-indent: 0px; letter-spacing: normal; font-family: \"Microsoft YaHei\", 微软雅黑, MicrosoftJhengHei, 华文细黑, STHeiti, MingLiu; font-size: 16px; font-style: normal; word-spacing: 0px; white-space: normal; orphans: 2; widows: 2; font-variant-ligatures: normal; font-variant-caps: normal; -webkit-text-stroke-width: 0px; text-decoration-style: initial; text-decoration-color: initial;\'><br></h2>', 'http://luna.vaiwan.com/yttv/profile/upload/2020/10/13/f0383acd-4aac-4636-9b69-24fcf11103a8.png', '厦门鼓浪屿岛', '0', 'admin', '2020-10-08 16:24:17', 'admin', '2020-10-13 18:25:24', NULL);
INSERT INTO `sys_blog` VALUES (20, '黄山', '2', '<h2 style=\'list-style: none; margin: 0px; padding: 0px 0px 0px 30px; text-align: left; color: rgb(0, 0, 0); text-transform: none; line-height: 24px; text-indent: 0px; letter-spacing: normal; font-family: \"Microsoft YaHei\", 微软雅黑, MicrosoftJhengHei, 华文细黑, STHeiti, MingLiu; font-size: 16px; font-style: normal; word-spacing: 0px; white-space: normal; orphans: 2; widows: 2; font-variant-ligatures: normal; font-variant-caps: normal; -webkit-text-stroke-width: 0px; text-decoration-style: initial; text-decoration-color: initial;\'>景区简介：</h2><p><span style=\'text-align: left; color: rgb(0, 0, 0); text-transform: none; text-indent: 0px; letter-spacing: normal; font-family: \"Microsoft YaHei\", 微软雅黑, MicrosoftJhengHei, 华文细黑, STHeiti, MingLiu; font-size: 14px; font-style: normal; font-weight: 400; word-spacing: 0px; float: none; display: inline !important; white-space: normal; orphans: 2; widows: 2; background-color: rgb(255, 255, 255); font-variant-ligatures: normal; font-variant-caps: normal; -webkit-text-stroke-width: 0px; text-decoration-style: initial; text-decoration-color: initial;\'>　　黄山为三山五岳中的三山之一，被誉为“天下第一奇山”，黄山风景区位于中国东部安徽省南部，其中精华部分为154平方公里，号称“五百里黄山”，区内无处不景，无景不奇，尤以奇松、怪石、云海、温泉“四绝”著称于世。</span><br style=\'list-style: none; margin: 0px; padding: 0px; text-align: left; color: rgb(0, 0, 0); text-transform: none; text-indent: 0px; letter-spacing: normal; font-family: \"Microsoft YaHei\", 微软雅黑, MicrosoftJhengHei, 华文细黑, STHeiti, MingLiu; font-size: 14px; font-style: normal; font-weight: 400; word-spacing: 0px; white-space: normal; orphans: 2; widows: 2; font-variant-ligatures: normal; font-variant-caps: normal; -webkit-text-stroke-width: 0px; text-decoration-style: initial; text-decoration-color: initial;\'><span style=\'text-align: left; color: rgb(0, 0, 0); text-transform: none; text-indent: 0px; letter-spacing: normal; font-family: \"Microsoft YaHei\", 微软雅黑, MicrosoftJhengHei, 华文细黑, STHeiti, MingLiu; font-size: 14px; font-style: normal; font-weight: 400; word-spacing: 0px; float: none; display: inline !important; white-space: normal; orphans: 2; widows: 2; background-color: rgb(255, 255, 255); font-variant-ligatures: normal; font-variant-caps: normal; -webkit-text-stroke-width: 0px; text-decoration-style: initial; text-decoration-color: initial;\'>　　黄山原名黟山，因峰岩青黑，遥望苍黛而名。后因传说轩辕黄帝曾在此炼丹，故改名为“黄山”。明朝旅行家徐霞客登临黄山时，曾对黄山的秀丽这样赞叹：“薄海内外之名山，无如徽之黄山。登黄山，天下无山，观止矣！”</span></p><h2 style=\'list-style: none; margin: 0px; padding: 0px 0px 0px 30px; text-align: left; color: rgb(0, 0, 0); text-transform: none; line-height: 24px; text-indent: 0px; letter-spacing: normal; font-family: \"Microsoft YaHei\", 微软雅黑, MicrosoftJhengHei, 华文细黑, STHeiti, MingLiu; font-size: 16px; font-style: normal; word-spacing: 0px; white-space: normal; orphans: 2; widows: 2; font-variant-ligatures: normal; font-variant-caps: normal; -webkit-text-stroke-width: 0px; text-decoration-style: initial; text-decoration-color: initial;\'><br></h2>', 'http://luna.vaiwan.com/yttv/profile/upload/2020/10/13/8605fe7f-ee8a-46bb-9d24-7f801d7dfa1a.png', '黄山', '0', 'admin', '2020-10-08 16:24:17', 'admin', '2020-10-13 18:29:51', NULL);
INSERT INTO `sys_blog` VALUES (21, '杭州西湖', '2', '<h2 style=\'list-style: none; margin: 0px; padding: 0px 0px 0px 30px; text-align: left; color: rgb(0, 0, 0); text-transform: none; line-height: 24px; text-indent: 0px; letter-spacing: normal; font-family: \"Microsoft YaHei\", 微软雅黑, MicrosoftJhengHei, 华文细黑, STHeiti, MingLiu; font-size: 16px; font-style: normal; word-spacing: 0px; white-space: normal; orphans: 2; widows: 2; font-variant-ligatures: normal; font-variant-caps: normal; -webkit-text-stroke-width: 0px; text-decoration-style: initial; text-decoration-color: initial;\'>景区简介：</h2><p><span style=\'text-align: left; color: rgb(0, 0, 0); text-transform: none; text-indent: 0px; letter-spacing: normal; font-family: \"Microsoft YaHei\", 微软雅黑, MicrosoftJhengHei, 华文细黑, STHeiti, MingLiu; font-size: 14px; font-style: normal; font-weight: 400; word-spacing: 0px; float: none; display: inline !important; white-space: normal; orphans: 2; widows: 2; background-color: rgb(255, 255, 255); font-variant-ligatures: normal; font-variant-caps: normal; -webkit-text-stroke-width: 0px; text-decoration-style: initial; text-decoration-color: initial;\'>　　杭州西湖是我国著名的旅游胜地，也被誉为“人间天堂”，是全国十大风景名胜之一，已被列入《世界遗产名录》。西湖古称“钱塘湖”，又名“西子湖”，位于浙江省杭州市，水面面积约4.37平方公里，湖岸周长15公里。西湖古迹遍布，拥有国家重点文物保护单位文物保护点和各类专题博物馆点缀其中，为之增色。《新白娘子传奇》、《白蛇传》、《青蛇》、《秋瑾》、《两宫皇太后》、《梅花三弄之水云间》等影片也均在杭州西湖取景拍摄。</span><br style=\'list-style: none; margin: 0px; padding: 0px; text-align: left; color: rgb(0, 0, 0); text-transform: none; text-indent: 0px; letter-spacing: normal; font-family: \"Microsoft YaHei\", 微软雅黑, MicrosoftJhengHei, 华文细黑, STHeiti, MingLiu; font-size: 14px; font-style: normal; font-weight: 400; word-spacing: 0px; white-space: normal; orphans: 2; widows: 2; font-variant-ligatures: normal; font-variant-caps: normal; -webkit-text-stroke-width: 0px; text-decoration-style: initial; text-decoration-color: initial;\'><span style=\'text-align: left; color: rgb(0, 0, 0); text-transform: none; text-indent: 0px; letter-spacing: normal; font-family: \"Microsoft YaHei\", 微软雅黑, MicrosoftJhengHei, 华文细黑, STHeiti, MingLiu; font-size: 14px; font-style: normal; font-weight: 400; word-spacing: 0px; float: none; display: inline !important; white-space: normal; orphans: 2; widows: 2; background-color: rgb(255, 255, 255); font-variant-ligatures: normal; font-variant-caps: normal; -webkit-text-stroke-width: 0px; text-decoration-style: initial; text-decoration-color: initial;\'>　　西湖以秀丽的湖光山色和众多的名胜古迹闻名中外，以湖为主体，以植物造景为主，辅以亭、台、楼、阁、廊、榭、桥、汀，“天下西湖三十六，就中最美是杭州”。园林布局借真山真水、历史文化、神话传说，把山外有山、湖中有湖、景外有景、园中有园的风光点缀得淋漓致。西湖又是著名的历史人文荟萃之地。年过半百的伟大诗人白居易来到美丽的杭州任刺史，在看到西湖山水时，精神为之一振。苏东坡在杭期间，赈灾安民、治理河道，筑就了今天的这道沟通西湖南北的举世闻名的——苏堤。民族英雄岳飞、于谦、张煌言和辛亥革命烈士徐锡麟、秋瑾、陶成章等埋骨于此间青山绿水之间。西湖还和古代灿烂的文化联结融合，遍布南北山区的古代石窟造像，景点中的碑刻和建筑，都是中国艺术的瑰宝。</span><br></p>', 'http://luna.vaiwan.com/yttv/profile/upload/2020/10/13/0966c0b7-36de-4cc0-b915-8d6242fc7732.png', '杭州西湖', '0', 'admin', '2020-10-08 16:24:17', 'admin', '2020-10-13 18:26:41', NULL);
INSERT INTO `sys_blog` VALUES (22, '颐和园', '2', '<h2 style=\'list-style: none; margin: 0px; padding: 0px 0px 0px 30px; text-align: left; color: rgb(0, 0, 0); text-transform: none; line-height: 24px; text-indent: 0px; letter-spacing: normal; font-family: \"Microsoft YaHei\", 微软雅黑, MicrosoftJhengHei, 华文细黑, STHeiti, MingLiu; font-size: 16px; font-style: normal; word-spacing: 0px; white-space: normal; orphans: 2; widows: 2; font-variant-ligatures: normal; font-variant-caps: normal; -webkit-text-stroke-width: 0px; text-decoration-style: initial; text-decoration-color: initial;\'>景区简介：</h2><p><span style=\'text-align: left; color: rgb(0, 0, 0); text-transform: none; text-indent: 0px; letter-spacing: normal; font-family: \"Microsoft YaHei\", 微软雅黑, MicrosoftJhengHei, 华文细黑, STHeiti, MingLiu; font-size: 14px; font-style: normal; font-weight: 400; word-spacing: 0px; float: none; display: inline !important; white-space: normal; orphans: 2; widows: 2; background-color: rgb(255, 255, 255); font-variant-ligatures: normal; font-variant-caps: normal; -webkit-text-stroke-width: 0px; text-decoration-style: initial; text-decoration-color: initial;\'>　　颐和园是中国现存规模最大、保存最完整的皇家园林，也是保存得最完整的一座皇家行宫御苑，被誉为皇家园林博物馆。园区利用</span><a style=\'list-style: none; margin: 0px; padding: 1px; text-align: left; color: rgb(106, 19, 89); text-transform: none; text-indent: 0px; letter-spacing: normal; font-family: \"Microsoft YaHei\", 微软雅黑, MicrosoftJhengHei, 华文细黑, STHeiti, MingLiu; font-size: 14px; font-style: normal; font-weight: 400; text-decoration: none; word-spacing: 0px; white-space: normal; orphans: 2; widows: 2; font-variant-ligatures: normal; font-variant-caps: normal; -webkit-text-stroke-width: 0px;\' href=\"https://www.meet99.com/jingdian-yiheyuan-24.html\">昆明湖</a><span style=\'text-align: left; color: rgb(0, 0, 0); text-transform: none; text-indent: 0px; letter-spacing: normal; font-family: \"Microsoft YaHei\", 微软雅黑, MicrosoftJhengHei, 华文细黑, STHeiti, MingLiu; font-size: 14px; font-style: normal; font-weight: 400; word-spacing: 0px; float: none; display: inline !important; white-space: normal; orphans: 2; widows: 2; background-color: rgb(255, 255, 255); font-variant-ligatures: normal; font-variant-caps: normal; -webkit-text-stroke-width: 0px; text-decoration-style: initial; text-decoration-color: initial;\'>、万寿山为基址，以杭州西湖风景为蓝本，汲取江南园林的某些设计手法和意境而建成的一座大型天然山水园，与承德避暑山庄、苏州拙政园、苏州留园并称中国四大名园。</span><br style=\'list-style: none; margin: 0px; padding: 0px; text-align: left; color: rgb(0, 0, 0); text-transform: none; text-indent: 0px; letter-spacing: normal; font-family: \"Microsoft YaHei\", 微软雅黑, MicrosoftJhengHei, 华文细黑, STHeiti, MingLiu; font-size: 14px; font-style: normal; font-weight: 400; word-spacing: 0px; white-space: normal; orphans: 2; widows: 2; font-variant-ligatures: normal; font-variant-caps: normal; -webkit-text-stroke-width: 0px; text-decoration-style: initial; text-decoration-color: initial;\'><span style=\'text-align: left; color: rgb(0, 0, 0); text-transform: none; text-indent: 0px; letter-spacing: normal; font-family: \"Microsoft YaHei\", 微软雅黑, MicrosoftJhengHei, 华文细黑, STHeiti, MingLiu; font-size: 14px; font-style: normal; font-weight: 400; word-spacing: 0px; float: none; display: inline !important; white-space: normal; orphans: 2; widows: 2; background-color: rgb(255, 255, 255); font-variant-ligatures: normal; font-variant-caps: normal; -webkit-text-stroke-width: 0px; text-decoration-style: initial; text-decoration-color: initial;\'>　　颐和园前身为清漪园，清朝乾隆皇帝继位以前，在北京西郊一带，建起了四座大型皇家园林。乾隆十五年（1750年），乾隆皇帝为孝敬其母孝圣皇后动用448万两白银在这里改建为清漪园，形成了从现清华园到香山长达二十公里的皇家园林区。咸丰十年（1860年），清漪园被英法联军焚毁。光绪十四年（1888年）重建，改称颐和园，作消夏游乐地。光绪二十六年（1900年），颐和园又遭“八国联军”的破坏，珍宝被劫掠一空。清朝灭亡后，颐和园在军阀混战和国民党统治时期，又遭破坏。</span><br></p>', 'http://luna.vaiwan.com/yttv/profile/upload/2020/10/13/c7ca05d7-de3f-4151-b763-709e0e3a7f28.png', '颐和园', '0', 'admin', '2020-10-08 16:24:17', 'admin', '2020-10-13 18:31:14', NULL);
INSERT INTO `sys_blog` VALUES (23, '上海东方明珠', '2', '<h2 style=\'list-style: none; margin: 0px; padding: 0px 0px 0px 30px; text-align: left; color: rgb(0, 0, 0); text-transform: none; line-height: 24px; text-indent: 0px; letter-spacing: normal; font-family: \"Microsoft YaHei\", 微软雅黑, MicrosoftJhengHei, 华文细黑, STHeiti, MingLiu; font-size: 16px; font-style: normal; word-spacing: 0px; white-space: normal; orphans: 2; widows: 2; font-variant-ligatures: normal; font-variant-caps: normal; -webkit-text-stroke-width: 0px; text-decoration-style: initial; text-decoration-color: initial;\'>景区简介：</h2><p><span style=\'text-align: left; color: rgb(0, 0, 0); text-transform: none; text-indent: 0px; letter-spacing: normal; font-family: \"Microsoft YaHei\", 微软雅黑, MicrosoftJhengHei, 华文细黑, STHeiti, MingLiu; font-size: 14px; font-style: normal; font-weight: 400; word-spacing: 0px; float: none; display: inline !important; white-space: normal; orphans: 2; widows: 2; background-color: rgb(255, 255, 255); font-variant-ligatures: normal; font-variant-caps: normal; -webkit-text-stroke-width: 0px; text-decoration-style: initial; text-decoration-color: initial;\'>　　上海东方明珠是上海市中心最耀眼的摩天建筑之一，也是上海的地标性建筑之一。东方明珠即东方明珠广播电视塔，坐落在浦东新区陆家嘴黄浦江畔，由上海现代建筑设计有限公司设计。电视塔于1991年7月30日奠基，1994年竣工，高467.9米，由11个大小不一的球体串联一体，其设计来源于“大珠小珠落玉盘”的美妙意境。登上三个主球体，可站在不同的高度品赏浦江两岸的城市风光，尤其站在259米高的全视角全透明高空观光廊上，以“空中漫步”的独特方式欣赏申城全景。而夜晚登临观光层感受“不夜城”夜幕下的绚彩，更是难忘的享受。</span><br style=\'list-style: none; margin: 0px; padding: 0px; text-align: left; color: rgb(0, 0, 0); text-transform: none; text-indent: 0px; letter-spacing: normal; font-family: \"Microsoft YaHei\", 微软雅黑, MicrosoftJhengHei, 华文细黑, STHeiti, MingLiu; font-size: 14px; font-style: normal; font-weight: 400; word-spacing: 0px; white-space: normal; orphans: 2; widows: 2; font-variant-ligatures: normal; font-variant-caps: normal; -webkit-text-stroke-width: 0px; text-decoration-style: initial; text-decoration-color: initial;\'><span style=\'text-align: left; color: rgb(0, 0, 0); text-transform: none; text-indent: 0px; letter-spacing: normal; font-family: \"Microsoft YaHei\", 微软雅黑, MicrosoftJhengHei, 华文细黑, STHeiti, MingLiu; font-size: 14px; font-style: normal; font-weight: 400; word-spacing: 0px; float: none; display: inline !important; white-space: normal; orphans: 2; widows: 2; background-color: rgb(255, 255, 255); font-variant-ligatures: normal; font-variant-caps: normal; -webkit-text-stroke-width: 0px; text-decoration-style: initial; text-decoration-color: initial;\'>　　东方明珠塔每年接待来自于五洲四海中外宾客280多万人次，是集观光、餐饮、购物、娱乐、游船、会展、历史陈列、广播电视发射等多功能于一体的综合性旅游文化景点，荣列上海十大新景观之一。如今，东方明珠不仅仅局限于电视塔、观光塔，也是很多重大活动的举办场所，如元旦登高、地球一小时、文化活动等等，成为人们休闲生活的一部分。</span></p><h2 style=\'list-style: none; margin: 0px; padding: 0px 0px 0px 30px; text-align: left; color: rgb(0, 0, 0); text-transform: none; line-height: 24px; text-indent: 0px; letter-spacing: normal; font-family: \"Microsoft YaHei\", 微软雅黑, MicrosoftJhengHei, 华文细黑, STHeiti, MingLiu; font-size: 16px; font-style: normal; word-spacing: 0px; white-space: normal; orphans: 2; widows: 2; font-variant-ligatures: normal; font-variant-caps: normal; -webkit-text-stroke-width: 0px; text-decoration-style: initial; text-decoration-color: initial;\'>景点分布：</h2><p><span style=\'text-align: left; color: rgb(0, 0, 0); text-transform: none; text-indent: 0px; letter-spacing: normal; font-family: \"Microsoft YaHei\", 微软雅黑, MicrosoftJhengHei, 华文细黑, STHeiti, MingLiu; font-size: 14px; font-style: normal; font-weight: 400; word-spacing: 0px; float: none; display: inline !important; white-space: normal; orphans: 2; widows: 2; background-color: rgb(255, 255, 255); font-variant-ligatures: normal; font-variant-caps: normal; -webkit-text-stroke-width: 0px; text-decoration-style: initial; text-decoration-color: initial;\'>　　东方明珠共有四个观光层。350米的太空舱是上海最高的观光层；263米观光层是俯瞰上海城市全景的最佳场所，浦西3000多栋高层建筑和浦东新建的1000多栋高层建筑，尽收眼底；259米观光层是上海独一无二的室内外观光层；90米观光廊是欣赏外滩万国建筑群的最佳地点。</span><br></p>', 'http://luna.vaiwan.com/yttv/profile/upload/2020/10/13/c80188d5-aa7c-4951-bafe-9447c28e3ae2.png', '上海东方明珠', '0', 'admin', '2020-10-08 16:24:17', 'admin', '2020-10-13 18:32:29', NULL);
INSERT INTO `sys_blog` VALUES (24, '乐山大佛', '2', '<h2 style=\'list-style: none; margin: 0px; padding: 0px 0px 0px 30px; text-align: left; color: rgb(0, 0, 0); text-transform: none; line-height: 24px; text-indent: 0px; letter-spacing: normal; font-family: \"Microsoft YaHei\", 微软雅黑, MicrosoftJhengHei, 华文细黑, STHeiti, MingLiu; font-size: 16px; font-style: normal; word-spacing: 0px; white-space: normal; orphans: 2; widows: 2; font-variant-ligatures: normal; font-variant-caps: normal; -webkit-text-stroke-width: 0px; text-decoration-style: initial; text-decoration-color: initial;\'>景区简介：</h2><p><span style=\'text-align: left; color: rgb(0, 0, 0); text-transform: none; text-indent: 0px; letter-spacing: normal; font-family: \"Microsoft YaHei\", 微软雅黑, MicrosoftJhengHei, 华文细黑, STHeiti, MingLiu; font-size: 14px; font-style: normal; font-weight: 400; word-spacing: 0px; float: none; display: inline !important; white-space: normal; orphans: 2; widows: 2; background-color: rgb(255, 255, 255); font-variant-ligatures: normal; font-variant-caps: normal; -webkit-text-stroke-width: 0px; text-decoration-style: initial; text-decoration-color: initial;\'>　　</span>乐山<a style=\'list-style: none; margin: 0px; padding: 1px; text-align: left; color: rgb(106, 19, 89); text-transform: none; text-indent: 0px; letter-spacing: normal; font-family: \"Microsoft YaHei\", 微软雅黑, MicrosoftJhengHei, 华文细黑, STHeiti, MingLiu; font-size: 14px; font-style: normal; font-weight: 400; text-decoration: none; word-spacing: 0px; white-space: normal; orphans: 2; widows: 2; font-variant-ligatures: normal; font-variant-caps: normal; -webkit-text-stroke-width: 0px;\' href=\"https://www.meet99.com/jingdian-leshandafo-3123.html\">大佛</a><span style=\'text-align: left; color: rgb(0, 0, 0); text-transform: none; text-indent: 0px; letter-spacing: normal; font-family: \"Microsoft YaHei\", 微软雅黑, MicrosoftJhengHei, 华文细黑, STHeiti, MingLiu; font-size: 14px; font-style: normal; font-weight: 400; word-spacing: 0px; float: none; display: inline !important; white-space: normal; orphans: 2; widows: 2; background-color: rgb(255, 255, 255); font-variant-ligatures: normal; font-variant-caps: normal; -webkit-text-stroke-width: 0px; text-decoration-style: initial; text-decoration-color: initial;\'>景区集聚了乐山山水人文景观的精华，是世界文化与自然双遗产，闻名遐迩的旅游胜地。</span><a style=\'list-style: none; margin: 0px; padding: 1px; text-align: left; color: rgb(106, 19, 89); text-transform: none; text-indent: 0px; letter-spacing: normal; font-family: \"Microsoft YaHei\", 微软雅黑, MicrosoftJhengHei, 华文细黑, STHeiti, MingLiu; font-size: 14px; font-style: normal; font-weight: 400; text-decoration: none; word-spacing: 0px; white-space: normal; orphans: 2; widows: 2; font-variant-ligatures: normal; font-variant-caps: normal; -webkit-text-stroke-width: 0px;\' href=\"https://www.meet99.com/jingdian-leshandafo-3123.html\">乐山大佛</a><span style=\'text-align: left; color: rgb(0, 0, 0); text-transform: none; text-indent: 0px; letter-spacing: normal; font-family: \"Microsoft YaHei\", 微软雅黑, MicrosoftJhengHei, 华文细黑, STHeiti, MingLiu; font-size: 14px; font-style: normal; font-weight: 400; word-spacing: 0px; float: none; display: inline !important; white-space: normal; orphans: 2; widows: 2; background-color: rgb(255, 255, 255); font-variant-ligatures: normal; font-variant-caps: normal; -webkit-text-stroke-width: 0px; text-decoration-style: initial; text-decoration-color: initial;\'>地处乐山市市中区，景区面积18平方公里。山上茂林修竹终年葱茏，山下三江汇聚，享有西南山水之冠的美誉，为历代文人墨客所咏赞。其核心的大佛景观通高71米，是唐代摩崖造像艺术的精品，也是世界上最大的石刻弥勒佛坐像，造型庄严，做工细致，堪称人类艺术一大瑰宝。而大佛所在的</span><a style=\'list-style: none; margin: 0px; padding: 1px; text-align: left; color: rgb(106, 19, 89); text-transform: none; text-indent: 0px; letter-spacing: normal; font-family: \"Microsoft YaHei\", 微软雅黑, MicrosoftJhengHei, 华文细黑, STHeiti, MingLiu; font-size: 14px; font-style: normal; font-weight: 400; text-decoration: none; word-spacing: 0px; white-space: normal; orphans: 2; widows: 2; font-variant-ligatures: normal; font-variant-caps: normal; -webkit-text-stroke-width: 0px;\' href=\"https://www.meet99.com/jingdian-leshandafo-3136.html\">凌云山</a><span style=\'text-align: left; color: rgb(0, 0, 0); text-transform: none; text-indent: 0px; letter-spacing: normal; font-family: \"Microsoft YaHei\", 微软雅黑, MicrosoftJhengHei, 华文细黑, STHeiti, MingLiu; font-size: 14px; font-style: normal; font-weight: 400; word-spacing: 0px; float: none; display: inline !important; white-space: normal; orphans: 2; widows: 2; background-color: rgb(255, 255, 255); font-variant-ligatures: normal; font-variant-caps: normal; -webkit-text-stroke-width: 0px; text-decoration-style: initial; text-decoration-color: initial;\'>又与背后的</span><a style=\'list-style: none; margin: 0px; padding: 1px; text-align: left; color: rgb(106, 19, 89); text-transform: none; text-indent: 0px; letter-spacing: normal; font-family: \"Microsoft YaHei\", 微软雅黑, MicrosoftJhengHei, 华文细黑, STHeiti, MingLiu; font-size: 14px; font-style: normal; font-weight: 400; text-decoration: none; word-spacing: 0px; white-space: normal; orphans: 2; widows: 2; font-variant-ligatures: normal; font-variant-caps: normal; -webkit-text-stroke-width: 0px;\' href=\"https://www.meet99.com/jingdian-leshandafo-28385.html\">乌尤山</a><span style=\'text-align: left; color: rgb(0, 0, 0); text-transform: none; text-indent: 0px; letter-spacing: normal; font-family: \"Microsoft YaHei\", 微软雅黑, MicrosoftJhengHei, 华文细黑, STHeiti, MingLiu; font-size: 14px; font-style: normal; font-weight: 400; word-spacing: 0px; float: none; display: inline !important; white-space: normal; orphans: 2; widows: 2; background-color: rgb(255, 255, 255); font-variant-ligatures: normal; font-variant-caps: normal; -webkit-text-stroke-width: 0px; text-decoration-style: initial; text-decoration-color: initial;\'>、龟城山构成了一尊巨形睡佛，可谓景中有景，佛在佛中，堪称千古奇观。</span><br style=\'list-style: none; margin: 0px; padding: 0px; text-align: left; color: rgb(0, 0, 0); text-transform: none; text-indent: 0px; letter-spacing: normal; font-family: \"Microsoft YaHei\", 微软雅黑, MicrosoftJhengHei, 华文细黑, STHeiti, MingLiu; font-size: 14px; font-style: normal; font-weight: 400; word-spacing: 0px; white-space: normal; orphans: 2; widows: 2; font-variant-ligatures: normal; font-variant-caps: normal; -webkit-text-stroke-width: 0px; text-decoration-style: initial; text-decoration-color: initial;\'><span style=\'text-align: left; color: rgb(0, 0, 0); text-transform: none; text-indent: 0px; letter-spacing: normal; font-family: \"Microsoft YaHei\", 微软雅黑, MicrosoftJhengHei, 华文细黑, STHeiti, MingLiu; font-size: 14px; font-style: normal; font-weight: 400; word-spacing: 0px; float: none; display: inline !important; white-space: normal; orphans: 2; widows: 2; background-color: rgb(255, 255, 255); font-variant-ligatures: normal; font-variant-caps: normal; -webkit-text-stroke-width: 0px; text-decoration-style: initial; text-decoration-color: initial;\'>　　</span><br></p>', 'http://luna.vaiwan.com/yttv/profile/upload/2020/10/13/3c0a42af-ca06-4675-9731-b4c747bea08d.png', '乐山大佛', '0', 'admin', '2020-10-08 16:24:17', 'admin', '2020-10-13 18:35:46', NULL);
INSERT INTO `sys_blog` VALUES (25, '千岛湖', '2', '<h2 style=\'list-style: none; margin: 0px; padding: 0px 0px 0px 30px; text-align: left; color: rgb(0, 0, 0); text-transform: none; line-height: 24px; text-indent: 0px; letter-spacing: normal; font-family: \"Microsoft YaHei\", 微软雅黑, MicrosoftJhengHei, 华文细黑, STHeiti, MingLiu; font-size: 16px; font-style: normal; word-spacing: 0px; white-space: normal; orphans: 2; widows: 2; font-variant-ligatures: normal; font-variant-caps: normal; -webkit-text-stroke-width: 0px; text-decoration-style: initial; text-decoration-color: initial;\'>景区简介：</h2><p><span style=\'text-align: left; color: rgb(0, 0, 0); text-transform: none; text-indent: 0px; letter-spacing: normal; font-family: \"Microsoft YaHei\", 微软雅黑, MicrosoftJhengHei, 华文细黑, STHeiti, MingLiu; font-size: 14px; font-style: normal; font-weight: 400; word-spacing: 0px; float: none; display: inline !important; white-space: normal; orphans: 2; widows: 2; background-color: rgb(255, 255, 255); font-variant-ligatures: normal; font-variant-caps: normal; -webkit-text-stroke-width: 0px; text-decoration-style: initial; text-decoration-color: initial;\'>　　千岛湖是世界上岛屿最多的湖，也是中国面积最大的森林公园，以1078个岛屿入选中国世界纪录协会，创造了世界之最。千岛湖景区即新安江水库，总面积982平方公里，其中湖区面积573平方公里，是1959年我国建造的第一座自行设计、自制设备的大型水力发电站——新安江水力发电站而拦坝蓄水形成的人工湖，为国家一级水体，堪称杭州的“后花园”。</span><br style=\'list-style: none; margin: 0px; padding: 0px; text-align: left; color: rgb(0, 0, 0); text-transform: none; text-indent: 0px; letter-spacing: normal; font-family: \"Microsoft YaHei\", 微软雅黑, MicrosoftJhengHei, 华文细黑, STHeiti, MingLiu; font-size: 14px; font-style: normal; font-weight: 400; word-spacing: 0px; white-space: normal; orphans: 2; widows: 2; font-variant-ligatures: normal; font-variant-caps: normal; -webkit-text-stroke-width: 0px; text-decoration-style: initial; text-decoration-color: initial;\'><span style=\'text-align: left; color: rgb(0, 0, 0); text-transform: none; text-indent: 0px; letter-spacing: normal; font-family: \"Microsoft YaHei\", 微软雅黑, MicrosoftJhengHei, 华文细黑, STHeiti, MingLiu; font-size: 14px; font-style: normal; font-weight: 400; word-spacing: 0px; float: none; display: inline !important; white-space: normal; orphans: 2; widows: 2; background-color: rgb(255, 255, 255); font-variant-ligatures: normal; font-variant-caps: normal; -webkit-text-stroke-width: 0px; text-decoration-style: initial; text-decoration-color: initial;\'>　　大大小小形态各异的岛屿分布有疏有密，罗列有致。群集处形成众岛似连非连，湖面被分隔得宽窄不同、曲折多变、方向难辨，形成湖上迷宫的特色景观，更有百湖岛、百岛湖、珍珠岛等千姿百态的群岛、列岛。岛屿稀疏处，湖面开阔、深远、浩渺，宛如海面。同时，这里的森林覆盖率达95%，有“绿色千岛湖”之称，植物种类非常丰富，保存着比较完整、面积较大的阔叶混交林区及千亩田、磨心尖的植物分布群落等；94种鱼类、90种鸟类、百余种野生动物等都栖息在这里，可开展丰富多彩的展览、垂钓、围捕等特色旅游项目。</span><br></p>', 'http://luna.vaiwan.com/yttv/profile/upload/2020/10/13/3725361e-8a84-45f9-a7c1-3d946ba7125b.png', '千岛湖', '0', 'admin', '2020-10-08 16:24:17', 'admin', '2020-10-13 18:38:29', NULL);
INSERT INTO `sys_blog` VALUES (26, '峨眉山', '2', '<h2 style=\'list-style: none; margin: 0px; padding: 0px 0px 0px 30px; text-align: left; color: rgb(0, 0, 0); text-transform: none; line-height: 24px; text-indent: 0px; letter-spacing: normal; font-family: \"Microsoft YaHei\", 微软雅黑, MicrosoftJhengHei, 华文细黑, STHeiti, MingLiu; font-size: 16px; font-style: normal; word-spacing: 0px; white-space: normal; orphans: 2; widows: 2; font-variant-ligatures: normal; font-variant-caps: normal; -webkit-text-stroke-width: 0px; text-decoration-style: initial; text-decoration-color: initial;\'>景区简介：</h2><p><span style=\'text-align: left; color: rgb(0, 0, 0); text-transform: none; text-indent: 0px; letter-spacing: normal; font-family: \"Microsoft YaHei\", 微软雅黑, MicrosoftJhengHei, 华文细黑, STHeiti, MingLiu; font-size: 14px; font-style: normal; font-weight: 400; word-spacing: 0px; float: none; display: inline !important; white-space: normal; orphans: 2; widows: 2; background-color: rgb(255, 255, 255); font-variant-ligatures: normal; font-variant-caps: normal; -webkit-text-stroke-width: 0px; text-decoration-style: initial; text-decoration-color: initial;\'>　　峨眉山，“普贤者，佛之长子， 峨眉者， 山之领袖”，是中国四大佛教名山之一、世界自然与文化双遗产，有“峨眉天下秀”之美誉。景区位于四川乐山峨眉山市境内，面积154平方公里，区内山势雄伟，隘谷深幽，飞瀑如帘，</span><a style=\'list-style: none; margin: 0px; padding: 1px; text-align: left; color: rgb(106, 19, 89); text-transform: none; text-indent: 0px; letter-spacing: normal; font-family: \"Microsoft YaHei\", 微软雅黑, MicrosoftJhengHei, 华文细黑, STHeiti, MingLiu; font-size: 14px; font-style: normal; font-weight: 400; text-decoration: none; word-spacing: 0px; white-space: normal; orphans: 2; widows: 2; font-variant-ligatures: normal; font-variant-caps: normal; -webkit-text-stroke-width: 0px;\' href=\"https://www.meet99.com/jingdian-emeishan-110.html\">云海</a><span style=\'text-align: left; color: rgb(0, 0, 0); text-transform: none; text-indent: 0px; letter-spacing: normal; font-family: \"Microsoft YaHei\", 微软雅黑, MicrosoftJhengHei, 华文细黑, STHeiti, MingLiu; font-size: 14px; font-style: normal; font-weight: 400; word-spacing: 0px; float: none; display: inline !important; white-space: normal; orphans: 2; widows: 2; background-color: rgb(255, 255, 255); font-variant-ligatures: normal; font-variant-caps: normal; -webkit-text-stroke-width: 0px; text-decoration-style: initial; text-decoration-color: initial;\'>翻涌，林木葱茏，浓缩了千万年来自然精华。峨眉山的游览线路就有120余华里，主峰金顶绝壁凌空、高插云霄；震撼的金顶，凌云之巅，世界最高的金佛—四面十方普贤等等震撼着游客的心灵，可谓集天地灵气，映日月光辉。而四季景色各有万千，素有“一山有四季，十里不同天”之妙喻。</span><br style=\'list-style: none; margin: 0px; padding: 0px; text-align: left; color: rgb(0, 0, 0); text-transform: none; text-indent: 0px; letter-spacing: normal; font-family: \"Microsoft YaHei\", 微软雅黑, MicrosoftJhengHei, 华文细黑, STHeiti, MingLiu; font-size: 14px; font-style: normal; font-weight: 400; word-spacing: 0px; white-space: normal; orphans: 2; widows: 2; font-variant-ligatures: normal; font-variant-caps: normal; -webkit-text-stroke-width: 0px; text-decoration-style: initial; text-decoration-color: initial;\'><span style=\'text-align: left; color: rgb(0, 0, 0); text-transform: none; text-indent: 0px; letter-spacing: normal; font-family: \"Microsoft YaHei\", 微软雅黑, MicrosoftJhengHei, 华文细黑, STHeiti, MingLiu; font-size: 14px; font-style: normal; font-weight: 400; word-spacing: 0px; float: none; display: inline !important; white-space: normal; orphans: 2; widows: 2; background-color: rgb(255, 255, 255); font-variant-ligatures: normal; font-variant-caps: normal; -webkit-text-stroke-width: 0px; text-decoration-style: initial; text-decoration-color: initial;\'>　　峨眉山是人类文化的宝库，文化遗产极其深厚，被誉为“佛国天堂”。作为普贤菩萨的道场，这里拥有世界上最大的佛教朝拜中心，是佛在人中、人在景中、景在佛中的人间天庭。每年，全国各地朝圣者络绎不绝，且寺内珍藏诸多精美佛教瑰宝，吸引着人们前来一睹其真容。</span><br style=\'list-style: none; margin: 0px; padding: 0px; text-align: left; color: rgb(0, 0, 0); text-transform: none; text-indent: 0px; letter-spacing: normal; font-family: \"Microsoft YaHei\", 微软雅黑, MicrosoftJhengHei, 华文细黑, STHeiti, MingLiu; font-size: 14px; font-style: normal; font-weight: 400; word-spacing: 0px; white-space: normal; orphans: 2; widows: 2; font-variant-ligatures: normal; font-variant-caps: normal; -webkit-text-stroke-width: 0px; text-decoration-style: initial; text-decoration-color: initial;\'><span style=\'text-align: left; color: rgb(0, 0, 0); text-transform: none; text-indent: 0px; letter-spacing: normal; font-family: \"Microsoft YaHei\", 微软雅黑, MicrosoftJhengHei, 华文细黑, STHeiti, MingLiu; font-size: 14px; font-style: normal; font-weight: 400; word-spacing: 0px; float: none; display: inline !important; white-space: normal; orphans: 2; widows: 2; background-color: rgb(255, 255, 255); font-variant-ligatures: normal; font-variant-caps: normal; -webkit-text-stroke-width: 0px; text-decoration-style: initial; text-decoration-color: initial;\'>　　山上壮观，山下悠闲。低山区构成了目前中国西部规模最大、功能配套最完善、设施最先进的温泉度假国际会议中心，峨眉山也因此成为集休养、养生、文化、娱乐、观光、美食为一体的全新多功能复合型的魅力新景区。</span><br></p>', 'http://luna.vaiwan.com/yttv/profile/upload/2020/10/13/88a788f0-7d1f-4699-bc0c-e462bcb01e15.png', '峨眉山', '0', 'admin', '2020-10-08 16:24:17', 'admin', '2020-10-13 18:39:47', NULL);
INSERT INTO `sys_blog` VALUES (27, '西藏布达拉宫', '2', '<h2 style=\'list-style: none; margin: 0px; padding: 0px 0px 0px 30px; text-align: left; color: rgb(0, 0, 0); text-transform: none; line-height: 24px; text-indent: 0px; letter-spacing: normal; font-family: \"Microsoft YaHei\", 微软雅黑, MicrosoftJhengHei, 华文细黑, STHeiti, MingLiu; font-size: 16px; font-style: normal; word-spacing: 0px; white-space: normal; orphans: 2; widows: 2; font-variant-ligatures: normal; font-variant-caps: normal; -webkit-text-stroke-width: 0px; text-decoration-style: initial; text-decoration-color: initial;\'>景区简介：</h2><p><span style=\'text-align: left; color: rgb(0, 0, 0); text-transform: none; text-indent: 0px; letter-spacing: normal; font-family: \"Microsoft YaHei\", 微软雅黑, MicrosoftJhengHei, 华文细黑, STHeiti, MingLiu; font-size: 14px; font-style: normal; font-weight: 400; word-spacing: 0px; float: none; display: inline !important; white-space: normal; orphans: 2; widows: 2; background-color: rgb(255, 255, 255); font-variant-ligatures: normal; font-variant-caps: normal; -webkit-text-stroke-width: 0px; text-decoration-style: initial; text-decoration-color: initial;\'>　　西藏布达拉宫始建于公元7世纪，最初为吐蕃王朝赞普松赞干布为迎娶尺尊公主和文成公主而兴建。1645年（清顺治二年）五世达赖洛桑嘉措重建布达拉宫之后，成为历代达赖喇嘛冬宫居所，以及重大宗教和政治仪式举办地，也是供奉历世达赖喇嘛灵塔之地，旧时西藏政教合一的统治中心。</span><br style=\'list-style: none; margin: 0px; padding: 0px; text-align: left; color: rgb(0, 0, 0); text-transform: none; text-indent: 0px; letter-spacing: normal; font-family: \"Microsoft YaHei\", 微软雅黑, MicrosoftJhengHei, 华文细黑, STHeiti, MingLiu; font-size: 14px; font-style: normal; font-weight: 400; word-spacing: 0px; white-space: normal; orphans: 2; widows: 2; font-variant-ligatures: normal; font-variant-caps: normal; -webkit-text-stroke-width: 0px; text-decoration-style: initial; text-decoration-color: initial;\'><span style=\'text-align: left; color: rgb(0, 0, 0); text-transform: none; text-indent: 0px; letter-spacing: normal; font-family: \"Microsoft YaHei\", 微软雅黑, MicrosoftJhengHei, 华文细黑, STHeiti, MingLiu; font-size: 14px; font-style: normal; font-weight: 400; word-spacing: 0px; float: none; display: inline !important; white-space: normal; orphans: 2; widows: 2; background-color: rgb(255, 255, 255); font-variant-ligatures: normal; font-variant-caps: normal; -webkit-text-stroke-width: 0px; text-decoration-style: initial; text-decoration-color: initial;\'>　　布达拉宫是世界上海拔最高，集宫殿、城堡和寺院于一体的宏伟建筑，也是西藏最庞大、最完整的古代宫堡建筑群。整座宫殿具有鲜明的藏式风格，依山而建，气势雄伟，由</span><a style=\'list-style: none; margin: 0px; padding: 1px; text-align: left; color: rgb(106, 19, 89); text-transform: none; text-indent: 0px; letter-spacing: normal; font-family: \"Microsoft YaHei\", 微软雅黑, MicrosoftJhengHei, 华文细黑, STHeiti, MingLiu; font-size: 14px; font-style: normal; font-weight: 400; text-decoration: none; word-spacing: 0px; white-space: normal; orphans: 2; widows: 2; font-variant-ligatures: normal; font-variant-caps: normal; -webkit-text-stroke-width: 0px;\' href=\"https://www.meet99.com/jingdian-budalagong-6536.html\">白宫</a><span style=\'text-align: left; color: rgb(0, 0, 0); text-transform: none; text-indent: 0px; letter-spacing: normal; font-family: \"Microsoft YaHei\", 微软雅黑, MicrosoftJhengHei, 华文细黑, STHeiti, MingLiu; font-size: 14px; font-style: normal; font-weight: 400; word-spacing: 0px; float: none; display: inline !important; white-space: normal; orphans: 2; widows: 2; background-color: rgb(255, 255, 255); font-variant-ligatures: normal; font-variant-caps: normal; -webkit-text-stroke-width: 0px; text-decoration-style: initial; text-decoration-color: initial;\'>和</span><a style=\'list-style: none; margin: 0px; padding: 1px; text-align: left; color: rgb(106, 19, 89); text-transform: none; text-indent: 0px; letter-spacing: normal; font-family: \"Microsoft YaHei\", 微软雅黑, MicrosoftJhengHei, 华文细黑, STHeiti, MingLiu; font-size: 14px; font-style: normal; font-weight: 400; text-decoration: none; word-spacing: 0px; white-space: normal; orphans: 2; widows: 2; font-variant-ligatures: normal; font-variant-caps: normal; -webkit-text-stroke-width: 0px;\' href=\"https://www.meet99.com/jingdian-budalagong-6537.html\">红宫</a><span style=\'text-align: left; color: rgb(0, 0, 0); text-transform: none; text-indent: 0px; letter-spacing: normal; font-family: \"Microsoft YaHei\", 微软雅黑, MicrosoftJhengHei, 华文细黑, STHeiti, MingLiu; font-size: 14px; font-style: normal; font-weight: 400; word-spacing: 0px; float: none; display: inline !important; white-space: normal; orphans: 2; widows: 2; background-color: rgb(255, 255, 255); font-variant-ligatures: normal; font-variant-caps: normal; -webkit-text-stroke-width: 0px; text-decoration-style: initial; text-decoration-color: initial;\'>及其附属建筑组成。布达拉宫中还收藏了无数的珍宝，堪称是一座艺术的殿堂。布达拉宫，位于拉萨市的中心。</span><br></p>', 'http://luna.vaiwan.com/yttv/profile/upload/2020/10/13/718fdd97-3930-43f5-b2d2-ab6ddd2bec33.png', '西藏布达拉宫', '0', 'admin', '2020-10-08 16:24:17', 'admin', '2020-10-13 18:40:42', NULL);
INSERT INTO `sys_blog` VALUES (38, '音乐4', '1', '<p>音乐3<br></p>', 'http://luna.vaiwan.com/yttv/profile/upload/2020/10/08/0c66b08f-cd05-400b-88e6-4ae3e6e92a82.png', '音乐3', '0', 'admin', '2020-10-08 16:24:17', 'admin', '2020-10-08 16:24:17', NULL);
INSERT INTO `sys_blog` VALUES (39, '音乐5', '1', '<p>音乐3<br></p>', 'http://luna.vaiwan.com/yttv/profile/upload/2020/10/08/0c66b08f-cd05-400b-88e6-4ae3e6e92a82.png', '音乐3', '0', 'admin', '2020-10-08 16:24:17', 'admin', '2020-10-08 16:24:17', NULL);
INSERT INTO `sys_blog` VALUES (40, '音乐6', '1', '<p>音乐3<br></p>', 'http://luna.vaiwan.com/yttv/profile/upload/2020/10/08/0c66b08f-cd05-400b-88e6-4ae3e6e92a82.png', '音乐3', '0', 'admin', '2020-10-08 16:24:17', 'admin', '2020-10-08 16:24:17', NULL);
INSERT INTO `sys_blog` VALUES (41, '音乐7', '1', '<p>音乐3<br></p>', 'http://luna.vaiwan.com/yttv/profile/upload/2020/10/08/0c66b08f-cd05-400b-88e6-4ae3e6e92a82.png', '音乐3', '0', 'admin', '2020-10-08 16:24:17', 'admin', '2020-10-08 16:24:17', NULL);
INSERT INTO `sys_blog` VALUES (42, '音乐8', '1', '<p>音乐3<br></p>', 'http://luna.vaiwan.com/yttv/profile/upload/2020/10/08/0c66b08f-cd05-400b-88e6-4ae3e6e92a82.png', '音乐3', '0', 'admin', '2020-10-08 16:24:17', 'admin', '2020-10-08 16:24:17', NULL);
INSERT INTO `sys_blog` VALUES (43, '音乐4', '1', '<p>音乐3<br></p>', 'http://luna.vaiwan.com/yttv/profile/upload/2020/10/08/0c66b08f-cd05-400b-88e6-4ae3e6e92a82.png', '音乐3', '0', 'admin', '2020-10-08 16:24:17', 'admin', '2020-10-08 16:24:17', NULL);
INSERT INTO `sys_blog` VALUES (44, '音乐5', '1', '<p>音乐3<br></p>', 'http://luna.vaiwan.com/yttv/profile/upload/2020/10/08/0c66b08f-cd05-400b-88e6-4ae3e6e92a82.png', '音乐3', '0', 'admin', '2020-10-08 16:24:17', 'admin', '2020-10-08 16:24:17', NULL);
INSERT INTO `sys_blog` VALUES (45, '音乐6', '1', '<p>音乐3<br></p>', 'http://luna.vaiwan.com/yttv/profile/upload/2020/10/08/0c66b08f-cd05-400b-88e6-4ae3e6e92a82.png', '音乐3', '0', 'admin', '2020-10-08 16:24:17', 'admin', '2020-10-08 16:24:17', NULL);
INSERT INTO `sys_blog` VALUES (46, '音乐7', '1', '<p>音乐3<br></p>', 'http://luna.vaiwan.com/yttv/profile/upload/2020/10/08/0c66b08f-cd05-400b-88e6-4ae3e6e92a82.png', '音乐3', '0', 'admin', '2020-10-08 16:24:17', 'admin', '2020-10-08 16:24:17', NULL);
INSERT INTO `sys_blog` VALUES (47, '音乐8', '1', '<p>音乐3<br></p>', 'http://luna.vaiwan.com/yttv/profile/upload/2020/10/08/0c66b08f-cd05-400b-88e6-4ae3e6e92a82.png', '音乐3', '0', 'admin', '2020-10-08 16:24:17', 'admin', '2020-10-08 16:24:17', NULL);
INSERT INTO `sys_blog` VALUES (48, '特征1', '4', '<p>特征1<br></p>', 'http://luna.vaiwan.com/yttv/profile/upload/2020/10/08/0c66b08f-cd05-400b-88e6-4ae3e6e92a82.png', '特征1', '0', 'admin', '2020-10-08 16:24:17', 'admin', '2020-10-08 16:24:17', NULL);
INSERT INTO `sys_blog` VALUES (49, '特征1', '4', '<p>特征1<br></p>', 'http://luna.vaiwan.com/yttv/profile/upload/2020/10/08/0c66b08f-cd05-400b-88e6-4ae3e6e92a82.png', '特征1', '0', 'admin', '2020-10-08 16:24:17', 'admin', '2020-10-08 16:24:17', NULL);
INSERT INTO `sys_blog` VALUES (50, '特征1', '4', '<p>特征1<br></p>', 'http://luna.vaiwan.com/yttv/profile/upload/2020/10/08/0c66b08f-cd05-400b-88e6-4ae3e6e92a82.png', '特征1', '0', 'admin', '2020-10-08 16:24:17', 'admin', '2020-10-08 16:24:17', NULL);
INSERT INTO `sys_blog` VALUES (51, '特征1', '4', '<p>特征1<br></p>', 'http://luna.vaiwan.com/yttv/profile/upload/2020/10/08/0c66b08f-cd05-400b-88e6-4ae3e6e92a82.png', '特征1', '0', 'admin', '2020-10-08 16:24:17', 'admin', '2020-10-08 16:24:17', NULL);
INSERT INTO `sys_blog` VALUES (52, '特征1', '4', '<p>特征1<br></p>', 'http://luna.vaiwan.com/yttv/profile/upload/2020/10/08/0c66b08f-cd05-400b-88e6-4ae3e6e92a82.png', '特征1', '0', 'admin', '2020-10-08 16:24:17', 'admin', '2020-10-08 16:24:17', NULL);
INSERT INTO `sys_blog` VALUES (53, '特征1', '4', '<p>特征1<br></p>', 'http://luna.vaiwan.com/yttv/profile/upload/2020/10/08/0c66b08f-cd05-400b-88e6-4ae3e6e92a82.png', '特征1', '0', 'admin', '2020-10-08 16:24:17', 'admin', '2020-10-08 16:24:17', NULL);
INSERT INTO `sys_blog` VALUES (60, '时尚1', '3', '<p>时尚1<br></p>', 'http://luna.vaiwan.com/yttv/profile/upload/2020/10/08/0c66b08f-cd05-400b-88e6-4ae3e6e92a82.png', '时尚1', '0', 'admin', '2020-10-08 16:24:17', 'admin', '2020-10-08 16:24:17', NULL);
INSERT INTO `sys_blog` VALUES (61, '时尚1', '3', '<p>时尚1<br></p>', 'http://luna.vaiwan.com/yttv/profile/upload/2020/10/08/0c66b08f-cd05-400b-88e6-4ae3e6e92a82.png', '时尚1', '0', 'admin', '2020-10-08 16:24:17', 'admin', '2020-10-08 16:24:17', NULL);
INSERT INTO `sys_blog` VALUES (62, '时尚1', '3', '<p>时尚1<br></p>', 'http://luna.vaiwan.com/yttv/profile/upload/2020/10/08/0c66b08f-cd05-400b-88e6-4ae3e6e92a82.png', '时尚1', '0', 'admin', '2020-10-08 16:24:17', 'admin', '2020-10-08 16:24:17', NULL);
INSERT INTO `sys_blog` VALUES (63, '时尚1', '3', '<p>时尚1<br></p>', 'http://luna.vaiwan.com/yttv/profile/upload/2020/10/08/0c66b08f-cd05-400b-88e6-4ae3e6e92a82.png', '时尚1', '0', 'admin', '2020-10-08 16:24:17', 'admin', '2020-10-08 16:24:17', NULL);
INSERT INTO `sys_blog` VALUES (68, '时尚1', '3', '<p>时尚1<br></p>', 'http://luna.vaiwan.com/yttv/profile/upload/2020/10/08/0c66b08f-cd05-400b-88e6-4ae3e6e92a82.png', '时尚1', '0', 'admin', '2020-10-08 16:24:17', 'admin', '2020-10-08 16:24:17', NULL);
INSERT INTO `sys_blog` VALUES (69, '时尚1', '3', '<p>时尚1<br></p>', 'http://luna.vaiwan.com/yttv/profile/upload/2020/10/08/0c66b08f-cd05-400b-88e6-4ae3e6e92a82.png', '时尚1', '0', 'admin', '2020-10-08 16:24:17', 'admin', '2020-10-08 16:24:17', NULL);
COMMIT;

-- ----------------------------
-- Table structure for sys_comments
-- ----------------------------
DROP TABLE IF EXISTS `sys_comments`;
CREATE TABLE `sys_comments` (
  `comments_id` bigint(20) NOT NULL AUTO_INCREMENT COMMENT '评论内容主键',
  `comments_title` varchar(50) CHARACTER SET utf8mb4 NOT NULL COMMENT '评论标题',
  `comments_type` char(1) CHARACTER SET utf8mb4 NOT NULL COMMENT '评论类型',
  `comments_content` varchar(255) CHARACTER SET utf8mb4 NOT NULL COMMENT '评论内容',
  `comments_content_return` varchar(255) CHARACTER SET utf8mb4 DEFAULT NULL COMMENT '回复评论内容',
  `comments_return_id` bigint(20) DEFAULT NULL COMMENT '回复评论内容主键',
  `status` char(1) CHARACTER SET utf8mb4 NOT NULL DEFAULT '0' COMMENT '评论状态（0正常 1关闭）',
  `create_by` varchar(64) CHARACTER SET utf8mb4 NOT NULL DEFAULT '' COMMENT '创建者',
  `create_time` datetime NOT NULL COMMENT '创建时间',
  `update_by` varchar(64) CHARACTER SET utf8mb4 NOT NULL DEFAULT '' COMMENT '更新者',
  `update_time` datetime NOT NULL COMMENT '更新时间',
  `remark` varchar(255) CHARACTER SET utf8mb4 DEFAULT NULL COMMENT '备注',
  PRIMARY KEY (`comments_id`) USING BTREE
) ENGINE=InnoDB DEFAULT CHARSET=utf8 COMMENT='留言板评论互动\n';

-- ----------------------------
-- Records of sys_comments
-- ----------------------------
BEGIN;
COMMIT;

-- ----------------------------
-- Table structure for sys_config
-- ----------------------------
DROP TABLE IF EXISTS `sys_config`;
CREATE TABLE `sys_config` (
  `config_id` int(5) NOT NULL AUTO_INCREMENT COMMENT '参数主键',
  `config_name` varchar(100) DEFAULT '' COMMENT '参数名称',
  `config_key` varchar(100) DEFAULT '' COMMENT '参数键名',
  `config_value` varchar(500) DEFAULT '' COMMENT '参数键值',
  `config_type` char(1) DEFAULT 'N' COMMENT '系统内置（Y是 N否）',
  `create_by` varchar(64) DEFAULT '' COMMENT '创建者',
  `create_time` datetime DEFAULT NULL COMMENT '创建时间',
  `update_by` varchar(64) DEFAULT '' COMMENT '更新者',
  `update_time` datetime DEFAULT NULL COMMENT '更新时间',
  `remark` varchar(500) DEFAULT NULL COMMENT '备注',
  PRIMARY KEY (`config_id`)
) ENGINE=InnoDB AUTO_INCREMENT=100 DEFAULT CHARSET=utf8mb4 COMMENT='参数配置表';

-- ----------------------------
-- Records of sys_config
-- ----------------------------
BEGIN;
INSERT INTO `sys_config` VALUES (1, '主框架页-默认皮肤样式名称', 'sys.index.skinName', 'skin-blue', 'Y', 'admin', '2018-03-16 11:33:00', 'ry', '2018-03-16 11:33:00', '蓝色 skin-blue、绿色 skin-green、紫色 skin-purple、红色 skin-red、黄色 skin-yellow');
INSERT INTO `sys_config` VALUES (2, '用户管理-账号初始密码', 'sys.user.initPassword', '123456', 'Y', 'admin', '2018-03-16 11:33:00', 'ry', '2018-03-16 11:33:00', '初始化密码 123456');
INSERT INTO `sys_config` VALUES (3, '主框架页-侧边栏主题', 'sys.index.sideTheme', 'theme-dark', 'Y', 'admin', '2018-03-16 11:33:00', 'ry', '2018-03-16 11:33:00', '深黑主题theme-dark，浅色主题theme-light，深蓝主题theme-blue');
INSERT INTO `sys_config` VALUES (4, '账号自助-是否开启用户注册功能', 'sys.account.registerUser', 'true', 'Y', 'admin', '2018-03-16 11:33:00', 'admin', '2020-09-24 20:37:58', '是否开启注册用户功能（true开启，false关闭）');
INSERT INTO `sys_config` VALUES (5, '用户管理-密码字符范围', 'sys.account.chrtype', '0', 'Y', 'admin', '2018-03-16 11:33:00', 'ry', '2018-03-16 11:33:00', '默认任意字符范围，0任意（密码可以输入任意字符），1数字（密码只能为0-9数字），2英文字母（密码只能为a-z和A-Z字母），3字母和数字（密码必须包含字母，数字）,4字母数组和特殊字符（密码必须包含字母，数字，特殊字符-_）');
INSERT INTO `sys_config` VALUES (6, '主框架页-菜单导航显示风格', 'sys.index.menuStyle', 'default', 'Y', 'admin', '2018-03-16 11:33:00', 'ry', '2018-03-16 11:33:00', '菜单导航显示风格（default为左侧导航菜单，topnav为顶部导航菜单）');
INSERT INTO `sys_config` VALUES (7, '主框架页-是否开启页脚', 'sys.index.ignoreFooter', 'true', 'Y', 'admin', '2018-03-16 11:33:00', 'ry', '2018-03-16 11:33:00', '是否开启底部页脚显示（true显示，false隐藏）');
COMMIT;

-- ----------------------------
-- Table structure for sys_dept
-- ----------------------------
DROP TABLE IF EXISTS `sys_dept`;
CREATE TABLE `sys_dept` (
  `dept_id` bigint(20) NOT NULL AUTO_INCREMENT COMMENT '部门id',
  `parent_id` bigint(20) DEFAULT '0' COMMENT '父部门id',
  `ancestors` varchar(50) DEFAULT '' COMMENT '祖级列表',
  `dept_name` varchar(30) DEFAULT '' COMMENT '部门名称',
  `order_num` int(4) DEFAULT '0' COMMENT '显示顺序',
  `leader` varchar(20) DEFAULT NULL COMMENT '负责人',
  `phone` varchar(11) DEFAULT NULL COMMENT '联系电话',
  `email` varchar(50) DEFAULT NULL COMMENT '邮箱',
  `status` char(1) DEFAULT '0' COMMENT '部门状态（0正常 1停用）',
  `del_flag` char(1) DEFAULT '0' COMMENT '删除标志（0代表存在 2代表删除）',
  `create_by` varchar(64) DEFAULT '' COMMENT '创建者',
  `create_time` datetime DEFAULT NULL COMMENT '创建时间',
  `update_by` varchar(64) DEFAULT '' COMMENT '更新者',
  `update_time` datetime DEFAULT NULL COMMENT '更新时间',
  PRIMARY KEY (`dept_id`)
) ENGINE=InnoDB AUTO_INCREMENT=200 DEFAULT CHARSET=utf8mb4 COMMENT='部门表';

-- ----------------------------
-- Records of sys_dept
-- ----------------------------
BEGIN;
INSERT INTO `sys_dept` VALUES (100, 0, '0', '盐途之声电视台', 0, 'admin', '15888888888', 'luna_nov@qq.com', '0', '0', 'admin', '2018-03-16 11:33:00', 'admin', '2020-10-05 12:17:12');
INSERT INTO `sys_dept` VALUES (101, 100, '0,100', '产业发展部', 1, 'admin_ie', '15888888888', 'admin_ie@qq.com', '0', '0', 'admin', '2018-03-16 11:33:00', 'admin', '2020-10-05 12:16:42');
INSERT INTO `sys_dept` VALUES (102, 100, '0,100', '广告管理中心', 2, 'admin_tea', '15888888888', 'ry@qq.com', '0', '0', 'admin', '2018-03-16 11:33:00', 'admin', '2020-10-05 12:17:12');
INSERT INTO `sys_dept` VALUES (103, 101, '0,100,101', '电视频道', 1, 'admin_ie_one', '15888888888', 'admin_ie_one@qq.com', '0', '0', 'admin', '2018-03-16 11:33:00', 'admin', '2020-10-05 12:15:57');
INSERT INTO `sys_dept` VALUES (104, 101, '0,100,101', '广播频道', 2, 'admin_ie_second', '15888888888', 'admin_ie_second@qq.com', '0', '0', 'admin', '2018-03-16 11:33:00', 'admin', '2020-10-05 12:16:04');
INSERT INTO `sys_dept` VALUES (105, 101, '0,100,101', '网站建设', 3, '若依', '15888888888', 'ry@qq.com', '0', '0', 'admin', '2018-03-16 11:33:00', 'admin', '2020-10-05 12:16:42');
INSERT INTO `sys_dept` VALUES (106, 101, '0,100,101', '技术部门', 4, '若依', '15888888888', 'ry@qq.com', '0', '0', 'admin', '2018-03-16 11:33:00', 'admin', '2020-10-05 12:16:31');
INSERT INTO `sys_dept` VALUES (107, 101, '0,100,101', '运维部门', 5, '若依', '15888888888', 'ry@qq.com', '0', '2', 'admin', '2018-03-16 11:33:00', 'ry', '2018-03-16 11:33:00');
INSERT INTO `sys_dept` VALUES (108, 102, '0,100,102', '广告对接', 1, '若依', '15888888888', 'ry@qq.com', '0', '0', 'admin', '2018-03-16 11:33:00', 'admin', '2020-10-05 12:17:04');
INSERT INTO `sys_dept` VALUES (109, 102, '0,100,102', '广告排布', 2, '若依', '15888888888', 'ry@qq.com', '0', '0', 'admin', '2018-03-16 11:33:00', 'admin', '2020-10-05 12:17:12');
COMMIT;

-- ----------------------------
-- Table structure for sys_dict_data
-- ----------------------------
DROP TABLE IF EXISTS `sys_dict_data`;
CREATE TABLE `sys_dict_data` (
  `dict_code` bigint(20) NOT NULL AUTO_INCREMENT COMMENT '字典编码',
  `dict_sort` int(4) DEFAULT '0' COMMENT '字典排序',
  `dict_label` varchar(100) DEFAULT '' COMMENT '字典标签',
  `dict_value` varchar(100) DEFAULT '' COMMENT '字典键值',
  `dict_type` varchar(100) DEFAULT '' COMMENT '字典类型',
  `css_class` varchar(100) DEFAULT NULL COMMENT '样式属性（其他样式扩展）',
  `list_class` varchar(100) DEFAULT NULL COMMENT '表格回显样式',
  `is_default` char(1) DEFAULT 'N' COMMENT '是否默认（Y是 N否）',
  `status` char(1) DEFAULT '0' COMMENT '状态（0正常 1停用）',
  `create_by` varchar(64) DEFAULT '' COMMENT '创建者',
  `create_time` datetime DEFAULT NULL COMMENT '创建时间',
  `update_by` varchar(64) DEFAULT '' COMMENT '更新者',
  `update_time` datetime DEFAULT NULL COMMENT '更新时间',
  `remark` varchar(500) DEFAULT NULL COMMENT '备注',
  PRIMARY KEY (`dict_code`)
) ENGINE=InnoDB AUTO_INCREMENT=110 DEFAULT CHARSET=utf8mb4 COMMENT='字典数据表';

-- ----------------------------
-- Records of sys_dict_data
-- ----------------------------
BEGIN;
INSERT INTO `sys_dict_data` VALUES (1, 1, '男', '0', 'sys_user_sex', '', '', 'Y', '0', 'admin', '2018-03-16 11:33:00', 'ry', '2018-03-16 11:33:00', '性别男');
INSERT INTO `sys_dict_data` VALUES (2, 2, '女', '1', 'sys_user_sex', '', '', 'N', '0', 'admin', '2018-03-16 11:33:00', 'ry', '2018-03-16 11:33:00', '性别女');
INSERT INTO `sys_dict_data` VALUES (3, 3, '未知', '2', 'sys_user_sex', '', '', 'N', '0', 'admin', '2018-03-16 11:33:00', 'ry', '2018-03-16 11:33:00', '性别未知');
INSERT INTO `sys_dict_data` VALUES (4, 1, '显示', '0', 'sys_show_hide', '', 'primary', 'Y', '0', 'admin', '2018-03-16 11:33:00', 'ry', '2018-03-16 11:33:00', '显示菜单');
INSERT INTO `sys_dict_data` VALUES (5, 2, '隐藏', '1', 'sys_show_hide', '', 'danger', 'N', '0', 'admin', '2018-03-16 11:33:00', 'ry', '2018-03-16 11:33:00', '隐藏菜单');
INSERT INTO `sys_dict_data` VALUES (6, 1, '正常', '0', 'sys_normal_disable', '', 'primary', 'Y', '0', 'admin', '2018-03-16 11:33:00', 'ry', '2018-03-16 11:33:00', '正常状态');
INSERT INTO `sys_dict_data` VALUES (7, 2, '停用', '1', 'sys_normal_disable', '', 'danger', 'N', '0', 'admin', '2018-03-16 11:33:00', 'ry', '2018-03-16 11:33:00', '停用状态');
INSERT INTO `sys_dict_data` VALUES (8, 1, '正常', '0', 'sys_job_status', '', 'primary', 'Y', '0', 'admin', '2018-03-16 11:33:00', 'ry', '2018-03-16 11:33:00', '正常状态');
INSERT INTO `sys_dict_data` VALUES (9, 2, '暂停', '1', 'sys_job_status', '', 'danger', 'N', '0', 'admin', '2018-03-16 11:33:00', 'ry', '2018-03-16 11:33:00', '停用状态');
INSERT INTO `sys_dict_data` VALUES (10, 1, '默认', 'DEFAULT', 'sys_job_group', '', '', 'Y', '0', 'admin', '2018-03-16 11:33:00', 'ry', '2018-03-16 11:33:00', '默认分组');
INSERT INTO `sys_dict_data` VALUES (11, 2, '系统', 'SYSTEM', 'sys_job_group', '', '', 'N', '0', 'admin', '2018-03-16 11:33:00', 'ry', '2018-03-16 11:33:00', '系统分组');
INSERT INTO `sys_dict_data` VALUES (12, 1, '是', 'Y', 'sys_yes_no', '', 'primary', 'Y', '0', 'admin', '2018-03-16 11:33:00', 'ry', '2018-03-16 11:33:00', '系统默认是');
INSERT INTO `sys_dict_data` VALUES (13, 2, '否', 'N', 'sys_yes_no', '', 'danger', 'N', '0', 'admin', '2018-03-16 11:33:00', 'ry', '2018-03-16 11:33:00', '系统默认否');
INSERT INTO `sys_dict_data` VALUES (14, 1, '通知', '1', 'sys_notice_type', '', 'warning', 'Y', '0', 'admin', '2018-03-16 11:33:00', 'ry', '2018-03-16 11:33:00', '通知');
INSERT INTO `sys_dict_data` VALUES (15, 2, '公告', '2', 'sys_notice_type', '', 'success', 'N', '0', 'admin', '2018-03-16 11:33:00', 'ry', '2018-03-16 11:33:00', '公告');
INSERT INTO `sys_dict_data` VALUES (16, 1, '正常', '0', 'sys_notice_status', '', 'primary', 'Y', '0', 'admin', '2018-03-16 11:33:00', 'ry', '2018-03-16 11:33:00', '正常状态');
INSERT INTO `sys_dict_data` VALUES (17, 2, '关闭', '1', 'sys_notice_status', '', 'danger', 'N', '0', 'admin', '2018-03-16 11:33:00', 'ry', '2018-03-16 11:33:00', '关闭状态');
INSERT INTO `sys_dict_data` VALUES (18, 99, '其他', '0', 'sys_oper_type', '', 'info', 'N', '0', 'admin', '2018-03-16 11:33:00', 'ry', '2018-03-16 11:33:00', '其他操作');
INSERT INTO `sys_dict_data` VALUES (19, 1, '新增', '1', 'sys_oper_type', '', 'info', 'N', '0', 'admin', '2018-03-16 11:33:00', 'ry', '2018-03-16 11:33:00', '新增操作');
INSERT INTO `sys_dict_data` VALUES (20, 2, '修改', '2', 'sys_oper_type', '', 'info', 'N', '0', 'admin', '2018-03-16 11:33:00', 'ry', '2018-03-16 11:33:00', '修改操作');
INSERT INTO `sys_dict_data` VALUES (21, 3, '删除', '3', 'sys_oper_type', '', 'danger', 'N', '0', 'admin', '2018-03-16 11:33:00', 'ry', '2018-03-16 11:33:00', '删除操作');
INSERT INTO `sys_dict_data` VALUES (22, 4, '授权', '4', 'sys_oper_type', '', 'primary', 'N', '0', 'admin', '2018-03-16 11:33:00', 'ry', '2018-03-16 11:33:00', '授权操作');
INSERT INTO `sys_dict_data` VALUES (23, 5, '导出', '5', 'sys_oper_type', '', 'warning', 'N', '0', 'admin', '2018-03-16 11:33:00', 'ry', '2018-03-16 11:33:00', '导出操作');
INSERT INTO `sys_dict_data` VALUES (24, 6, '导入', '6', 'sys_oper_type', '', 'warning', 'N', '0', 'admin', '2018-03-16 11:33:00', 'ry', '2018-03-16 11:33:00', '导入操作');
INSERT INTO `sys_dict_data` VALUES (25, 7, '强退', '7', 'sys_oper_type', '', 'danger', 'N', '0', 'admin', '2018-03-16 11:33:00', 'ry', '2018-03-16 11:33:00', '强退操作');
INSERT INTO `sys_dict_data` VALUES (26, 8, '生成代码', '8', 'sys_oper_type', '', 'warning', 'N', '0', 'admin', '2018-03-16 11:33:00', 'ry', '2018-03-16 11:33:00', '生成操作');
INSERT INTO `sys_dict_data` VALUES (27, 9, '清空数据', '9', 'sys_oper_type', '', 'danger', 'N', '0', 'admin', '2018-03-16 11:33:00', 'ry', '2018-03-16 11:33:00', '清空操作');
INSERT INTO `sys_dict_data` VALUES (28, 1, '成功', '0', 'sys_common_status', '', 'primary', 'N', '0', 'admin', '2018-03-16 11:33:00', 'ry', '2018-03-16 11:33:00', '正常状态');
INSERT INTO `sys_dict_data` VALUES (29, 2, '失败', '1', 'sys_common_status', '', 'danger', 'N', '0', 'admin', '2018-03-16 11:33:00', 'ry', '2018-03-16 11:33:00', '停用状态');
INSERT INTO `sys_dict_data` VALUES (101, 1, '新闻中心', '1', 'sys_news_type', '', 'primary', 'Y', '0', 'luna', '2020-09-25 11:32:38', 'admin', '2020-10-05 12:00:10', '新闻中心');
INSERT INTO `sys_dict_data` VALUES (102, 1, '开启', '1', 'sys_news_status', NULL, 'success', 'Y', '0', 'luna', '2020-09-25 11:35:32', '', NULL, '开启新闻显示');
INSERT INTO `sys_dict_data` VALUES (103, 2, '关闭', '0', 'sys_news_status', NULL, 'danger', 'Y', '0', 'luna', '2020-09-25 11:35:57', '', NULL, '关闭新闻通知');
INSERT INTO `sys_dict_data` VALUES (104, 1, '音乐', '1', 'sys_blog_type', NULL, 'primary', 'Y', '0', 'admin', '2020-10-06 15:36:56', '', NULL, '音乐博客文章类型');
INSERT INTO `sys_dict_data` VALUES (105, 2, '旅行', '2', 'sys_blog_type', NULL, 'success', 'Y', '0', 'admin', '2020-10-06 15:37:23', '', NULL, '旅行博客文章类型');
INSERT INTO `sys_dict_data` VALUES (106, 3, '时尚', '3', 'sys_blog_type', NULL, 'info', 'Y', '0', 'admin', '2020-10-06 15:37:51', '', NULL, '时尚博客文章类型');
INSERT INTO `sys_dict_data` VALUES (107, 4, '特征', '4', 'sys_blog_type', NULL, 'warning', 'Y', '0', 'admin', '2020-10-06 15:38:16', '', NULL, '特征博客文章类型');
INSERT INTO `sys_dict_data` VALUES (108, 0, '正常', '0', 'sys_blog_status', NULL, 'success', 'Y', '0', 'admin', '2020-10-06 15:40:24', '', NULL, '博客发布正常');
INSERT INTO `sys_dict_data` VALUES (109, 1, '关闭', '1', 'sys_blog_status', NULL, 'danger', 'Y', '0', 'admin', '2020-10-06 15:40:48', '', NULL, '关闭博客展示');
COMMIT;

-- ----------------------------
-- Table structure for sys_dict_type
-- ----------------------------
DROP TABLE IF EXISTS `sys_dict_type`;
CREATE TABLE `sys_dict_type` (
  `dict_id` bigint(20) NOT NULL AUTO_INCREMENT COMMENT '字典主键',
  `dict_name` varchar(100) DEFAULT '' COMMENT '字典名称',
  `dict_type` varchar(100) DEFAULT '' COMMENT '字典类型',
  `status` char(1) DEFAULT '0' COMMENT '状态（0正常 1停用）',
  `create_by` varchar(64) DEFAULT '' COMMENT '创建者',
  `create_time` datetime DEFAULT NULL COMMENT '创建时间',
  `update_by` varchar(64) DEFAULT '' COMMENT '更新者',
  `update_time` datetime DEFAULT NULL COMMENT '更新时间',
  `remark` varchar(500) DEFAULT NULL COMMENT '备注',
  PRIMARY KEY (`dict_id`),
  UNIQUE KEY `dict_type` (`dict_type`)
) ENGINE=InnoDB AUTO_INCREMENT=104 DEFAULT CHARSET=utf8mb4 COMMENT='字典类型表';

-- ----------------------------
-- Records of sys_dict_type
-- ----------------------------
BEGIN;
INSERT INTO `sys_dict_type` VALUES (1, '用户性别', 'sys_user_sex', '0', 'admin', '2018-03-16 11:33:00', 'ry', '2018-03-16 11:33:00', '用户性别列表');
INSERT INTO `sys_dict_type` VALUES (2, '菜单状态', 'sys_show_hide', '0', 'admin', '2018-03-16 11:33:00', 'ry', '2018-03-16 11:33:00', '菜单状态列表');
INSERT INTO `sys_dict_type` VALUES (3, '系统开关', 'sys_normal_disable', '0', 'admin', '2018-03-16 11:33:00', 'ry', '2018-03-16 11:33:00', '系统开关列表');
INSERT INTO `sys_dict_type` VALUES (4, '任务状态', 'sys_job_status', '0', 'admin', '2018-03-16 11:33:00', 'ry', '2018-03-16 11:33:00', '任务状态列表');
INSERT INTO `sys_dict_type` VALUES (5, '任务分组', 'sys_job_group', '0', 'admin', '2018-03-16 11:33:00', 'ry', '2018-03-16 11:33:00', '任务分组列表');
INSERT INTO `sys_dict_type` VALUES (6, '系统是否', 'sys_yes_no', '0', 'admin', '2018-03-16 11:33:00', 'ry', '2018-03-16 11:33:00', '系统是否列表');
INSERT INTO `sys_dict_type` VALUES (7, '通知类型', 'sys_notice_type', '0', 'admin', '2018-03-16 11:33:00', 'ry', '2018-03-16 11:33:00', '通知类型列表');
INSERT INTO `sys_dict_type` VALUES (8, '通知状态', 'sys_notice_status', '0', 'admin', '2018-03-16 11:33:00', 'ry', '2018-03-16 11:33:00', '通知状态列表');
INSERT INTO `sys_dict_type` VALUES (9, '操作类型', 'sys_oper_type', '0', 'admin', '2018-03-16 11:33:00', 'ry', '2018-03-16 11:33:00', '操作类型列表');
INSERT INTO `sys_dict_type` VALUES (10, '系统状态', 'sys_common_status', '0', 'admin', '2018-03-16 11:33:00', 'ry', '2018-03-16 11:33:00', '登录状态列表');
INSERT INTO `sys_dict_type` VALUES (100, '新闻类型', 'sys_news_type', '0', 'luna', '2020-09-25 11:31:50', 'luna', '2020-09-25 11:33:50', '新闻类型列表');
INSERT INTO `sys_dict_type` VALUES (101, '新闻状态', 'sys_news_status', '0', 'luna', '2020-09-25 11:34:22', 'luna', '2020-09-25 11:34:42', '新闻状态列表');
INSERT INTO `sys_dict_type` VALUES (102, '博客类型', 'sys_blog_type', '0', 'admin', '2020-10-06 15:36:21', '', NULL, '发布博客的文章类型');
INSERT INTO `sys_dict_type` VALUES (103, '博客状态', 'sys_blog_status', '0', 'admin', '2020-10-06 15:39:54', '', NULL, '博客状态');
COMMIT;

-- ----------------------------
-- Table structure for sys_job
-- ----------------------------
DROP TABLE IF EXISTS `sys_job`;
CREATE TABLE `sys_job` (
  `job_id` bigint(20) NOT NULL AUTO_INCREMENT COMMENT '任务ID',
  `job_name` varchar(64) NOT NULL DEFAULT '' COMMENT '任务名称',
  `job_group` varchar(64) NOT NULL DEFAULT 'DEFAULT' COMMENT '任务组名',
  `invoke_target` varchar(500) NOT NULL COMMENT '调用目标字符串',
  `cron_expression` varchar(255) DEFAULT '' COMMENT 'cron执行表达式',
  `misfire_policy` varchar(20) DEFAULT '3' COMMENT '计划执行错误策略（1立即执行 2执行一次 3放弃执行）',
  `concurrent` char(1) DEFAULT '1' COMMENT '是否并发执行（0允许 1禁止）',
  `status` char(1) DEFAULT '0' COMMENT '状态（0正常 1暂停）',
  `create_by` varchar(64) DEFAULT '' COMMENT '创建者',
  `create_time` datetime DEFAULT NULL COMMENT '创建时间',
  `update_by` varchar(64) DEFAULT '' COMMENT '更新者',
  `update_time` datetime DEFAULT NULL COMMENT '更新时间',
  `remark` varchar(500) DEFAULT '' COMMENT '备注信息',
  PRIMARY KEY (`job_id`,`job_name`,`job_group`)
) ENGINE=InnoDB AUTO_INCREMENT=100 DEFAULT CHARSET=utf8mb4 COMMENT='定时任务调度表';

-- ----------------------------
-- Records of sys_job
-- ----------------------------
BEGIN;
INSERT INTO `sys_job` VALUES (1, '系统默认（无参）', 'DEFAULT', 'ryTask.ryNoParams', '0/10 * * * * ?', '3', '1', '1', 'admin', '2018-03-16 11:33:00', 'ry', '2018-03-16 11:33:00', '');
INSERT INTO `sys_job` VALUES (2, '系统默认（有参）', 'DEFAULT', 'ryTask.ryParams(\'ry\')', '0/15 * * * * ?', '3', '1', '1', 'admin', '2018-03-16 11:33:00', 'ry', '2018-03-16 11:33:00', '');
INSERT INTO `sys_job` VALUES (3, '系统默认（多参）', 'DEFAULT', 'ryTask.ryMultipleParams(\'ry\', true, 2000L, 316.50D, 100)', '0/20 * * * * ?', '3', '1', '1', 'admin', '2018-03-16 11:33:00', 'ry', '2018-03-16 11:33:00', '');
COMMIT;

-- ----------------------------
-- Table structure for sys_job_log
-- ----------------------------
DROP TABLE IF EXISTS `sys_job_log`;
CREATE TABLE `sys_job_log` (
  `job_log_id` bigint(20) NOT NULL AUTO_INCREMENT COMMENT '任务日志ID',
  `job_name` varchar(64) NOT NULL COMMENT '任务名称',
  `job_group` varchar(64) NOT NULL COMMENT '任务组名',
  `invoke_target` varchar(500) NOT NULL COMMENT '调用目标字符串',
  `job_message` varchar(500) DEFAULT NULL COMMENT '日志信息',
  `status` char(1) DEFAULT '0' COMMENT '执行状态（0正常 1失败）',
  `exception_info` varchar(2000) DEFAULT '' COMMENT '异常信息',
  `create_time` datetime DEFAULT NULL COMMENT '创建时间',
  PRIMARY KEY (`job_log_id`)
) ENGINE=InnoDB DEFAULT CHARSET=utf8mb4 COMMENT='定时任务调度日志表';

-- ----------------------------
-- Records of sys_job_log
-- ----------------------------
BEGIN;
COMMIT;

-- ----------------------------
-- Table structure for sys_logininfor
-- ----------------------------
DROP TABLE IF EXISTS `sys_logininfor`;
CREATE TABLE `sys_logininfor` (
  `info_id` bigint(20) NOT NULL AUTO_INCREMENT COMMENT '访问ID',
  `login_name` varchar(50) DEFAULT '' COMMENT '登录账号',
  `ipaddr` varchar(50) DEFAULT '' COMMENT '登录IP地址',
  `login_location` varchar(255) DEFAULT '' COMMENT '登录地点',
  `browser` varchar(50) DEFAULT '' COMMENT '浏览器类型',
  `os` varchar(50) DEFAULT '' COMMENT '操作系统',
  `status` char(1) DEFAULT '0' COMMENT '登录状态（0成功 1失败）',
  `msg` varchar(255) DEFAULT '' COMMENT '提示消息',
  `login_time` datetime DEFAULT NULL COMMENT '访问时间',
  PRIMARY KEY (`info_id`)
) ENGINE=InnoDB AUTO_INCREMENT=221 DEFAULT CHARSET=utf8mb4 COMMENT='系统访问记录';

-- ----------------------------
-- Records of sys_logininfor
-- ----------------------------
BEGIN;
INSERT INTO `sys_logininfor` VALUES (100, 'admin', '127.0.0.1', '内网IP', 'Chrome 8', 'Windows 10', '0', '登录成功', '2020-09-21 13:00:55');
INSERT INTO `sys_logininfor` VALUES (101, 'admin', '127.0.0.1', '内网IP', 'Chrome 8', 'Windows 10', '0', '退出成功', '2020-09-23 16:23:17');
INSERT INTO `sys_logininfor` VALUES (102, 'admin', '127.0.0.1', '内网IP', 'Chrome 8', 'Windows 10', '1', '验证码错误', '2020-09-23 16:23:45');
INSERT INTO `sys_logininfor` VALUES (103, 'admin', '127.0.0.1', '内网IP', 'Chrome 8', 'Windows 10', '0', '登录成功', '2020-09-23 16:24:23');
INSERT INTO `sys_logininfor` VALUES (104, 'admin', '127.0.0.1', '内网IP', 'Chrome', 'Windows 10', '0', '登录成功', '2020-09-24 20:11:02');
INSERT INTO `sys_logininfor` VALUES (105, 'admin', '127.0.0.1', '内网IP', 'Chrome', 'Windows 10', '0', '登录成功', '2020-09-24 20:24:49');
INSERT INTO `sys_logininfor` VALUES (106, 'admin', '127.0.0.1', '内网IP', 'Chrome 8', 'Windows 10', '1', '验证码错误', '2020-09-24 20:35:55');
INSERT INTO `sys_logininfor` VALUES (107, 'admin', '127.0.0.1', '内网IP', 'Chrome 8', 'Windows 10', '0', '登录成功', '2020-09-24 20:36:01');
INSERT INTO `sys_logininfor` VALUES (108, 'luna', '127.0.0.1', '内网IP', 'Chrome 8', 'Windows 10', '0', '注册成功', '2020-09-24 20:38:57');
INSERT INTO `sys_logininfor` VALUES (109, 'admin', '127.0.0.1', '内网IP', 'Chrome 8', 'Windows 10', '0', '登录成功', '2020-09-24 20:39:10');
INSERT INTO `sys_logininfor` VALUES (110, 'luna', '127.0.0.1', '内网IP', 'Chrome 8', 'Windows 10', '1', '验证码错误', '2020-09-24 20:39:21');
INSERT INTO `sys_logininfor` VALUES (111, 'luna', '127.0.0.1', '内网IP', 'Chrome 8', 'Windows 10', '0', '登录成功', '2020-09-24 20:39:23');
INSERT INTO `sys_logininfor` VALUES (112, 'luna', '127.0.0.1', '内网IP', 'Chrome 8', 'Windows 10', '0', '退出成功', '2020-09-24 20:39:38');
INSERT INTO `sys_logininfor` VALUES (113, 'admin', '127.0.0.1', '内网IP', 'Chrome 8', 'Windows 10', '0', '登录成功', '2020-09-25 10:20:25');
INSERT INTO `sys_logininfor` VALUES (114, 'luna', '127.0.0.1', '内网IP', 'Chrome 8', 'Windows 10', '0', '登录成功', '2020-09-25 10:27:00');
INSERT INTO `sys_logininfor` VALUES (115, 'luna', '127.0.0.1', '内网IP', 'Chrome 8', 'Windows 10', '0', '退出成功', '2020-09-25 12:27:27');
INSERT INTO `sys_logininfor` VALUES (116, 'admin', '127.0.0.1', '内网IP', 'Chrome 8', 'Windows 10', '0', '登录成功', '2020-09-25 12:27:32');
INSERT INTO `sys_logininfor` VALUES (117, 'admin', '127.0.0.1', '内网IP', 'Chrome 8', 'Windows 10', '0', '退出成功', '2020-09-25 12:33:53');
INSERT INTO `sys_logininfor` VALUES (118, 'admin', '127.0.0.1', '内网IP', 'Chrome 8', 'Windows 10', '1', '验证码错误', '2020-09-25 12:34:06');
INSERT INTO `sys_logininfor` VALUES (119, 'admin', '127.0.0.1', '内网IP', 'Chrome 8', 'Windows 10', '1', '验证码错误', '2020-09-25 12:34:10');
INSERT INTO `sys_logininfor` VALUES (120, 'admin', '127.0.0.1', '内网IP', 'Chrome 8', 'Windows 10', '0', '登录成功', '2020-09-25 12:34:16');
INSERT INTO `sys_logininfor` VALUES (121, 'admin', '127.0.0.1', '内网IP', 'Chrome 8', 'Windows 10', '0', '退出成功', '2020-09-25 12:35:33');
INSERT INTO `sys_logininfor` VALUES (122, 'admin', '127.0.0.1', '内网IP', 'Chrome 8', 'Windows 10', '1', '验证码错误', '2020-09-25 12:35:44');
INSERT INTO `sys_logininfor` VALUES (123, 'admin', '127.0.0.1', '内网IP', 'Chrome 8', 'Windows 10', '0', '登录成功', '2020-09-25 12:35:49');
INSERT INTO `sys_logininfor` VALUES (124, 'admin', '127.0.0.1', '内网IP', 'Chrome 8', 'Windows 10', '0', '退出成功', '2020-09-25 12:35:59');
INSERT INTO `sys_logininfor` VALUES (125, 'admin', '127.0.0.1', '内网IP', 'Chrome 8', 'Windows 10', '0', '登录成功', '2020-09-25 12:42:51');
INSERT INTO `sys_logininfor` VALUES (126, 'admin', '127.0.0.1', '内网IP', 'Chrome 8', 'Windows 10', '0', '退出成功', '2020-09-25 12:48:24');
INSERT INTO `sys_logininfor` VALUES (127, 'admin', '127.0.0.1', '内网IP', 'Chrome 8', 'Windows 10', '1', '验证码错误', '2020-09-25 12:48:35');
INSERT INTO `sys_logininfor` VALUES (128, 'admin', '127.0.0.1', '内网IP', 'Chrome 8', 'Windows 10', '0', '登录成功', '2020-09-25 12:48:38');
INSERT INTO `sys_logininfor` VALUES (129, 'admin', '127.0.0.1', '内网IP', 'Chrome 8', 'Windows 10', '0', '登录成功', '2020-09-26 13:32:53');
INSERT INTO `sys_logininfor` VALUES (130, 'admin', '127.0.0.1', '内网IP', 'Chrome 8', 'Windows 10', '0', '登录成功', '2020-09-26 13:37:47');
INSERT INTO `sys_logininfor` VALUES (131, 'admin', '127.0.0.1', '内网IP', 'Chrome 8', 'Windows 10', '0', '登录成功', '2020-09-26 14:00:54');
INSERT INTO `sys_logininfor` VALUES (132, 'admin', '127.0.0.1', '内网IP', 'Chrome 8', 'Windows 10', '0', '退出成功', '2020-09-26 14:10:39');
INSERT INTO `sys_logininfor` VALUES (133, 'admin', '127.0.0.1', '内网IP', 'Chrome 8', 'Windows 10', '0', '登录成功', '2020-09-26 14:12:23');
INSERT INTO `sys_logininfor` VALUES (134, 'admin', '192.168.31.17', '内网IP', 'Safari', 'Mac OS X', '0', '登录成功', '2020-09-26 14:12:36');
INSERT INTO `sys_logininfor` VALUES (135, 'admin', '127.0.0.1', '内网IP', 'Chrome', 'Windows 10', '0', '登录成功', '2020-09-26 15:13:59');
INSERT INTO `sys_logininfor` VALUES (136, 'admin', '127.0.0.1', '内网IP', 'Chrome 8', 'Windows 10', '0', '登录成功', '2020-09-27 14:00:39');
INSERT INTO `sys_logininfor` VALUES (137, 'admin', '127.0.0.1', '内网IP', 'Chrome', 'Windows 10', '0', '登录成功', '2020-09-28 20:10:25');
INSERT INTO `sys_logininfor` VALUES (138, 'admin', '127.0.0.1', '内网IP', 'Chrome', 'Windows 10', '1', '验证码错误', '2020-09-28 20:34:48');
INSERT INTO `sys_logininfor` VALUES (139, 'admin', '127.0.0.1', '内网IP', 'Chrome', 'Windows 10', '0', '登录成功', '2020-09-28 20:34:54');
INSERT INTO `sys_logininfor` VALUES (140, 'admin', '127.0.0.1', '内网IP', 'Chrome 8', 'Windows 10', '0', '登录成功', '2020-09-28 20:51:06');
INSERT INTO `sys_logininfor` VALUES (141, 'admin', '127.0.0.1', '内网IP', 'Chrome 8', 'Windows 10', '0', '登录成功', '2020-10-04 14:37:46');
INSERT INTO `sys_logininfor` VALUES (142, 'admin', '127.0.0.1', '内网IP', 'Chrome 8', 'Windows 10', '0', '登录成功', '2020-10-05 10:51:30');
INSERT INTO `sys_logininfor` VALUES (143, 'admin', '127.0.0.1', '内网IP', 'Chrome 8', 'Windows 10', '0', '登录成功', '2020-10-05 10:56:11');
INSERT INTO `sys_logininfor` VALUES (144, 'admin', '127.0.0.1', '内网IP', 'Chrome 8', 'Windows 10', '0', '登录成功', '2020-10-05 10:57:35');
INSERT INTO `sys_logininfor` VALUES (145, 'admin', '127.0.0.1', '内网IP', 'Chrome 8', 'Windows 10', '0', '登录成功', '2020-10-05 10:58:17');
INSERT INTO `sys_logininfor` VALUES (146, 'admin', '127.0.0.1', '内网IP', 'Chrome 8', 'Windows 10', '0', '退出成功', '2020-10-05 11:22:50');
INSERT INTO `sys_logininfor` VALUES (147, 'admin', '127.0.0.1', '内网IP', 'Chrome 8', 'Windows 10', '0', '退出成功', '2020-10-05 11:27:43');
INSERT INTO `sys_logininfor` VALUES (148, 'admin', '127.0.0.1', '内网IP', 'Chrome 8', 'Windows 10', '1', '验证码错误', '2020-10-05 11:37:14');
INSERT INTO `sys_logininfor` VALUES (149, 'admin', '127.0.0.1', '内网IP', 'Chrome 8', 'Windows 10', '0', '登录成功', '2020-10-05 11:37:18');
INSERT INTO `sys_logininfor` VALUES (150, 'admin', '127.0.0.1', '内网IP', 'Chrome 8', 'Windows 10', '0', '退出成功', '2020-10-05 11:43:29');
INSERT INTO `sys_logininfor` VALUES (151, 'admin', '127.0.0.1', '内网IP', 'Chrome 8', 'Windows 10', '0', '登录成功', '2020-10-05 11:46:37');
INSERT INTO `sys_logininfor` VALUES (152, 'admin', '127.0.0.1', '内网IP', 'Chrome 8', 'Windows 10', '0', '退出成功', '2020-10-05 11:47:50');
INSERT INTO `sys_logininfor` VALUES (153, 'admin', '127.0.0.1', '内网IP', 'Chrome 8', 'Windows 10', '0', '登录成功', '2020-10-05 11:49:21');
INSERT INTO `sys_logininfor` VALUES (154, 'admin', '127.0.0.1', '内网IP', 'Chrome 8', 'Windows 10', '0', '登录成功', '2020-10-05 11:51:49');
INSERT INTO `sys_logininfor` VALUES (155, 'admin', '127.0.0.1', '内网IP', 'Chrome 8', 'Windows 10', '1', '验证码错误', '2020-10-05 13:04:33');
INSERT INTO `sys_logininfor` VALUES (156, 'admin', '127.0.0.1', '内网IP', 'Chrome 8', 'Windows 10', '1', '验证码错误', '2020-10-05 13:04:36');
INSERT INTO `sys_logininfor` VALUES (157, 'admin', '127.0.0.1', '内网IP', 'Chrome 8', 'Windows 10', '0', '登录成功', '2020-10-05 13:04:39');
INSERT INTO `sys_logininfor` VALUES (158, 'admin', '127.0.0.1', '内网IP', 'Chrome 8', 'Windows 10', '0', '退出成功', '2020-10-05 13:05:10');
INSERT INTO `sys_logininfor` VALUES (159, 'admin', '127.0.0.1', '内网IP', 'Chrome 8', 'Windows 10', '0', '登录成功', '2020-10-05 13:08:26');
INSERT INTO `sys_logininfor` VALUES (160, 'admin', '127.0.0.1', '内网IP', 'Chrome 8', 'Windows 10', '0', '登录成功', '2020-10-05 13:20:14');
INSERT INTO `sys_logininfor` VALUES (161, 'admin', '127.0.0.1', '内网IP', 'Chrome 8', 'Windows 10', '0', '登录成功', '2020-10-05 13:25:28');
INSERT INTO `sys_logininfor` VALUES (162, 'admin', '127.0.0.1', '内网IP', 'Chrome 8', 'Windows 10', '1', '验证码错误', '2020-10-05 13:33:08');
INSERT INTO `sys_logininfor` VALUES (163, 'admin', '127.0.0.1', '内网IP', 'Chrome 8', 'Windows 10', '0', '登录成功', '2020-10-05 13:33:12');
INSERT INTO `sys_logininfor` VALUES (164, 'admin', '127.0.0.1', '内网IP', 'Chrome 8', 'Windows 10', '1', '验证码错误', '2020-10-05 15:34:10');
INSERT INTO `sys_logininfor` VALUES (165, 'admin', '127.0.0.1', '内网IP', 'Chrome 8', 'Windows 10', '0', '登录成功', '2020-10-05 15:34:13');
INSERT INTO `sys_logininfor` VALUES (166, 'admin', '127.0.0.1', '内网IP', 'Chrome 8', 'Windows 10', '0', '登录成功', '2020-10-06 14:18:04');
INSERT INTO `sys_logininfor` VALUES (167, 'admin', '127.0.0.1', '内网IP', 'Chrome 8', 'Windows 10', '1', '验证码错误', '2020-10-06 15:12:22');
INSERT INTO `sys_logininfor` VALUES (168, 'admin', '127.0.0.1', '内网IP', 'Chrome 8', 'Windows 10', '1', '验证码错误', '2020-10-06 15:12:25');
INSERT INTO `sys_logininfor` VALUES (169, 'admin', '127.0.0.1', '内网IP', 'Chrome 8', 'Windows 10', '1', '验证码错误', '2020-10-06 15:12:29');
INSERT INTO `sys_logininfor` VALUES (170, 'admin', '127.0.0.1', '内网IP', 'Chrome 8', 'Windows 10', '0', '登录成功', '2020-10-06 15:12:35');
INSERT INTO `sys_logininfor` VALUES (171, 'admin', '127.0.0.1', '内网IP', 'Chrome Mobile', 'Android Mobile', '0', '登录成功', '2020-10-06 15:20:39');
INSERT INTO `sys_logininfor` VALUES (172, 'admin', '127.0.0.1', '内网IP', 'Chrome 8', 'Windows 10', '0', '登录成功', '2020-10-06 15:25:17');
INSERT INTO `sys_logininfor` VALUES (173, 'admin', '127.0.0.1', '内网IP', 'Chrome 8', 'Windows 10', '0', '登录成功', '2020-10-06 15:31:07');
INSERT INTO `sys_logininfor` VALUES (174, 'admin', '127.0.0.1', '内网IP', 'Chrome 8', 'Windows 10', '1', '验证码错误', '2020-10-06 16:09:56');
INSERT INTO `sys_logininfor` VALUES (175, 'admin', '127.0.0.1', '内网IP', 'Chrome 8', 'Windows 10', '0', '登录成功', '2020-10-06 16:10:02');
INSERT INTO `sys_logininfor` VALUES (176, 'admin', '127.0.0.1', '内网IP', 'Chrome 8', 'Windows 10', '0', '登录成功', '2020-10-06 16:24:13');
INSERT INTO `sys_logininfor` VALUES (177, 'admin', '127.0.0.1', '内网IP', 'Chrome 8', 'Windows 10', '0', '退出成功', '2020-10-07 14:17:41');
INSERT INTO `sys_logininfor` VALUES (178, 'admin', '127.0.0.1', '内网IP', 'Chrome 8', 'Windows 10', '1', '验证码错误', '2020-10-07 14:18:39');
INSERT INTO `sys_logininfor` VALUES (179, 'admin', '127.0.0.1', '内网IP', 'Chrome 8', 'Windows 10', '0', '登录成功', '2020-10-07 14:18:42');
INSERT INTO `sys_logininfor` VALUES (180, 'admin', '127.0.0.1', '内网IP', 'Chrome 8', 'Windows 10', '0', '退出成功', '2020-10-07 14:19:12');
INSERT INTO `sys_logininfor` VALUES (181, 'admin', '127.0.0.1', '内网IP', 'Chrome 8', 'Windows 10', '1', '验证码错误', '2020-10-07 14:19:28');
INSERT INTO `sys_logininfor` VALUES (182, 'admin', '127.0.0.1', '内网IP', 'Chrome 8', 'Windows 10', '0', '登录成功', '2020-10-07 14:19:32');
INSERT INTO `sys_logininfor` VALUES (183, 'admin', '127.0.0.1', '内网IP', 'Chrome 8', 'Windows 10', '0', '登录成功', '2020-10-07 20:01:55');
INSERT INTO `sys_logininfor` VALUES (184, 'admin', '127.0.0.1', '内网IP', 'Chrome 8', 'Windows 10', '0', '登录成功', '2020-10-07 20:36:35');
INSERT INTO `sys_logininfor` VALUES (185, 'admin', '127.0.0.1', '内网IP', 'Chrome 8', 'Windows 10', '0', '登录成功', '2020-10-07 21:42:31');
INSERT INTO `sys_logininfor` VALUES (186, 'admin', '127.0.0.1', '内网IP', 'Chrome 8', 'Windows 10', '0', '登录成功', '2020-10-08 13:20:37');
INSERT INTO `sys_logininfor` VALUES (187, 'admin', '127.0.0.1', '内网IP', 'Chrome 8', 'Windows 10', '1', '验证码错误', '2020-10-08 16:14:42');
INSERT INTO `sys_logininfor` VALUES (188, 'admin', '127.0.0.1', '内网IP', 'Chrome 8', 'Windows 10', '1', '验证码错误', '2020-10-08 16:14:45');
INSERT INTO `sys_logininfor` VALUES (189, 'admin', '127.0.0.1', '内网IP', 'Chrome 8', 'Windows 10', '1', '验证码错误', '2020-10-08 16:14:48');
INSERT INTO `sys_logininfor` VALUES (190, 'admin', '127.0.0.1', '内网IP', 'Chrome 8', 'Windows 10', '0', '登录成功', '2020-10-08 16:14:52');
INSERT INTO `sys_logininfor` VALUES (191, 'admin', '127.0.0.1', '内网IP', 'Chrome 8', 'Windows 10', '0', '登录成功', '2020-10-08 16:23:11');
INSERT INTO `sys_logininfor` VALUES (192, 'admin', '127.0.0.1', '内网IP', 'Chrome 8', 'Windows 10', '0', '登录成功', '2020-10-08 19:53:06');
INSERT INTO `sys_logininfor` VALUES (193, 'admin', '127.0.0.1', '内网IP', 'Chrome 8', 'Windows 10', '0', '登录成功', '2020-10-10 19:11:40');
INSERT INTO `sys_logininfor` VALUES (194, 'admin', '127.0.0.1', '内网IP', 'Chrome 8', 'Windows 10', '0', '登录成功', '2020-10-11 14:21:34');
INSERT INTO `sys_logininfor` VALUES (195, 'admin', '127.0.0.1', '内网IP', 'Chrome 8', 'Windows 10', '0', '登录成功', '2020-10-11 14:27:22');
INSERT INTO `sys_logininfor` VALUES (196, 'admin', '127.0.0.1', '内网IP', 'Chrome 8', 'Windows 10', '1', '验证码错误', '2020-10-11 15:00:13');
INSERT INTO `sys_logininfor` VALUES (197, 'admin', '127.0.0.1', '内网IP', 'Chrome 8', 'Windows 10', '0', '登录成功', '2020-10-11 15:00:17');
INSERT INTO `sys_logininfor` VALUES (198, 'admin', '127.0.0.1', '内网IP', 'Chrome 8', 'Windows 10', '0', '登录成功', '2020-10-11 15:27:57');
INSERT INTO `sys_logininfor` VALUES (199, 'admin', '127.0.0.1', '内网IP', 'Chrome 8', 'Windows 10', '1', '验证码错误', '2020-10-11 15:29:44');
INSERT INTO `sys_logininfor` VALUES (200, 'admin', '127.0.0.1', '内网IP', 'Chrome 8', 'Windows 10', '0', '登录成功', '2020-10-11 15:30:45');
INSERT INTO `sys_logininfor` VALUES (201, 'admin', '127.0.0.1', '内网IP', 'Chrome 8', 'Windows 10', '0', '登录成功', '2020-10-12 14:48:51');
INSERT INTO `sys_logininfor` VALUES (202, 'admin', '127.0.0.1', '内网IP', 'Chrome 8', 'Windows 10', '0', '登录成功', '2020-10-13 12:02:04');
INSERT INTO `sys_logininfor` VALUES (203, 'admin', '127.0.0.1', '内网IP', 'Chrome Mobile', 'Android 1.x', '0', '登录成功', '2020-10-13 15:05:35');
INSERT INTO `sys_logininfor` VALUES (204, 'admin', '127.0.0.1', '内网IP', 'Chrome 8', 'Windows 10', '0', '登录成功', '2020-10-13 17:51:25');
INSERT INTO `sys_logininfor` VALUES (205, 'admin', '127.0.0.1', '内网IP', 'Internet Explorer 11', 'Windows 10', '0', '登录成功', '2020-10-13 17:55:08');
INSERT INTO `sys_logininfor` VALUES (206, 'admin', '127.0.0.1', '内网IP', 'Internet Explorer 11', 'Windows 10', '0', '登录成功', '2020-10-13 18:05:34');
INSERT INTO `sys_logininfor` VALUES (207, 'admin', '127.0.0.1', '内网IP', 'Internet Explorer 11', 'Windows 10', '0', '登录成功', '2020-10-13 18:22:25');
INSERT INTO `sys_logininfor` VALUES (208, 'admin', '127.0.0.1', '内网IP', 'Internet Explorer 11', 'Windows 10', '0', '登录成功', '2020-10-13 18:28:06');
INSERT INTO `sys_logininfor` VALUES (209, 'admin', '127.0.0.1', '内网IP', 'Internet Explorer 11', 'Windows 10', '0', '登录成功', '2020-10-13 18:34:12');
INSERT INTO `sys_logininfor` VALUES (210, 'admin', '127.0.0.1', '内网IP', 'Chrome 8', 'Mac OS X', '0', '登录成功', '2020-11-06 08:32:50');
INSERT INTO `sys_logininfor` VALUES (211, 'admin', '127.0.0.1', '内网IP', 'Chrome 8', 'Mac OS X', '0', '登录成功', '2020-11-06 08:40:12');
INSERT INTO `sys_logininfor` VALUES (212, 'admin', '127.0.0.1', '内网IP', 'Chrome 8', 'Windows 10', '0', '登录成功', '2020-11-06 08:40:34');
INSERT INTO `sys_logininfor` VALUES (213, 'admin', '127.0.0.1', '内网IP', 'Chrome', 'Windows 10', '0', '登录成功', '2020-11-06 08:40:40');
INSERT INTO `sys_logininfor` VALUES (214, 'admin', '127.0.0.1', '内网IP', 'Chrome 8', 'Windows 10', '0', '登录成功', '2020-11-06 08:42:15');
INSERT INTO `sys_logininfor` VALUES (215, 'admin', '127.0.0.1', '内网IP', 'Chrome 8', 'Mac OS X', '0', '登录成功', '2020-11-06 10:22:41');
INSERT INTO `sys_logininfor` VALUES (216, 'admin', '127.0.0.1', '内网IP', 'Chrome 8', 'Windows 10', '0', '登录成功', '2020-11-06 10:33:35');
INSERT INTO `sys_logininfor` VALUES (217, 'admin', '127.0.0.1', '内网IP', 'Chrome 8', 'Windows 10', '0', '登录成功', '2020-11-06 10:36:57');
INSERT INTO `sys_logininfor` VALUES (218, 'admin', '127.0.0.1', '内网IP', 'Chrome 8', 'Windows 10', '0', '登录成功', '2020-11-06 10:49:08');
INSERT INTO `sys_logininfor` VALUES (219, 'admin', '127.0.0.1', '内网IP', 'Chrome 8', 'Windows 10', '0', '登录成功', '2020-11-06 11:28:27');
INSERT INTO `sys_logininfor` VALUES (220, 'admin', '127.0.0.1', '内网IP', 'Chrome 8', 'Mac OS X', '0', '登录成功', '2020-12-14 09:58:29');
COMMIT;

-- ----------------------------
-- Table structure for sys_menu
-- ----------------------------
DROP TABLE IF EXISTS `sys_menu`;
CREATE TABLE `sys_menu` (
  `menu_id` bigint(20) NOT NULL AUTO_INCREMENT COMMENT '菜单ID',
  `menu_name` varchar(50) NOT NULL COMMENT '菜单名称',
  `parent_id` bigint(20) DEFAULT '0' COMMENT '父菜单ID',
  `order_num` int(4) DEFAULT '0' COMMENT '显示顺序',
  `url` varchar(200) DEFAULT '#' COMMENT '请求地址',
  `target` varchar(20) DEFAULT '' COMMENT '打开方式（menuItem页签 menuBlank新窗口）',
  `menu_type` char(1) DEFAULT '' COMMENT '菜单类型（M目录 C菜单 F按钮）',
  `visible` char(1) DEFAULT '0' COMMENT '菜单状态（0显示 1隐藏）',
  `perms` varchar(100) DEFAULT NULL COMMENT '权限标识',
  `icon` varchar(100) DEFAULT '#' COMMENT '菜单图标',
  `create_by` varchar(64) DEFAULT '' COMMENT '创建者',
  `create_time` datetime DEFAULT NULL COMMENT '创建时间',
  `update_by` varchar(64) DEFAULT '' COMMENT '更新者',
  `update_time` datetime DEFAULT NULL COMMENT '更新时间',
  `remark` varchar(500) DEFAULT '' COMMENT '备注',
  PRIMARY KEY (`menu_id`)
) ENGINE=InnoDB AUTO_INCREMENT=2037 DEFAULT CHARSET=utf8mb4 COMMENT='菜单权限表';

-- ----------------------------
-- Records of sys_menu
-- ----------------------------
BEGIN;
INSERT INTO `sys_menu` VALUES (1, '系统管理', 0, 1, '#', '', 'M', '0', '', 'fa fa-gear', 'admin', '2018-03-16 11:33:00', 'ry', '2018-03-16 11:33:00', '系统管理目录');
INSERT INTO `sys_menu` VALUES (2, '系统监控', 0, 2, '#', '', 'M', '0', '', 'fa fa-video-camera', 'admin', '2018-03-16 11:33:00', 'ry', '2018-03-16 11:33:00', '系统监控目录');
INSERT INTO `sys_menu` VALUES (3, '系统工具', 0, 3, '#', '', 'M', '0', '', 'fa fa-bars', 'admin', '2018-03-16 11:33:00', 'ry', '2018-03-16 11:33:00', '系统工具目录');
INSERT INTO `sys_menu` VALUES (100, '用户管理', 1, 1, '/system/user', '', 'C', '0', 'system:user:view', 'fa fa-user-o', 'admin', '2018-03-16 11:33:00', 'ry', '2018-03-16 11:33:00', '用户管理菜单');
INSERT INTO `sys_menu` VALUES (101, '角色管理', 1, 2, '/system/role', '', 'C', '0', 'system:role:view', 'fa fa-user-secret', 'admin', '2018-03-16 11:33:00', 'ry', '2018-03-16 11:33:00', '角色管理菜单');
INSERT INTO `sys_menu` VALUES (102, '菜单管理', 1, 3, '/system/menu', '', 'C', '0', 'system:menu:view', 'fa fa-th-list', 'admin', '2018-03-16 11:33:00', 'ry', '2018-03-16 11:33:00', '菜单管理菜单');
INSERT INTO `sys_menu` VALUES (103, '部门管理', 1, 4, '/system/dept', '', 'C', '0', 'system:dept:view', 'fa fa-outdent', 'admin', '2018-03-16 11:33:00', 'ry', '2018-03-16 11:33:00', '部门管理菜单');
INSERT INTO `sys_menu` VALUES (104, '岗位管理', 1, 5, '/system/post', '', 'C', '0', 'system:post:view', 'fa fa-address-card-o', 'admin', '2018-03-16 11:33:00', 'ry', '2018-03-16 11:33:00', '岗位管理菜单');
INSERT INTO `sys_menu` VALUES (105, '字典管理', 1, 6, '/system/dict', '', 'C', '0', 'system:dict:view', 'fa fa-bookmark-o', 'admin', '2018-03-16 11:33:00', 'ry', '2018-03-16 11:33:00', '字典管理菜单');
INSERT INTO `sys_menu` VALUES (106, '参数设置', 1, 7, '/system/config', '', 'C', '0', 'system:config:view', 'fa fa-sun-o', 'admin', '2018-03-16 11:33:00', 'ry', '2018-03-16 11:33:00', '参数设置菜单');
INSERT INTO `sys_menu` VALUES (107, '通知公告', 1, 8, '/system/notice', '', 'C', '0', 'system:notice:view', 'fa fa-bullhorn', 'admin', '2018-03-16 11:33:00', 'ry', '2018-03-16 11:33:00', '通知公告菜单');
INSERT INTO `sys_menu` VALUES (108, '日志管理', 1, 9, '#', '', 'M', '0', '', 'fa fa-pencil-square-o', 'admin', '2018-03-16 11:33:00', 'ry', '2018-03-16 11:33:00', '日志管理菜单');
INSERT INTO `sys_menu` VALUES (109, '在线用户', 2, 1, '/monitor/online', '', 'C', '0', 'monitor:online:view', 'fa fa-user-circle', 'admin', '2018-03-16 11:33:00', 'ry', '2018-03-16 11:33:00', '在线用户菜单');
INSERT INTO `sys_menu` VALUES (110, '定时任务', 2, 2, '/monitor/job', '', 'C', '0', 'monitor:job:view', 'fa fa-tasks', 'admin', '2018-03-16 11:33:00', 'ry', '2018-03-16 11:33:00', '定时任务菜单');
INSERT INTO `sys_menu` VALUES (111, '数据监控', 2, 3, '/monitor/data', '', 'C', '0', 'monitor:data:view', 'fa fa-bug', 'admin', '2018-03-16 11:33:00', 'ry', '2018-03-16 11:33:00', '数据监控菜单');
INSERT INTO `sys_menu` VALUES (112, '服务监控', 2, 3, '/monitor/server', '', 'C', '0', 'monitor:server:view', 'fa fa-server', 'admin', '2018-03-16 11:33:00', 'ry', '2018-03-16 11:33:00', '服务监控菜单');
INSERT INTO `sys_menu` VALUES (113, '表单构建', 3, 1, '/tool/build', '', 'C', '0', 'tool:build:view', 'fa fa-wpforms', 'admin', '2018-03-16 11:33:00', 'ry', '2018-03-16 11:33:00', '表单构建菜单');
INSERT INTO `sys_menu` VALUES (114, '代码生成', 3, 2, '/tool/gen', '', 'C', '0', 'tool:gen:view', 'fa fa-code', 'admin', '2018-03-16 11:33:00', 'ry', '2018-03-16 11:33:00', '代码生成菜单');
INSERT INTO `sys_menu` VALUES (115, '系统接口', 3, 3, '/tool/swagger', '', 'C', '0', 'tool:swagger:view', 'fa fa-gg', 'admin', '2018-03-16 11:33:00', 'ry', '2018-03-16 11:33:00', '系统接口菜单');
INSERT INTO `sys_menu` VALUES (500, '操作日志', 108, 1, '/monitor/operlog', '', 'C', '0', 'monitor:operlog:view', 'fa fa-address-book', 'admin', '2018-03-16 11:33:00', 'ry', '2018-03-16 11:33:00', '操作日志菜单');
INSERT INTO `sys_menu` VALUES (501, '登录日志', 108, 2, '/monitor/logininfor', '', 'C', '0', 'monitor:logininfor:view', 'fa fa-file-image-o', 'admin', '2018-03-16 11:33:00', 'ry', '2018-03-16 11:33:00', '登录日志菜单');
INSERT INTO `sys_menu` VALUES (1000, '用户查询', 100, 1, '#', '', 'F', '0', 'system:user:list', '#', 'admin', '2018-03-16 11:33:00', 'ry', '2018-03-16 11:33:00', '');
INSERT INTO `sys_menu` VALUES (1001, '用户新增', 100, 2, '#', '', 'F', '0', 'system:user:add', '#', 'admin', '2018-03-16 11:33:00', 'ry', '2018-03-16 11:33:00', '');
INSERT INTO `sys_menu` VALUES (1002, '用户修改', 100, 3, '#', '', 'F', '0', 'system:user:edit', '#', 'admin', '2018-03-16 11:33:00', 'ry', '2018-03-16 11:33:00', '');
INSERT INTO `sys_menu` VALUES (1003, '用户删除', 100, 4, '#', '', 'F', '0', 'system:user:remove', '#', 'admin', '2018-03-16 11:33:00', 'ry', '2018-03-16 11:33:00', '');
INSERT INTO `sys_menu` VALUES (1004, '用户导出', 100, 5, '#', '', 'F', '0', 'system:user:export', '#', 'admin', '2018-03-16 11:33:00', 'ry', '2018-03-16 11:33:00', '');
INSERT INTO `sys_menu` VALUES (1005, '用户导入', 100, 6, '#', '', 'F', '0', 'system:user:import', '#', 'admin', '2018-03-16 11:33:00', 'ry', '2018-03-16 11:33:00', '');
INSERT INTO `sys_menu` VALUES (1006, '重置密码', 100, 7, '#', '', 'F', '0', 'system:user:resetPwd', '#', 'admin', '2018-03-16 11:33:00', 'ry', '2018-03-16 11:33:00', '');
INSERT INTO `sys_menu` VALUES (1007, '角色查询', 101, 1, '#', '', 'F', '0', 'system:role:list', '#', 'admin', '2018-03-16 11:33:00', 'ry', '2018-03-16 11:33:00', '');
INSERT INTO `sys_menu` VALUES (1008, '角色新增', 101, 2, '#', '', 'F', '0', 'system:role:add', '#', 'admin', '2018-03-16 11:33:00', 'ry', '2018-03-16 11:33:00', '');
INSERT INTO `sys_menu` VALUES (1009, '角色修改', 101, 3, '#', '', 'F', '0', 'system:role:edit', '#', 'admin', '2018-03-16 11:33:00', 'ry', '2018-03-16 11:33:00', '');
INSERT INTO `sys_menu` VALUES (1010, '角色删除', 101, 4, '#', '', 'F', '0', 'system:role:remove', '#', 'admin', '2018-03-16 11:33:00', 'ry', '2018-03-16 11:33:00', '');
INSERT INTO `sys_menu` VALUES (1011, '角色导出', 101, 5, '#', '', 'F', '0', 'system:role:export', '#', 'admin', '2018-03-16 11:33:00', 'ry', '2018-03-16 11:33:00', '');
INSERT INTO `sys_menu` VALUES (1012, '菜单查询', 102, 1, '#', '', 'F', '0', 'system:menu:list', '#', 'admin', '2018-03-16 11:33:00', 'ry', '2018-03-16 11:33:00', '');
INSERT INTO `sys_menu` VALUES (1013, '菜单新增', 102, 2, '#', '', 'F', '0', 'system:menu:add', '#', 'admin', '2018-03-16 11:33:00', 'ry', '2018-03-16 11:33:00', '');
INSERT INTO `sys_menu` VALUES (1014, '菜单修改', 102, 3, '#', '', 'F', '0', 'system:menu:edit', '#', 'admin', '2018-03-16 11:33:00', 'ry', '2018-03-16 11:33:00', '');
INSERT INTO `sys_menu` VALUES (1015, '菜单删除', 102, 4, '#', '', 'F', '0', 'system:menu:remove', '#', 'admin', '2018-03-16 11:33:00', 'ry', '2018-03-16 11:33:00', '');
INSERT INTO `sys_menu` VALUES (1016, '部门查询', 103, 1, '#', '', 'F', '0', 'system:dept:list', '#', 'admin', '2018-03-16 11:33:00', 'ry', '2018-03-16 11:33:00', '');
INSERT INTO `sys_menu` VALUES (1017, '部门新增', 103, 2, '#', '', 'F', '0', 'system:dept:add', '#', 'admin', '2018-03-16 11:33:00', 'ry', '2018-03-16 11:33:00', '');
INSERT INTO `sys_menu` VALUES (1018, '部门修改', 103, 3, '#', '', 'F', '0', 'system:dept:edit', '#', 'admin', '2018-03-16 11:33:00', 'ry', '2018-03-16 11:33:00', '');
INSERT INTO `sys_menu` VALUES (1019, '部门删除', 103, 4, '#', '', 'F', '0', 'system:dept:remove', '#', 'admin', '2018-03-16 11:33:00', 'ry', '2018-03-16 11:33:00', '');
INSERT INTO `sys_menu` VALUES (1020, '岗位查询', 104, 1, '#', '', 'F', '0', 'system:post:list', '#', 'admin', '2018-03-16 11:33:00', 'ry', '2018-03-16 11:33:00', '');
INSERT INTO `sys_menu` VALUES (1021, '岗位新增', 104, 2, '#', '', 'F', '0', 'system:post:add', '#', 'admin', '2018-03-16 11:33:00', 'ry', '2018-03-16 11:33:00', '');
INSERT INTO `sys_menu` VALUES (1022, '岗位修改', 104, 3, '#', '', 'F', '0', 'system:post:edit', '#', 'admin', '2018-03-16 11:33:00', 'ry', '2018-03-16 11:33:00', '');
INSERT INTO `sys_menu` VALUES (1023, '岗位删除', 104, 4, '#', '', 'F', '0', 'system:post:remove', '#', 'admin', '2018-03-16 11:33:00', 'ry', '2018-03-16 11:33:00', '');
INSERT INTO `sys_menu` VALUES (1024, '岗位导出', 104, 5, '#', '', 'F', '0', 'system:post:export', '#', 'admin', '2018-03-16 11:33:00', 'ry', '2018-03-16 11:33:00', '');
INSERT INTO `sys_menu` VALUES (1025, '字典查询', 105, 1, '#', '', 'F', '0', 'system:dict:list', '#', 'admin', '2018-03-16 11:33:00', 'ry', '2018-03-16 11:33:00', '');
INSERT INTO `sys_menu` VALUES (1026, '字典新增', 105, 2, '#', '', 'F', '0', 'system:dict:add', '#', 'admin', '2018-03-16 11:33:00', 'ry', '2018-03-16 11:33:00', '');
INSERT INTO `sys_menu` VALUES (1027, '字典修改', 105, 3, '#', '', 'F', '0', 'system:dict:edit', '#', 'admin', '2018-03-16 11:33:00', 'ry', '2018-03-16 11:33:00', '');
INSERT INTO `sys_menu` VALUES (1028, '字典删除', 105, 4, '#', '', 'F', '0', 'system:dict:remove', '#', 'admin', '2018-03-16 11:33:00', 'ry', '2018-03-16 11:33:00', '');
INSERT INTO `sys_menu` VALUES (1029, '字典导出', 105, 5, '#', '', 'F', '0', 'system:dict:export', '#', 'admin', '2018-03-16 11:33:00', 'ry', '2018-03-16 11:33:00', '');
INSERT INTO `sys_menu` VALUES (1030, '参数查询', 106, 1, '#', '', 'F', '0', 'system:config:list', '#', 'admin', '2018-03-16 11:33:00', 'ry', '2018-03-16 11:33:00', '');
INSERT INTO `sys_menu` VALUES (1031, '参数新增', 106, 2, '#', '', 'F', '0', 'system:config:add', '#', 'admin', '2018-03-16 11:33:00', 'ry', '2018-03-16 11:33:00', '');
INSERT INTO `sys_menu` VALUES (1032, '参数修改', 106, 3, '#', '', 'F', '0', 'system:config:edit', '#', 'admin', '2018-03-16 11:33:00', 'ry', '2018-03-16 11:33:00', '');
INSERT INTO `sys_menu` VALUES (1033, '参数删除', 106, 4, '#', '', 'F', '0', 'system:config:remove', '#', 'admin', '2018-03-16 11:33:00', 'ry', '2018-03-16 11:33:00', '');
INSERT INTO `sys_menu` VALUES (1034, '参数导出', 106, 5, '#', '', 'F', '0', 'system:config:export', '#', 'admin', '2018-03-16 11:33:00', 'ry', '2018-03-16 11:33:00', '');
INSERT INTO `sys_menu` VALUES (1035, '公告查询', 107, 1, '#', '', 'F', '0', 'system:notice:list', '#', 'admin', '2018-03-16 11:33:00', 'ry', '2018-03-16 11:33:00', '');
INSERT INTO `sys_menu` VALUES (1036, '公告新增', 107, 2, '#', '', 'F', '0', 'system:notice:add', '#', 'admin', '2018-03-16 11:33:00', 'ry', '2018-03-16 11:33:00', '');
INSERT INTO `sys_menu` VALUES (1037, '公告修改', 107, 3, '#', '', 'F', '0', 'system:notice:edit', '#', 'admin', '2018-03-16 11:33:00', 'ry', '2018-03-16 11:33:00', '');
INSERT INTO `sys_menu` VALUES (1038, '公告删除', 107, 4, '#', '', 'F', '0', 'system:notice:remove', '#', 'admin', '2018-03-16 11:33:00', 'ry', '2018-03-16 11:33:00', '');
INSERT INTO `sys_menu` VALUES (1039, '操作查询', 500, 1, '#', '', 'F', '0', 'monitor:operlog:list', '#', 'admin', '2018-03-16 11:33:00', 'ry', '2018-03-16 11:33:00', '');
INSERT INTO `sys_menu` VALUES (1040, '操作删除', 500, 2, '#', '', 'F', '0', 'monitor:operlog:remove', '#', 'admin', '2018-03-16 11:33:00', 'ry', '2018-03-16 11:33:00', '');
INSERT INTO `sys_menu` VALUES (1041, '详细信息', 500, 3, '#', '', 'F', '0', 'monitor:operlog:detail', '#', 'admin', '2018-03-16 11:33:00', 'ry', '2018-03-16 11:33:00', '');
INSERT INTO `sys_menu` VALUES (1042, '日志导出', 500, 4, '#', '', 'F', '0', 'monitor:operlog:export', '#', 'admin', '2018-03-16 11:33:00', 'ry', '2018-03-16 11:33:00', '');
INSERT INTO `sys_menu` VALUES (1043, '登录查询', 501, 1, '#', '', 'F', '0', 'monitor:logininfor:list', '#', 'admin', '2018-03-16 11:33:00', 'ry', '2018-03-16 11:33:00', '');
INSERT INTO `sys_menu` VALUES (1044, '登录删除', 501, 2, '#', '', 'F', '0', 'monitor:logininfor:remove', '#', 'admin', '2018-03-16 11:33:00', 'ry', '2018-03-16 11:33:00', '');
INSERT INTO `sys_menu` VALUES (1045, '日志导出', 501, 3, '#', '', 'F', '0', 'monitor:logininfor:export', '#', 'admin', '2018-03-16 11:33:00', 'ry', '2018-03-16 11:33:00', '');
INSERT INTO `sys_menu` VALUES (1046, '账户解锁', 501, 4, '#', '', 'F', '0', 'monitor:logininfor:unlock', '#', 'admin', '2018-03-16 11:33:00', 'ry', '2018-03-16 11:33:00', '');
INSERT INTO `sys_menu` VALUES (1047, '在线查询', 109, 1, '#', '', 'F', '0', 'monitor:online:list', '#', 'admin', '2018-03-16 11:33:00', 'ry', '2018-03-16 11:33:00', '');
INSERT INTO `sys_menu` VALUES (1048, '批量强退', 109, 2, '#', '', 'F', '0', 'monitor:online:batchForceLogout', '#', 'admin', '2018-03-16 11:33:00', 'ry', '2018-03-16 11:33:00', '');
INSERT INTO `sys_menu` VALUES (1049, '单条强退', 109, 3, '#', '', 'F', '0', 'monitor:online:forceLogout', '#', 'admin', '2018-03-16 11:33:00', 'ry', '2018-03-16 11:33:00', '');
INSERT INTO `sys_menu` VALUES (1050, '任务查询', 110, 1, '#', '', 'F', '0', 'monitor:job:list', '#', 'admin', '2018-03-16 11:33:00', 'ry', '2018-03-16 11:33:00', '');
INSERT INTO `sys_menu` VALUES (1051, '任务新增', 110, 2, '#', '', 'F', '0', 'monitor:job:add', '#', 'admin', '2018-03-16 11:33:00', 'ry', '2018-03-16 11:33:00', '');
INSERT INTO `sys_menu` VALUES (1052, '任务修改', 110, 3, '#', '', 'F', '0', 'monitor:job:edit', '#', 'admin', '2018-03-16 11:33:00', 'ry', '2018-03-16 11:33:00', '');
INSERT INTO `sys_menu` VALUES (1053, '任务删除', 110, 4, '#', '', 'F', '0', 'monitor:job:remove', '#', 'admin', '2018-03-16 11:33:00', 'ry', '2018-03-16 11:33:00', '');
INSERT INTO `sys_menu` VALUES (1054, '状态修改', 110, 5, '#', '', 'F', '0', 'monitor:job:changeStatus', '#', 'admin', '2018-03-16 11:33:00', 'ry', '2018-03-16 11:33:00', '');
INSERT INTO `sys_menu` VALUES (1055, '任务详细', 110, 6, '#', '', 'F', '0', 'monitor:job:detail', '#', 'admin', '2018-03-16 11:33:00', 'ry', '2018-03-16 11:33:00', '');
INSERT INTO `sys_menu` VALUES (1056, '任务导出', 110, 7, '#', '', 'F', '0', 'monitor:job:export', '#', 'admin', '2018-03-16 11:33:00', 'ry', '2018-03-16 11:33:00', '');
INSERT INTO `sys_menu` VALUES (1057, '生成查询', 114, 1, '#', '', 'F', '0', 'tool:gen:list', '#', 'admin', '2018-03-16 11:33:00', 'ry', '2018-03-16 11:33:00', '');
INSERT INTO `sys_menu` VALUES (1058, '生成修改', 114, 2, '#', '', 'F', '0', 'tool:gen:edit', '#', 'admin', '2018-03-16 11:33:00', 'ry', '2018-03-16 11:33:00', '');
INSERT INTO `sys_menu` VALUES (1059, '生成删除', 114, 3, '#', '', 'F', '0', 'tool:gen:remove', '#', 'admin', '2018-03-16 11:33:00', 'ry', '2018-03-16 11:33:00', '');
INSERT INTO `sys_menu` VALUES (1060, '预览代码', 114, 4, '#', '', 'F', '0', 'tool:gen:preview', '#', 'admin', '2018-03-16 11:33:00', 'ry', '2018-03-16 11:33:00', '');
INSERT INTO `sys_menu` VALUES (1061, '生成代码', 114, 5, '#', '', 'F', '0', 'tool:gen:code', '#', 'admin', '2018-03-16 11:33:00', 'ry', '2018-03-16 11:33:00', '');
INSERT INTO `sys_menu` VALUES (2000, '新闻展示', 2006, 1, '/admin/news', 'menuItem', 'C', '0', 'admin:news:view', 'fa fa-bars', 'admin', '2018-03-01 00:00:00', 'admin', '2020-09-25 12:29:44', '新闻展示菜单');
INSERT INTO `sys_menu` VALUES (2001, '新闻展示查询', 2000, 1, '#', 'menuItem', 'F', '0', '', '#', 'admin', '2018-03-01 00:00:00', 'admin', '2020-09-25 12:48:13', '');
INSERT INTO `sys_menu` VALUES (2002, '新闻展示新增', 2000, 2, '#', '', 'F', '0', 'admin:news:add', '#', 'admin', '2018-03-01 00:00:00', 'ry', '2018-03-01 00:00:00', '');
INSERT INTO `sys_menu` VALUES (2003, '新闻展示修改', 2000, 3, '#', '', 'F', '0', 'admin:news:edit', '#', 'admin', '2018-03-01 00:00:00', 'ry', '2018-03-01 00:00:00', '');
INSERT INTO `sys_menu` VALUES (2004, '新闻展示删除', 2000, 4, '#', '', 'F', '0', 'admin:news:remove', '#', 'admin', '2018-03-01 00:00:00', 'ry', '2018-03-01 00:00:00', '');
INSERT INTO `sys_menu` VALUES (2005, '新闻展示导出', 2000, 5, '#', '', 'F', '0', 'admin:news:export', '#', 'admin', '2018-03-01 00:00:00', 'ry', '2018-03-01 00:00:00', '');
INSERT INTO `sys_menu` VALUES (2006, '盐途之声', 0, 4, '#', 'menuItem', 'M', '0', '', 'fa fa-bank', 'admin', '2020-09-25 12:28:57', 'admin', '2020-10-05 11:58:26', '');
INSERT INTO `sys_menu` VALUES (2007, '博客展示', 2006, 1, '/admin/blog', '', 'C', '0', 'admin:blog:view', '#', 'admin', '2018-03-01 00:00:00', 'ry', '2018-03-01 00:00:00', '博客展示菜单');
INSERT INTO `sys_menu` VALUES (2008, '博客展示查询', 2007, 1, '#', '', 'F', '0', 'admin:blog:list', '#', 'admin', '2018-03-01 00:00:00', 'ry', '2018-03-01 00:00:00', '');
INSERT INTO `sys_menu` VALUES (2009, '博客展示新增', 2007, 2, '#', '', 'F', '0', 'admin:blog:add', '#', 'admin', '2018-03-01 00:00:00', 'ry', '2018-03-01 00:00:00', '');
INSERT INTO `sys_menu` VALUES (2010, '博客展示修改', 2007, 3, '#', '', 'F', '0', 'admin:blog:edit', '#', 'admin', '2018-03-01 00:00:00', 'ry', '2018-03-01 00:00:00', '');
INSERT INTO `sys_menu` VALUES (2011, '博客展示删除', 2007, 4, '#', '', 'F', '0', 'admin:blog:remove', '#', 'admin', '2018-03-01 00:00:00', 'ry', '2018-03-01 00:00:00', '');
INSERT INTO `sys_menu` VALUES (2012, '博客展示导出', 2007, 5, '#', '', 'F', '0', 'admin:blog:export', '#', 'admin', '2018-03-01 00:00:00', 'ry', '2018-03-01 00:00:00', '');
INSERT INTO `sys_menu` VALUES (2019, '右侧最近记录板块', 2006, 1, '/admin/recently', '', 'C', '0', 'admin:recently:view', '#', 'admin', '2018-03-01 00:00:00', 'ry', '2018-03-01 00:00:00', '右侧最近记录板块菜单');
INSERT INTO `sys_menu` VALUES (2020, '右侧最近记录板块查询', 2019, 1, '#', '', 'F', '0', 'admin:recently:list', '#', 'admin', '2018-03-01 00:00:00', 'ry', '2018-03-01 00:00:00', '');
INSERT INTO `sys_menu` VALUES (2021, '右侧最近记录板块新增', 2019, 2, '#', '', 'F', '0', 'admin:recently:add', '#', 'admin', '2018-03-01 00:00:00', 'ry', '2018-03-01 00:00:00', '');
INSERT INTO `sys_menu` VALUES (2022, '右侧最近记录板块修改', 2019, 3, '#', '', 'F', '0', 'admin:recently:edit', '#', 'admin', '2018-03-01 00:00:00', 'ry', '2018-03-01 00:00:00', '');
INSERT INTO `sys_menu` VALUES (2023, '右侧最近记录板块删除', 2019, 4, '#', '', 'F', '0', 'admin:recently:remove', '#', 'admin', '2018-03-01 00:00:00', 'ry', '2018-03-01 00:00:00', '');
INSERT INTO `sys_menu` VALUES (2024, '右侧最近记录板块导出', 2019, 5, '#', '', 'F', '0', 'admin:recently:export', '#', 'admin', '2018-03-01 00:00:00', 'ry', '2018-03-01 00:00:00', '');
INSERT INTO `sys_menu` VALUES (2025, '团队介绍板块', 2006, 1, '/admin/teamInfo', '', 'C', '0', 'admin:teamInfo:view', '#', 'admin', '2018-03-01 00:00:00', 'ry', '2018-03-01 00:00:00', '团队介绍板块菜单');
INSERT INTO `sys_menu` VALUES (2026, '团队介绍板块查询', 2025, 1, '#', '', 'F', '0', 'admin:teamInfo:list', '#', 'admin', '2018-03-01 00:00:00', 'ry', '2018-03-01 00:00:00', '');
INSERT INTO `sys_menu` VALUES (2027, '团队介绍板块新增', 2025, 2, '#', '', 'F', '0', 'admin:teamInfo:add', '#', 'admin', '2018-03-01 00:00:00', 'ry', '2018-03-01 00:00:00', '');
INSERT INTO `sys_menu` VALUES (2028, '团队介绍板块修改', 2025, 3, '#', '', 'F', '0', 'admin:teamInfo:edit', '#', 'admin', '2018-03-01 00:00:00', 'ry', '2018-03-01 00:00:00', '');
INSERT INTO `sys_menu` VALUES (2029, '团队介绍板块删除', 2025, 4, '#', '', 'F', '0', 'admin:teamInfo:remove', '#', 'admin', '2018-03-01 00:00:00', 'ry', '2018-03-01 00:00:00', '');
INSERT INTO `sys_menu` VALUES (2030, '团队介绍板块导出', 2025, 5, '#', '', 'F', '0', 'admin:teamInfo:export', '#', 'admin', '2018-03-01 00:00:00', 'ry', '2018-03-01 00:00:00', '');
INSERT INTO `sys_menu` VALUES (2031, '主页介绍板块', 2006, 1, '/admin/mainInfo', '', 'C', '0', 'admin:mainInfo:view', '#', 'admin', '2018-03-01 00:00:00', 'ry', '2018-03-01 00:00:00', '主页介绍板块菜单');
INSERT INTO `sys_menu` VALUES (2032, '主页介绍板块查询', 2031, 1, '#', '', 'F', '0', 'admin:mainInfo:list', '#', 'admin', '2018-03-01 00:00:00', 'ry', '2018-03-01 00:00:00', '');
INSERT INTO `sys_menu` VALUES (2033, '主页介绍板块新增', 2031, 2, '#', '', 'F', '0', 'admin:mainInfo:add', '#', 'admin', '2018-03-01 00:00:00', 'ry', '2018-03-01 00:00:00', '');
INSERT INTO `sys_menu` VALUES (2034, '主页介绍板块修改', 2031, 3, '#', '', 'F', '0', 'admin:mainInfo:edit', '#', 'admin', '2018-03-01 00:00:00', 'ry', '2018-03-01 00:00:00', '');
INSERT INTO `sys_menu` VALUES (2035, '主页介绍板块删除', 2031, 4, '#', '', 'F', '0', 'admin:mainInfo:remove', '#', 'admin', '2018-03-01 00:00:00', 'ry', '2018-03-01 00:00:00', '');
INSERT INTO `sys_menu` VALUES (2036, '主页介绍板块导出', 2031, 5, '#', '', 'F', '0', 'admin:mainInfo:export', '#', 'admin', '2018-03-01 00:00:00', 'ry', '2018-03-01 00:00:00', '');
COMMIT;

-- ----------------------------
-- Table structure for sys_news
-- ----------------------------
DROP TABLE IF EXISTS `sys_news`;
CREATE TABLE `sys_news` (
  `news_id` int(4) NOT NULL AUTO_INCREMENT COMMENT '新闻ID',
  `news_title` varchar(50) NOT NULL COMMENT '新闻标题',
  `news_type` char(1) NOT NULL COMMENT '新闻类型（1通知 2公告）',
  `news_content` varchar(2000) DEFAULT NULL COMMENT '新闻内容',
  `status` char(1) DEFAULT '0' COMMENT '新闻状态（0正常 1关闭）',
  `create_by` varchar(64) DEFAULT '' COMMENT '创建者',
  `create_time` datetime DEFAULT NULL COMMENT '创建时间',
  `update_by` varchar(64) DEFAULT '' COMMENT '更新者',
  `update_time` datetime DEFAULT NULL COMMENT '更新时间',
  `remark` varchar(255) DEFAULT NULL COMMENT '备注',
  PRIMARY KEY (`news_id`) USING BTREE
) ENGINE=InnoDB AUTO_INCREMENT=11 DEFAULT CHARSET=utf8mb4 COMMENT='新闻发表表';

-- ----------------------------
-- Records of sys_news
-- ----------------------------
BEGIN;
INSERT INTO `sys_news` VALUES (1, '盐途之声它来啦', '1', '新版本内容', '1', 'admin', '2018-03-16 11:33:00', 'ry', '2020-10-05 11:59:24', '管理员');
INSERT INTO `sys_news` VALUES (2, '盐途之声走进你我', '1', '维护内容', '1', 'admin', '2018-03-16 11:33:00', 'ry', '2020-10-05 11:59:33', '管理员');
COMMIT;

-- ----------------------------
-- Table structure for sys_notice
-- ----------------------------
DROP TABLE IF EXISTS `sys_notice`;
CREATE TABLE `sys_notice` (
  `notice_id` int(4) NOT NULL AUTO_INCREMENT COMMENT '公告ID',
  `notice_title` varchar(50) NOT NULL COMMENT '公告标题',
  `notice_type` char(1) NOT NULL COMMENT '公告类型（1通知 2公告）',
  `notice_content` varchar(2000) DEFAULT NULL COMMENT '公告内容',
  `status` char(1) DEFAULT '0' COMMENT '公告状态（0正常 1关闭）',
  `create_by` varchar(64) DEFAULT '' COMMENT '创建者',
  `create_time` datetime DEFAULT NULL COMMENT '创建时间',
  `update_by` varchar(64) DEFAULT '' COMMENT '更新者',
  `update_time` datetime DEFAULT NULL COMMENT '更新时间',
  `remark` varchar(255) DEFAULT NULL COMMENT '备注',
  PRIMARY KEY (`notice_id`)
) ENGINE=InnoDB AUTO_INCREMENT=10 DEFAULT CHARSET=utf8mb4 COMMENT='通知公告表';

-- ----------------------------
-- Records of sys_notice
-- ----------------------------
BEGIN;
INSERT INTO `sys_notice` VALUES (1, '温馨提醒：2020-07-01 新版本发布啦', '2', '<p>新版本内容<img src=\"http://localhost:8080/party-platform/profile/upload/2020/09/25/6348b446-1f02-4c15-b60e-f464a09108ee.JPG\" data-filename=\"/profile/upload/2020/09/25/6348b446-1f02-4c15-b60e-f464a09108ee.JPG\" style=\"width: 1020px;\"></p>', '0', 'admin', '2018-03-16 11:33:00', 'admin', '2020-10-05 12:17:43', '管理员');
INSERT INTO `sys_notice` VALUES (2, '维护通知：2020-07-01 系统凌晨维护', '1', '维护内容', '0', 'admin', '2018-03-16 11:33:00', 'admin', '2020-10-05 12:17:53', '管理员');
COMMIT;

-- ----------------------------
-- Table structure for sys_oper_log
-- ----------------------------
DROP TABLE IF EXISTS `sys_oper_log`;
CREATE TABLE `sys_oper_log` (
  `oper_id` bigint(20) NOT NULL AUTO_INCREMENT COMMENT '日志主键',
  `title` varchar(50) DEFAULT '' COMMENT '模块标题',
  `business_type` int(2) DEFAULT '0' COMMENT '业务类型（0其它 1新增 2修改 3删除）',
  `method` varchar(100) DEFAULT '' COMMENT '方法名称',
  `request_method` varchar(10) DEFAULT '' COMMENT '请求方式',
  `operator_type` int(1) DEFAULT '0' COMMENT '操作类别（0其它 1后台用户 2手机端用户）',
  `oper_name` varchar(50) DEFAULT '' COMMENT '操作人员',
  `dept_name` varchar(50) DEFAULT '' COMMENT '部门名称',
  `oper_url` varchar(255) DEFAULT '' COMMENT '请求URL',
  `oper_ip` varchar(50) DEFAULT '' COMMENT '主机地址',
  `oper_location` varchar(255) DEFAULT '' COMMENT '操作地点',
  `oper_param` varchar(2000) DEFAULT '' COMMENT '请求参数',
  `json_result` varchar(2000) DEFAULT '' COMMENT '返回参数',
  `status` int(1) DEFAULT '0' COMMENT '操作状态（0正常 1异常）',
  `error_msg` varchar(2000) DEFAULT '' COMMENT '错误消息',
  `oper_time` datetime DEFAULT NULL COMMENT '操作时间',
  PRIMARY KEY (`oper_id`)
) ENGINE=InnoDB AUTO_INCREMENT=344 DEFAULT CHARSET=utf8mb4 COMMENT='操作日志记录';

-- ----------------------------
-- Records of sys_oper_log
-- ----------------------------
BEGIN;
INSERT INTO `sys_oper_log` VALUES (100, '参数管理', 2, 'com.ruoyi.web.controller.system.SysConfigController.editSave()', 'POST', 1, 'admin', '研发部门', '/party-platform/system/config/edit', '127.0.0.1', '内网IP', '{\"configId\":[\"4\"],\"configName\":[\"账号自助-是否开启用户注册功能\"],\"configKey\":[\"sys.account.registerUser\"],\"configValue\":[\"true\"],\"configType\":[\"Y\"],\"remark\":[\"是否开启注册用户功能（true开启，false关闭）\"]}', '{\r\n  \"msg\" : \"操作成功\",\r\n  \"code\" : 0\r\n}', 0, NULL, '2020-09-24 20:37:58');
INSERT INTO `sys_oper_log` VALUES (101, '字典数据', 1, 'com.ruoyi.web.controller.system.SysDictDataController.addSave()', 'POST', 1, 'admin', '研发部门', '/party-platform/system/dict/data/add', '127.0.0.1', '内网IP', '{\"dictLabel\":[\"三会一课\"],\"dictValue\":[\"3\"],\"dictType\":[\"sys_notice_type\"],\"cssClass\":[\"\"],\"dictSort\":[\"3\"],\"listClass\":[\"default\"],\"isDefault\":[\"Y\"],\"status\":[\"0\"],\"remark\":[\"三会一课\"]}', '{\r\n  \"msg\" : \"操作成功\",\r\n  \"code\" : 0\r\n}', 0, NULL, '2020-09-25 10:24:38');
INSERT INTO `sys_oper_log` VALUES (102, '字典数据', 2, 'com.ruoyi.web.controller.system.SysDictDataController.editSave()', 'POST', 1, 'admin', '研发部门', '/party-platform/system/dict/data/edit', '127.0.0.1', '内网IP', '{\"dictCode\":[\"100\"],\"dictLabel\":[\"三会一课\"],\"dictValue\":[\"3\"],\"dictType\":[\"sys_notice_type\"],\"cssClass\":[\"\"],\"dictSort\":[\"3\"],\"listClass\":[\"primary\"],\"isDefault\":[\"Y\"],\"status\":[\"0\"],\"remark\":[\"三会一课\"]}', '{\r\n  \"msg\" : \"操作成功\",\r\n  \"code\" : 0\r\n}', 0, NULL, '2020-09-25 10:24:54');
INSERT INTO `sys_oper_log` VALUES (103, '字典数据', 2, 'com.ruoyi.web.controller.system.SysDictDataController.editSave()', 'POST', 1, 'admin', '研发部门', '/party-platform/system/dict/data/edit', '127.0.0.1', '内网IP', '{\"dictCode\":[\"100\"],\"dictLabel\":[\"三会一课\"],\"dictValue\":[\"3\"],\"dictType\":[\"sys_notice_type\"],\"cssClass\":[\"\"],\"dictSort\":[\"3\"],\"listClass\":[\"info\"],\"isDefault\":[\"Y\"],\"status\":[\"0\"],\"remark\":[\"三会一课\"]}', '{\r\n  \"msg\" : \"操作成功\",\r\n  \"code\" : 0\r\n}', 0, NULL, '2020-09-25 10:25:03');
INSERT INTO `sys_oper_log` VALUES (104, '用户管理', 4, 'com.ruoyi.web.controller.system.SysUserController.insertAuthRole()', 'POST', 1, 'admin', '研发部门', '/party-platform/system/user/authRole/insertAuthRole', '127.0.0.1', '内网IP', '{\"userId\":[\"100\"],\"roleIds\":[\"2\"]}', '{\r\n  \"msg\" : \"操作成功\",\r\n  \"code\" : 0\r\n}', 0, NULL, '2020-09-25 10:25:59');
INSERT INTO `sys_oper_log` VALUES (105, '角色管理', 2, 'com.ruoyi.web.controller.system.SysRoleController.editSave()', 'POST', 1, 'admin', '研发部门', '/party-platform/system/role/edit', '127.0.0.1', '内网IP', '{\"roleId\":[\"2\"],\"roleName\":[\"普通角色\"],\"roleKey\":[\"common\"],\"roleSort\":[\"2\"],\"status\":[\"0\"],\"remark\":[\"普通角色\"],\"menuIds\":[\"1,107,1035,1036,1037,1038\"]}', '{\r\n  \"msg\" : \"操作成功\",\r\n  \"code\" : 0\r\n}', 0, NULL, '2020-09-25 10:26:31');
INSERT INTO `sys_oper_log` VALUES (106, '角色管理', 2, 'com.ruoyi.web.controller.system.SysRoleController.editSave()', 'POST', 1, 'admin', '研发部门', '/party-platform/system/role/edit', '127.0.0.1', '内网IP', '{\"roleId\":[\"2\"],\"roleName\":[\"普通角色\"],\"roleKey\":[\"common\"],\"roleSort\":[\"2\"],\"status\":[\"0\"],\"remark\":[\"普通角色\"],\"menuIds\":[\"1,100,1000,1001,1002,1003,1004,1005,1006,101,1007,1008,1009,1010,1011,102,1012,1013,1014,1015,103,1016,1017,1018,1019,104,1020,1021,1022,1023,1024,105,1025,1026,1027,1028,1029,106,1030,1031,1032,1033,1034,107,1035,1036,1037,1038,108,500,1039,1040,1041,1042,501,1043,1044,1045,1046,2,109,1047,1048,1049,110,1050,1051,1052,1053,1054,1055,1056,111,112,3,113,114,1057,1058,1059,1060,1061,115,4\"]}', '{\r\n  \"msg\" : \"操作成功\",\r\n  \"code\" : 0\r\n}', 0, NULL, '2020-09-25 10:26:39');
INSERT INTO `sys_oper_log` VALUES (107, '通知公告', 2, 'com.ruoyi.web.controller.system.SysNoticeController.editSave()', 'POST', 1, 'luna', NULL, '/party-platform/system/notice/edit', '127.0.0.1', '内网IP', '{\"noticeId\":[\"1\"],\"noticeTitle\":[\"温馨提醒：2018-07-01 若依新版本发布啦\"],\"noticeType\":[\"2\"],\"noticeContent\":[\"<p>新版本内容<img src=\\\"http://localhost:8080/party-platform/profile/upload/2020/09/25/6348b446-1f02-4c15-b60e-f464a09108ee.JPG\\\" data-filename=\\\"/profile/upload/2020/09/25/6348b446-1f02-4c15-b60e-f464a09108ee.JPG\\\" style=\\\"width: 1020px;\\\"></p>\"],\"status\":[\"0\"]}', '{\r\n  \"msg\" : \"操作成功\",\r\n  \"code\" : 0\r\n}', 0, NULL, '2020-09-25 10:32:49');
INSERT INTO `sys_oper_log` VALUES (108, '代码生成', 6, 'com.ruoyi.generator.controller.GenController.importTableSave()', 'POST', 1, 'luna', NULL, '/party-platform/tool/gen/importTable', '127.0.0.1', '内网IP', '{\"tables\":[\"sys_news\"]}', '{\r\n  \"msg\" : \"操作成功\",\r\n  \"code\" : 0\r\n}', 0, NULL, '2020-09-25 10:55:29');
INSERT INTO `sys_oper_log` VALUES (109, '字典数据', 3, 'com.ruoyi.web.controller.system.SysDictDataController.remove()', 'POST', 1, 'luna', NULL, '/party-platform/system/dict/data/remove', '127.0.0.1', '内网IP', '{\"ids\":[\"100\"]}', '{\r\n  \"msg\" : \"操作成功\",\r\n  \"code\" : 0\r\n}', 0, NULL, '2020-09-25 11:31:19');
INSERT INTO `sys_oper_log` VALUES (110, '字典类型', 1, 'com.ruoyi.web.controller.system.SysDictTypeController.addSave()', 'POST', 1, 'luna', NULL, '/party-platform/system/dict/add', '127.0.0.1', '内网IP', '{\"dictName\":[\"新闻类型\"],\"dictType\":[\"sys_news_type\"],\"status\":[\"0\"],\"remark\":[\"新闻类型\"]}', '{\r\n  \"msg\" : \"操作成功\",\r\n  \"code\" : 0\r\n}', 0, NULL, '2020-09-25 11:31:50');
INSERT INTO `sys_oper_log` VALUES (111, '字典数据', 1, 'com.ruoyi.web.controller.system.SysDictDataController.addSave()', 'POST', 1, 'luna', NULL, '/party-platform/system/dict/data/add', '127.0.0.1', '内网IP', '{\"dictLabel\":[\"三会一课\"],\"dictValue\":[\"1\"],\"dictType\":[\"sys_news_type\"],\"cssClass\":[\"\"],\"dictSort\":[\"1\"],\"listClass\":[\"primary\"],\"isDefault\":[\"Y\"],\"status\":[\"0\"],\"remark\":[\"三会一课\"]}', '{\r\n  \"msg\" : \"操作成功\",\r\n  \"code\" : 0\r\n}', 0, NULL, '2020-09-25 11:32:38');
INSERT INTO `sys_oper_log` VALUES (112, '字典类型', 2, 'com.ruoyi.web.controller.system.SysDictTypeController.editSave()', 'POST', 1, 'luna', NULL, '/party-platform/system/dict/edit', '127.0.0.1', '内网IP', '{\"dictId\":[\"100\"],\"dictName\":[\"新闻类型\"],\"dictType\":[\"sys_news_type\"],\"status\":[\"0\"],\"remark\":[\"新闻类型列表\"]}', '{\r\n  \"msg\" : \"操作成功\",\r\n  \"code\" : 0\r\n}', 0, NULL, '2020-09-25 11:33:52');
INSERT INTO `sys_oper_log` VALUES (113, '字典类型', 1, 'com.ruoyi.web.controller.system.SysDictTypeController.addSave()', 'POST', 1, 'luna', NULL, '/party-platform/system/dict/add', '127.0.0.1', '内网IP', '{\"dictName\":[\"新闻状态\"],\"dictType\":[\"sys_news_status\"],\"status\":[\"0\"],\"remark\":[\"新闻状态\"]}', '{\r\n  \"msg\" : \"操作成功\",\r\n  \"code\" : 0\r\n}', 0, NULL, '2020-09-25 11:34:22');
INSERT INTO `sys_oper_log` VALUES (114, '字典类型', 2, 'com.ruoyi.web.controller.system.SysDictTypeController.editSave()', 'POST', 1, 'luna', NULL, '/party-platform/system/dict/edit', '127.0.0.1', '内网IP', '{\"dictId\":[\"101\"],\"dictName\":[\"新闻状态列表\"],\"dictType\":[\"sys_news_status\"],\"status\":[\"0\"],\"remark\":[\"新闻状态\"]}', '{\r\n  \"msg\" : \"操作成功\",\r\n  \"code\" : 0\r\n}', 0, NULL, '2020-09-25 11:34:33');
INSERT INTO `sys_oper_log` VALUES (115, '字典类型', 2, 'com.ruoyi.web.controller.system.SysDictTypeController.editSave()', 'POST', 1, 'luna', NULL, '/party-platform/system/dict/edit', '127.0.0.1', '内网IP', '{\"dictId\":[\"101\"],\"dictName\":[\"新闻状态\"],\"dictType\":[\"sys_news_status\"],\"status\":[\"0\"],\"remark\":[\"新闻状态列表\"]}', '{\r\n  \"msg\" : \"操作成功\",\r\n  \"code\" : 0\r\n}', 0, NULL, '2020-09-25 11:34:43');
INSERT INTO `sys_oper_log` VALUES (116, '字典数据', 1, 'com.ruoyi.web.controller.system.SysDictDataController.addSave()', 'POST', 1, 'luna', NULL, '/party-platform/system/dict/data/add', '127.0.0.1', '内网IP', '{\"dictLabel\":[\"开启\"],\"dictValue\":[\"1\"],\"dictType\":[\"sys_news_status\"],\"cssClass\":[\"\"],\"dictSort\":[\"1\"],\"listClass\":[\"success\"],\"isDefault\":[\"Y\"],\"status\":[\"0\"],\"remark\":[\"开启新闻显示\"]}', '{\r\n  \"msg\" : \"操作成功\",\r\n  \"code\" : 0\r\n}', 0, NULL, '2020-09-25 11:35:32');
INSERT INTO `sys_oper_log` VALUES (117, '字典数据', 1, 'com.ruoyi.web.controller.system.SysDictDataController.addSave()', 'POST', 1, 'luna', NULL, '/party-platform/system/dict/data/add', '127.0.0.1', '内网IP', '{\"dictLabel\":[\"关闭\"],\"dictValue\":[\"0\"],\"dictType\":[\"sys_news_status\"],\"cssClass\":[\"\"],\"dictSort\":[\"2\"],\"listClass\":[\"danger\"],\"isDefault\":[\"Y\"],\"status\":[\"0\"],\"remark\":[\"关闭新闻通知\"]}', '{\r\n  \"msg\" : \"操作成功\",\r\n  \"code\" : 0\r\n}', 0, NULL, '2020-09-25 11:35:57');
INSERT INTO `sys_oper_log` VALUES (118, '代码生成', 2, 'com.ruoyi.generator.controller.GenController.editSave()', 'POST', 1, 'luna', NULL, '/party-platform/tool/gen/edit', '127.0.0.1', '内网IP', '{\"tableId\":[\"1\"],\"tableName\":[\"sys_news\"],\"tableComment\":[\"新闻发表表\"],\"className\":[\"News\"],\"functionAuthor\":[\"party-platform\"],\"remark\":[\"\"],\"columns[0].columnId\":[\"1\"],\"columns[0].sort\":[\"1\"],\"columns[0].columnComment\":[\"新闻ID\"],\"columns[0].javaType\":[\"Integer\"],\"columns[0].javaField\":[\"newsId\"],\"columns[0].isInsert\":[\"1\"],\"columns[0].queryType\":[\"EQ\"],\"columns[0].htmlType\":[\"input\"],\"columns[0].dictType\":[\"\"],\"columns[1].columnId\":[\"2\"],\"columns[1].sort\":[\"2\"],\"columns[1].columnComment\":[\"新闻标题\"],\"columns[1].javaType\":[\"String\"],\"columns[1].javaField\":[\"newsTitle\"],\"columns[1].isInsert\":[\"1\"],\"columns[1].isEdit\":[\"1\"],\"columns[1].isList\":[\"1\"],\"columns[1].isQuery\":[\"1\"],\"columns[1].queryType\":[\"EQ\"],\"columns[1].isRequired\":[\"1\"],\"columns[1].htmlType\":[\"input\"],\"columns[1].dictType\":[\"\"],\"columns[2].columnId\":[\"3\"],\"columns[2].sort\":[\"3\"],\"columns[2].columnComment\":[\"新闻类型（1通知 2公告）\"],\"columns[2].javaType\":[\"String\"],\"columns[2].javaField\":[\"newsType\"],\"columns[2].isInsert\":[\"1\"],\"columns[2].isEdit\":[\"1\"],\"columns[2].isList\":[\"1\"],\"columns[2].isQuery\":[\"1\"],\"columns[2].queryType\":[\"EQ\"],\"columns[2].isRequired\":[\"1\"],\"columns[2].htmlType\":[\"select\"],\"columns[2].dictType\":[\"sys_news_type\"],\"columns[3].columnId\":[\"4\"],\"columns[3].sort\":[\"4\"],\"columns[3].columnComment\":[\"新闻内容\"],\"columns[3].javaType\":[\"String\"],\"columns[3].javaField\":[\"newsContent\"],\"columns[3].isInsert\":[\"1\"],\"columns[3].isEdit\":[\"1\"],\"columns[3].isList\":[\"1\"],\"columns[3].isQuery\":[\"1\"],\"columns[3].queryType\":[\"LIKE\"],\"columns[3].htmlType\":[\"summernote\"],\"columns[3].dictType\":[\"\"],\"columns[4].columnId\":[\"5\"],\"columns[4].sort\":[\"5\"],\"columns[4].columnComment\":[\"新闻状态（0正常 1关闭）\"],\"columns[4].javaType\":[\"String\"],\"columns[4].javaField\":[\"status\"],\"columns[4].isInsert\":[\"1\"],\"columns[4].isEdit\":[\"1\"],\"columns[4].isList\":[\"1\"],\"columns[4].isQuery\":[\"1\"],\"columns[4].queryType\":[\"EQ\"],\"columns[4].htmlType\":[\"radio\"],\"columns[4].dictType\":[\"sys_news_status\"],\"columns[5].columnId\":[\"6\"],\"columns[5].sort\":[\"6\"],\"columns[', '{\r\n  \"msg\" : \"操作成功\",\r\n  \"code\" : 0\r\n}', 0, NULL, '2020-09-25 11:38:56');
INSERT INTO `sys_oper_log` VALUES (119, '代码生成', 2, 'com.ruoyi.generator.controller.GenController.editSave()', 'POST', 1, 'luna', NULL, '/party-platform/tool/gen/edit', '127.0.0.1', '内网IP', '{\"tableId\":[\"1\"],\"tableName\":[\"sys_news\"],\"tableComment\":[\"新闻发表表\"],\"className\":[\"News\"],\"functionAuthor\":[\"party-platform\"],\"remark\":[\"\"],\"columns[0].columnId\":[\"1\"],\"columns[0].sort\":[\"1\"],\"columns[0].columnComment\":[\"新闻ID\"],\"columns[0].javaType\":[\"Integer\"],\"columns[0].javaField\":[\"newsId\"],\"columns[0].isInsert\":[\"1\"],\"columns[0].queryType\":[\"EQ\"],\"columns[0].htmlType\":[\"input\"],\"columns[0].dictType\":[\"\"],\"columns[1].columnId\":[\"2\"],\"columns[1].sort\":[\"2\"],\"columns[1].columnComment\":[\"新闻标题\"],\"columns[1].javaType\":[\"String\"],\"columns[1].javaField\":[\"newsTitle\"],\"columns[1].isInsert\":[\"1\"],\"columns[1].isEdit\":[\"1\"],\"columns[1].isList\":[\"1\"],\"columns[1].isQuery\":[\"1\"],\"columns[1].queryType\":[\"EQ\"],\"columns[1].isRequired\":[\"1\"],\"columns[1].htmlType\":[\"input\"],\"columns[1].dictType\":[\"\"],\"columns[2].columnId\":[\"3\"],\"columns[2].sort\":[\"3\"],\"columns[2].columnComment\":[\"新闻类型（1通知 2公告）\"],\"columns[2].javaType\":[\"String\"],\"columns[2].javaField\":[\"newsType\"],\"columns[2].isInsert\":[\"1\"],\"columns[2].isEdit\":[\"1\"],\"columns[2].isList\":[\"1\"],\"columns[2].isQuery\":[\"1\"],\"columns[2].queryType\":[\"EQ\"],\"columns[2].isRequired\":[\"1\"],\"columns[2].htmlType\":[\"select\"],\"columns[2].dictType\":[\"sys_news_type\"],\"columns[3].columnId\":[\"4\"],\"columns[3].sort\":[\"4\"],\"columns[3].columnComment\":[\"新闻内容\"],\"columns[3].javaType\":[\"String\"],\"columns[3].javaField\":[\"newsContent\"],\"columns[3].isInsert\":[\"1\"],\"columns[3].isEdit\":[\"1\"],\"columns[3].isList\":[\"1\"],\"columns[3].isQuery\":[\"1\"],\"columns[3].queryType\":[\"LIKE\"],\"columns[3].htmlType\":[\"summernote\"],\"columns[3].dictType\":[\"\"],\"columns[4].columnId\":[\"5\"],\"columns[4].sort\":[\"5\"],\"columns[4].columnComment\":[\"新闻状态（0正常 1关闭）\"],\"columns[4].javaType\":[\"String\"],\"columns[4].javaField\":[\"status\"],\"columns[4].isInsert\":[\"1\"],\"columns[4].isEdit\":[\"1\"],\"columns[4].isList\":[\"1\"],\"columns[4].isQuery\":[\"1\"],\"columns[4].queryType\":[\"EQ\"],\"columns[4].htmlType\":[\"radio\"],\"columns[4].dictType\":[\"sys_news_status\"],\"columns[5].columnId\":[\"6\"],\"columns[5].sort\":[\"6\"],\"columns[', '{\r\n  \"msg\" : \"操作成功\",\r\n  \"code\" : 0\r\n}', 0, NULL, '2020-09-25 12:06:26');
INSERT INTO `sys_oper_log` VALUES (120, '代码生成', 8, 'com.ruoyi.generator.controller.GenController.download()', 'GET', 1, 'luna', NULL, '/party-platform/tool/gen/download/sys_news', '127.0.0.1', '内网IP', NULL, 'null', 0, NULL, '2020-09-25 12:06:30');
INSERT INTO `sys_oper_log` VALUES (121, '代码生成', 8, 'com.ruoyi.generator.controller.GenController.download()', 'GET', 1, 'luna', NULL, '/party-platform/tool/gen/download/sys_news', '127.0.0.1', '内网IP', NULL, 'null', 0, NULL, '2020-09-25 12:06:32');
INSERT INTO `sys_oper_log` VALUES (122, '代码生成', 2, 'com.ruoyi.generator.controller.GenController.editSave()', 'POST', 1, 'luna', NULL, '/party-platform/tool/gen/edit', '127.0.0.1', '内网IP', '{\"tableId\":[\"1\"],\"tableName\":[\"sys_news\"],\"tableComment\":[\"新闻发表表\"],\"className\":[\"News\"],\"functionAuthor\":[\"party-platform\"],\"remark\":[\"\"],\"columns[0].columnId\":[\"1\"],\"columns[0].sort\":[\"1\"],\"columns[0].columnComment\":[\"新闻ID\"],\"columns[0].javaType\":[\"Integer\"],\"columns[0].javaField\":[\"newsId\"],\"columns[0].isInsert\":[\"1\"],\"columns[0].queryType\":[\"EQ\"],\"columns[0].htmlType\":[\"input\"],\"columns[0].dictType\":[\"\"],\"columns[1].columnId\":[\"2\"],\"columns[1].sort\":[\"2\"],\"columns[1].columnComment\":[\"新闻标题\"],\"columns[1].javaType\":[\"String\"],\"columns[1].javaField\":[\"newsTitle\"],\"columns[1].isInsert\":[\"1\"],\"columns[1].isEdit\":[\"1\"],\"columns[1].isList\":[\"1\"],\"columns[1].isQuery\":[\"1\"],\"columns[1].queryType\":[\"EQ\"],\"columns[1].isRequired\":[\"1\"],\"columns[1].htmlType\":[\"input\"],\"columns[1].dictType\":[\"\"],\"columns[2].columnId\":[\"3\"],\"columns[2].sort\":[\"3\"],\"columns[2].columnComment\":[\"新闻类型（1通知 2公告）\"],\"columns[2].javaType\":[\"String\"],\"columns[2].javaField\":[\"newsType\"],\"columns[2].isInsert\":[\"1\"],\"columns[2].isEdit\":[\"1\"],\"columns[2].isList\":[\"1\"],\"columns[2].isQuery\":[\"1\"],\"columns[2].queryType\":[\"EQ\"],\"columns[2].isRequired\":[\"1\"],\"columns[2].htmlType\":[\"select\"],\"columns[2].dictType\":[\"sys_news_type\"],\"columns[3].columnId\":[\"4\"],\"columns[3].sort\":[\"4\"],\"columns[3].columnComment\":[\"新闻内容\"],\"columns[3].javaType\":[\"String\"],\"columns[3].javaField\":[\"newsContent\"],\"columns[3].isInsert\":[\"1\"],\"columns[3].isEdit\":[\"1\"],\"columns[3].isList\":[\"1\"],\"columns[3].isQuery\":[\"1\"],\"columns[3].queryType\":[\"LIKE\"],\"columns[3].htmlType\":[\"summernote\"],\"columns[3].dictType\":[\"\"],\"columns[4].columnId\":[\"5\"],\"columns[4].sort\":[\"5\"],\"columns[4].columnComment\":[\"新闻状态（0正常 1关闭）\"],\"columns[4].javaType\":[\"String\"],\"columns[4].javaField\":[\"status\"],\"columns[4].isInsert\":[\"1\"],\"columns[4].isEdit\":[\"1\"],\"columns[4].isList\":[\"1\"],\"columns[4].isQuery\":[\"1\"],\"columns[4].queryType\":[\"EQ\"],\"columns[4].htmlType\":[\"radio\"],\"columns[4].dictType\":[\"sys_news_status\"],\"columns[5].columnId\":[\"6\"],\"columns[5].sort\":[\"6\"],\"columns[', '{\r\n  \"msg\" : \"操作成功\",\r\n  \"code\" : 0\r\n}', 0, NULL, '2020-09-25 12:12:49');
INSERT INTO `sys_oper_log` VALUES (123, '代码生成', 8, 'com.ruoyi.generator.controller.GenController.download()', 'GET', 1, 'luna', NULL, '/party-platform/tool/gen/download/sys_news', '127.0.0.1', '内网IP', NULL, 'null', 0, NULL, '2020-09-25 12:12:52');
INSERT INTO `sys_oper_log` VALUES (124, '代码生成', 8, 'com.ruoyi.generator.controller.GenController.download()', 'GET', 1, 'luna', NULL, '/party-platform/tool/gen/download/sys_news', '127.0.0.1', '内网IP', NULL, 'null', 0, NULL, '2020-09-25 12:12:53');
INSERT INTO `sys_oper_log` VALUES (125, '代码生成', 8, 'com.ruoyi.generator.controller.GenController.download()', 'GET', 1, 'luna', NULL, '/party-platform/tool/gen/download/sys_news', '127.0.0.1', '内网IP', NULL, 'null', 0, NULL, '2020-09-25 12:13:12');
INSERT INTO `sys_oper_log` VALUES (126, '代码生成', 8, 'com.ruoyi.generator.controller.GenController.download()', 'GET', 1, 'luna', NULL, '/party-platform/tool/gen/download/sys_news', '127.0.0.1', '内网IP', NULL, 'null', 0, NULL, '2020-09-25 12:13:13');
INSERT INTO `sys_oper_log` VALUES (127, '代码生成', 8, 'com.ruoyi.generator.controller.GenController.download()', 'GET', 1, 'luna', NULL, '/party-platform/tool/gen/download/sys_news', '127.0.0.1', '内网IP', NULL, 'null', 0, NULL, '2020-09-25 12:20:12');
INSERT INTO `sys_oper_log` VALUES (128, '代码生成', 8, 'com.ruoyi.generator.controller.GenController.download()', 'GET', 1, 'luna', NULL, '/party-platform/tool/gen/download/sys_news', '127.0.0.1', '内网IP', NULL, 'null', 0, NULL, '2020-09-25 12:20:12');
INSERT INTO `sys_oper_log` VALUES (129, '代码生成', 2, 'com.ruoyi.generator.controller.GenController.editSave()', 'POST', 1, 'luna', NULL, '/party-platform/tool/gen/edit', '127.0.0.1', '内网IP', '{\"tableId\":[\"1\"],\"tableName\":[\"sys_news\"],\"tableComment\":[\"新闻发表表\"],\"className\":[\"News\"],\"functionAuthor\":[\"party-platform\"],\"remark\":[\"\"],\"columns[0].columnId\":[\"1\"],\"columns[0].sort\":[\"1\"],\"columns[0].columnComment\":[\"新闻ID\"],\"columns[0].javaType\":[\"Integer\"],\"columns[0].javaField\":[\"newsId\"],\"columns[0].isInsert\":[\"1\"],\"columns[0].queryType\":[\"EQ\"],\"columns[0].htmlType\":[\"input\"],\"columns[0].dictType\":[\"\"],\"columns[1].columnId\":[\"2\"],\"columns[1].sort\":[\"2\"],\"columns[1].columnComment\":[\"新闻标题\"],\"columns[1].javaType\":[\"String\"],\"columns[1].javaField\":[\"newsTitle\"],\"columns[1].isInsert\":[\"1\"],\"columns[1].isEdit\":[\"1\"],\"columns[1].isList\":[\"1\"],\"columns[1].isQuery\":[\"1\"],\"columns[1].queryType\":[\"EQ\"],\"columns[1].isRequired\":[\"1\"],\"columns[1].htmlType\":[\"input\"],\"columns[1].dictType\":[\"\"],\"columns[2].columnId\":[\"3\"],\"columns[2].sort\":[\"3\"],\"columns[2].columnComment\":[\"新闻类型（1通知 2公告）\"],\"columns[2].javaType\":[\"String\"],\"columns[2].javaField\":[\"newsType\"],\"columns[2].isInsert\":[\"1\"],\"columns[2].isEdit\":[\"1\"],\"columns[2].isList\":[\"1\"],\"columns[2].isQuery\":[\"1\"],\"columns[2].queryType\":[\"EQ\"],\"columns[2].isRequired\":[\"1\"],\"columns[2].htmlType\":[\"select\"],\"columns[2].dictType\":[\"sys_news_type\"],\"columns[3].columnId\":[\"4\"],\"columns[3].sort\":[\"4\"],\"columns[3].columnComment\":[\"新闻内容\"],\"columns[3].javaType\":[\"String\"],\"columns[3].javaField\":[\"newsContent\"],\"columns[3].isInsert\":[\"1\"],\"columns[3].isEdit\":[\"1\"],\"columns[3].isList\":[\"1\"],\"columns[3].isQuery\":[\"1\"],\"columns[3].queryType\":[\"LIKE\"],\"columns[3].htmlType\":[\"summernote\"],\"columns[3].dictType\":[\"\"],\"columns[4].columnId\":[\"5\"],\"columns[4].sort\":[\"5\"],\"columns[4].columnComment\":[\"新闻状态（0正常 1关闭）\"],\"columns[4].javaType\":[\"String\"],\"columns[4].javaField\":[\"status\"],\"columns[4].isInsert\":[\"1\"],\"columns[4].isEdit\":[\"1\"],\"columns[4].isList\":[\"1\"],\"columns[4].isQuery\":[\"1\"],\"columns[4].queryType\":[\"EQ\"],\"columns[4].htmlType\":[\"radio\"],\"columns[4].dictType\":[\"sys_news_status\"],\"columns[5].columnId\":[\"6\"],\"columns[5].sort\":[\"6\"],\"columns[', '{\r\n  \"msg\" : \"操作成功\",\r\n  \"code\" : 0\r\n}', 0, NULL, '2020-09-25 12:21:07');
INSERT INTO `sys_oper_log` VALUES (130, '代码生成', 8, 'com.ruoyi.generator.controller.GenController.download()', 'GET', 1, 'luna', NULL, '/party-platform/tool/gen/download/sys_news', '127.0.0.1', '内网IP', NULL, 'null', 0, NULL, '2020-09-25 12:21:10');
INSERT INTO `sys_oper_log` VALUES (131, '代码生成', 8, 'com.ruoyi.generator.controller.GenController.download()', 'GET', 1, 'luna', NULL, '/party-platform/tool/gen/download/sys_news', '127.0.0.1', '内网IP', NULL, 'null', 0, NULL, '2020-09-25 12:21:10');
INSERT INTO `sys_oper_log` VALUES (132, '新闻展示', 2, 'com.ruoyi.web.platform.news.controller.NewsController.editSave()', 'POST', 1, 'admin', '研发部门', '/party-platform/admin/news/edit', '127.0.0.1', '内网IP', '{\"newsId\":[\"1\"],\"newsTitle\":[\"温馨提醒：2018-07-01 若依新版本发布啦\"],\"newsType\":[\"1\"],\"newsContent\":[\"新版本内容\"],\"status\":[\"1\"],\"remark\":[\"管理员\"]}', '{\r\n  \"msg\" : \"操作成功\",\r\n  \"code\" : 0\r\n}', 0, NULL, '2020-09-25 12:27:53');
INSERT INTO `sys_oper_log` VALUES (133, '菜单管理', 1, 'com.ruoyi.web.controller.system.SysMenuController.addSave()', 'POST', 1, 'admin', '研发部门', '/party-platform/system/menu/add', '127.0.0.1', '内网IP', '{\"parentId\":[\"0\"],\"menuType\":[\"M\"],\"menuName\":[\"党建平台\"],\"url\":[\"\"],\"target\":[\"menuItem\"],\"perms\":[\"\"],\"orderNum\":[\"4\"],\"icon\":[\"fa fa-bank\"],\"visible\":[\"0\"]}', '{\r\n  \"msg\" : \"操作成功\",\r\n  \"code\" : 0\r\n}', 0, NULL, '2020-09-25 12:28:57');
INSERT INTO `sys_oper_log` VALUES (134, '菜单管理', 2, 'com.ruoyi.web.controller.system.SysMenuController.editSave()', 'POST', 1, 'admin', '研发部门', '/party-platform/system/menu/edit', '127.0.0.1', '内网IP', '{\"menuId\":[\"2000\"],\"parentId\":[\"1\"],\"menuType\":[\"C\"],\"menuName\":[\"新闻展示\"],\"url\":[\"/admin/news\"],\"target\":[\"menuItem\"],\"perms\":[\"admin:news:view\"],\"orderNum\":[\"1\"],\"icon\":[\"fa fa-bars\"],\"visible\":[\"0\"]}', '{\r\n  \"msg\" : \"操作成功\",\r\n  \"code\" : 0\r\n}', 0, NULL, '2020-09-25 12:29:30');
INSERT INTO `sys_oper_log` VALUES (135, '菜单管理', 2, 'com.ruoyi.web.controller.system.SysMenuController.editSave()', 'POST', 1, 'admin', '研发部门', '/party-platform/system/menu/edit', '127.0.0.1', '内网IP', '{\"menuId\":[\"2000\"],\"parentId\":[\"2006\"],\"menuType\":[\"C\"],\"menuName\":[\"新闻展示\"],\"url\":[\"/admin/news\"],\"target\":[\"menuItem\"],\"perms\":[\"admin:news:view\"],\"orderNum\":[\"1\"],\"icon\":[\"fa fa-bars\"],\"visible\":[\"0\"]}', '{\r\n  \"msg\" : \"操作成功\",\r\n  \"code\" : 0\r\n}', 0, NULL, '2020-09-25 12:29:44');
INSERT INTO `sys_oper_log` VALUES (136, '菜单管理', 3, 'com.ruoyi.web.controller.system.SysMenuController.remove()', 'GET', 1, 'admin', '研发部门', '/party-platform/system/menu/remove/4', '127.0.0.1', '内网IP', NULL, '{\r\n  \"msg\" : \"菜单已分配,不允许删除\",\r\n  \"code\" : 301\r\n}', 0, NULL, '2020-09-25 12:29:53');
INSERT INTO `sys_oper_log` VALUES (137, '角色管理', 2, 'com.ruoyi.web.controller.system.SysRoleController.editSave()', 'POST', 1, 'admin', '研发部门', '/party-platform/system/role/edit', '127.0.0.1', '内网IP', '{\"roleId\":[\"2\"],\"roleName\":[\"普通角色\"],\"roleKey\":[\"common\"],\"roleSort\":[\"2\"],\"status\":[\"0\"],\"remark\":[\"普通角色\"],\"menuIds\":[\"1,100,1000,1001,1002,1003,1004,1005,1006,101,1007,1008,1009,1010,1011,102,1012,1013,1014,1015,103,1016,1017,1018,1019,104,1020,1021,1022,1023,1024,105,1025,1026,1027,1028,1029,106,1030,1031,1032,1033,1034,107,1035,1036,1037,1038,108,500,1039,1040,1041,1042,501,1043,1044,1045,1046,2,109,1047,1048,1049,110,1050,1051,1052,1053,1054,1055,1056,111,112,3,113,114,1057,1058,1059,1060,1061,115\"]}', '{\r\n  \"msg\" : \"操作成功\",\r\n  \"code\" : 0\r\n}', 0, NULL, '2020-09-25 12:30:08');
INSERT INTO `sys_oper_log` VALUES (138, '菜单管理', 3, 'com.ruoyi.web.controller.system.SysMenuController.remove()', 'GET', 1, 'admin', '研发部门', '/party-platform/system/menu/remove/4', '127.0.0.1', '内网IP', NULL, '{\r\n  \"msg\" : \"操作成功\",\r\n  \"code\" : 0\r\n}', 0, NULL, '2020-09-25 12:30:16');
INSERT INTO `sys_oper_log` VALUES (139, '新闻展示', 2, 'com.ruoyi.web.platform.news.controller.NewsController.editSave()', 'POST', 1, 'admin', '研发部门', '/party-platform/admin/news/edit', '127.0.0.1', '内网IP', '{\"newsId\":[\"1\"],\"newsTitle\":[\"三会一课开课啦\"],\"newsType\":[\"1\"],\"newsContent\":[\"新版本内容\"],\"status\":[\"1\"],\"remark\":[\"管理员\"]}', '{\r\n  \"msg\" : \"操作成功\",\r\n  \"code\" : 0\r\n}', 0, NULL, '2020-09-25 12:30:54');
INSERT INTO `sys_oper_log` VALUES (140, '新闻展示', 2, 'com.ruoyi.web.platform.news.controller.NewsController.editSave()', 'POST', 1, 'admin', '研发部门', '/party-platform/admin/news/edit', '127.0.0.1', '内网IP', '{\"newsId\":[\"2\"],\"newsTitle\":[\"三会一课第二课开课啦\"],\"newsType\":[\"1\"],\"newsContent\":[\"维护内容\"],\"status\":[\"1\"],\"remark\":[\"管理员\"]}', '{\r\n  \"msg\" : \"操作成功\",\r\n  \"code\" : 0\r\n}', 0, NULL, '2020-09-25 12:31:09');
INSERT INTO `sys_oper_log` VALUES (141, '菜单管理', 2, 'com.ruoyi.web.controller.system.SysMenuController.editSave()', 'POST', 1, 'admin', '研发部门', '/party-platform/system/menu/edit', '127.0.0.1', '内网IP', '{\"menuId\":[\"2001\"],\"parentId\":[\"2000\"],\"menuType\":[\"F\"],\"menuName\":[\"新闻展示查询\"],\"url\":[\"#\"],\"target\":[\"menuItem\"],\"perms\":[\"\"],\"orderNum\":[\"1\"],\"icon\":[\"#\"],\"visible\":[\"0\"]}', '{\r\n  \"msg\" : \"操作成功\",\r\n  \"code\" : 0\r\n}', 0, NULL, '2020-09-25 12:48:13');
INSERT INTO `sys_oper_log` VALUES (142, '个人信息', 2, 'com.ruoyi.web.controller.system.SysProfileController.update()', 'POST', 1, 'admin', '研发部门', '/party-platform/system/user/profile/update', '127.0.0.1', '内网IP', '{\"id\":[\"\"],\"userName\":[\"党建平台\"],\"phonenumber\":[\"15888888888\"],\"email\":[\"luna_nov@163.com\"],\"sex\":[\"1\"]}', '{\r\n  \"msg\" : \"操作成功\",\r\n  \"code\" : 0\r\n}', 0, NULL, '2020-09-26 13:38:47');
INSERT INTO `sys_oper_log` VALUES (143, '部门管理', 2, 'com.ruoyi.web.controller.system.SysDeptController.editSave()', 'POST', 1, 'admin', '研发部门', '/party-platform/system/dept/edit', '127.0.0.1', '内网IP', '{\"deptId\":[\"100\"],\"parentId\":[\"0\"],\"parentName\":[\"无\"],\"deptName\":[\"盐城师范学院\"],\"orderNum\":[\"0\"],\"leader\":[\"admin\"],\"phone\":[\"15888888888\"],\"email\":[\"luna_nov@qq.com\"],\"status\":[\"0\"]}', '{\r\n  \"msg\" : \"操作成功\",\r\n  \"code\" : 0\r\n}', 0, NULL, '2020-09-26 13:41:06');
INSERT INTO `sys_oper_log` VALUES (144, '部门管理', 2, 'com.ruoyi.web.controller.system.SysDeptController.editSave()', 'POST', 1, 'admin', '研发部门', '/party-platform/system/dept/edit', '127.0.0.1', '内网IP', '{\"deptId\":[\"101\"],\"parentId\":[\"100\"],\"parentName\":[\"盐城师范学院\"],\"deptName\":[\"信息工程学院\"],\"orderNum\":[\"1\"],\"leader\":[\"admin_ie\"],\"phone\":[\"15888888888\"],\"email\":[\"admin_ie@qq.com\"],\"status\":[\"0\"]}', '{\r\n  \"msg\" : \"操作成功\",\r\n  \"code\" : 0\r\n}', 0, NULL, '2020-09-26 13:42:46');
INSERT INTO `sys_oper_log` VALUES (145, '部门管理', 2, 'com.ruoyi.web.controller.system.SysDeptController.editSave()', 'POST', 1, 'admin', '研发部门', '/party-platform/system/dept/edit', '127.0.0.1', '内网IP', '{\"deptId\":[\"101\"],\"parentId\":[\"100\"],\"parentName\":[\"盐城师范学院\"],\"deptName\":[\"信息工程学院党总支\"],\"orderNum\":[\"1\"],\"leader\":[\"admin_ie\"],\"phone\":[\"15888888888\"],\"email\":[\"admin_ie@qq.com\"],\"status\":[\"0\"]}', '{\r\n  \"msg\" : \"操作成功\",\r\n  \"code\" : 0\r\n}', 0, NULL, '2020-09-26 13:43:58');
INSERT INTO `sys_oper_log` VALUES (146, '部门管理', 2, 'com.ruoyi.web.controller.system.SysDeptController.editSave()', 'POST', 1, 'admin', '研发部门', '/party-platform/system/dept/edit', '127.0.0.1', '内网IP', '{\"deptId\":[\"103\"],\"parentId\":[\"101\"],\"parentName\":[\"信息工程学院党总支\"],\"deptName\":[\"第一支部\"],\"orderNum\":[\"1\"],\"leader\":[\"admin_ie_one\"],\"phone\":[\"15888888888\"],\"email\":[\"admin_ie_one@qq.com\"],\"status\":[\"0\"]}', '{\r\n  \"msg\" : \"操作成功\",\r\n  \"code\" : 0\r\n}', 0, NULL, '2020-09-26 13:44:35');
INSERT INTO `sys_oper_log` VALUES (147, '部门管理', 2, 'com.ruoyi.web.controller.system.SysDeptController.editSave()', 'POST', 1, 'admin', '研发部门', '/party-platform/system/dept/edit', '127.0.0.1', '内网IP', '{\"deptId\":[\"104\"],\"parentId\":[\"101\"],\"parentName\":[\"信息工程学院党总支\"],\"deptName\":[\"第二支部\"],\"orderNum\":[\"2\"],\"leader\":[\"admin_ie_second\"],\"phone\":[\"15888888888\"],\"email\":[\"admin_ie_second@qq.com\"],\"status\":[\"0\"]}', '{\r\n  \"msg\" : \"操作成功\",\r\n  \"code\" : 0\r\n}', 0, NULL, '2020-09-26 13:45:04');
INSERT INTO `sys_oper_log` VALUES (148, '部门管理', 2, 'com.ruoyi.web.controller.system.SysDeptController.editSave()', 'POST', 1, 'admin', '研发部门', '/party-platform/system/dept/edit', '127.0.0.1', '内网IP', '{\"deptId\":[\"105\"],\"parentId\":[\"101\"],\"parentName\":[\"信息工程学院党总支\"],\"deptName\":[\"第三支部\"],\"orderNum\":[\"3\"],\"leader\":[\"若依\"],\"phone\":[\"15888888888\"],\"email\":[\"ry@qq.com\"],\"status\":[\"0\"]}', '{\r\n  \"msg\" : \"操作成功\",\r\n  \"code\" : 0\r\n}', 0, NULL, '2020-09-26 13:45:13');
INSERT INTO `sys_oper_log` VALUES (149, '部门管理', 2, 'com.ruoyi.web.controller.system.SysDeptController.editSave()', 'POST', 1, 'admin', '研发部门', '/party-platform/system/dept/edit', '127.0.0.1', '内网IP', '{\"deptId\":[\"106\"],\"parentId\":[\"101\"],\"parentName\":[\"信息工程学院党总支\"],\"deptName\":[\"第四支部\"],\"orderNum\":[\"4\"],\"leader\":[\"若依\"],\"phone\":[\"15888888888\"],\"email\":[\"ry@qq.com\"],\"status\":[\"0\"]}', '{\r\n  \"msg\" : \"操作成功\",\r\n  \"code\" : 0\r\n}', 0, NULL, '2020-09-26 13:45:20');
INSERT INTO `sys_oper_log` VALUES (150, '部门管理', 2, 'com.ruoyi.web.controller.system.SysDeptController.editSave()', 'POST', 1, 'admin', '研发部门', '/party-platform/system/dept/edit', '127.0.0.1', '内网IP', '{\"deptId\":[\"102\"],\"parentId\":[\"100\"],\"parentName\":[\"盐城师范学院\"],\"deptName\":[\"教育科学学院党总支\"],\"orderNum\":[\"2\"],\"leader\":[\"admin_tea\"],\"phone\":[\"15888888888\"],\"email\":[\"ry@qq.com\"],\"status\":[\"0\"]}', '{\r\n  \"msg\" : \"操作成功\",\r\n  \"code\" : 0\r\n}', 0, NULL, '2020-09-26 13:45:48');
INSERT INTO `sys_oper_log` VALUES (151, '部门管理', 3, 'com.ruoyi.web.controller.system.SysDeptController.remove()', 'GET', 1, 'admin', '研发部门', '/party-platform/system/dept/remove/107', '127.0.0.1', '内网IP', NULL, '{\r\n  \"msg\" : \"操作成功\",\r\n  \"code\" : 0\r\n}', 0, NULL, '2020-09-26 13:45:52');
INSERT INTO `sys_oper_log` VALUES (152, '部门管理', 2, 'com.ruoyi.web.controller.system.SysDeptController.editSave()', 'POST', 1, 'admin', '研发部门', '/party-platform/system/dept/edit', '127.0.0.1', '内网IP', '{\"deptId\":[\"108\"],\"parentId\":[\"102\"],\"parentName\":[\"教育科学学院党总支\"],\"deptName\":[\"第一支部\"],\"orderNum\":[\"1\"],\"leader\":[\"若依\"],\"phone\":[\"15888888888\"],\"email\":[\"ry@qq.com\"],\"status\":[\"0\"]}', '{\r\n  \"msg\" : \"操作成功\",\r\n  \"code\" : 0\r\n}', 0, NULL, '2020-09-26 13:45:58');
INSERT INTO `sys_oper_log` VALUES (153, '部门管理', 2, 'com.ruoyi.web.controller.system.SysDeptController.editSave()', 'POST', 1, 'admin', '研发部门', '/party-platform/system/dept/edit', '127.0.0.1', '内网IP', '{\"deptId\":[\"109\"],\"parentId\":[\"102\"],\"parentName\":[\"教育科学学院党总支\"],\"deptName\":[\"第二支部\"],\"orderNum\":[\"2\"],\"leader\":[\"若依\"],\"phone\":[\"15888888888\"],\"email\":[\"ry@qq.com\"],\"status\":[\"0\"]}', '{\r\n  \"msg\" : \"操作成功\",\r\n  \"code\" : 0\r\n}', 0, NULL, '2020-09-26 13:46:04');
INSERT INTO `sys_oper_log` VALUES (154, '岗位管理', 1, 'com.ruoyi.web.controller.system.SysPostController.addSave()', 'POST', 1, 'admin', '研发部门', '/party-platform/system/post/add', '127.0.0.1', '内网IP', '{\"postName\":[\"党总支（党委）书记 \"],\"postCode\":[\"pps\"],\"postSort\":[\"5\"],\"status\":[\"0\"],\"remark\":[\"\"]}', '{\r\n  \"msg\" : \"操作成功\",\r\n  \"code\" : 0\r\n}', 0, NULL, '2020-09-26 13:47:22');
INSERT INTO `sys_oper_log` VALUES (155, '岗位管理', 2, 'com.ruoyi.web.controller.system.SysPostController.editSave()', 'POST', 1, 'admin', '研发部门', '/party-platform/system/post/edit', '127.0.0.1', '内网IP', '{\"postId\":[\"5\"],\"postName\":[\"信息工程学院党总支（党委）书记\"],\"postCode\":[\"pps\"],\"postSort\":[\"5\"],\"status\":[\"0\"],\"remark\":[\"\"]}', '{\r\n  \"msg\" : \"操作成功\",\r\n  \"code\" : 0\r\n}', 0, NULL, '2020-09-26 13:48:54');
INSERT INTO `sys_oper_log` VALUES (156, '岗位管理', 2, 'com.ruoyi.web.controller.system.SysPostController.editSave()', 'POST', 1, 'admin', '研发部门', '/party-platform/system/post/edit', '127.0.0.1', '内网IP', '{\"postId\":[\"5\"],\"postName\":[\"信息工程学院党总支（党委）书记\"],\"postCode\":[\"soiepps\"],\"postSort\":[\"5\"],\"status\":[\"0\"],\"remark\":[\"\"]}', '{\r\n  \"msg\" : \"操作成功\",\r\n  \"code\" : 0\r\n}', 0, NULL, '2020-09-26 13:50:02');
INSERT INTO `sys_oper_log` VALUES (157, '岗位管理', 2, 'com.ruoyi.web.controller.system.SysPostController.editSave()', 'POST', 1, 'admin', '研发部门', '/party-platform/system/post/edit', '127.0.0.1', '内网IP', '{\"postId\":[\"4\"],\"postName\":[\"普通用户\"],\"postCode\":[\"user\"],\"postSort\":[\"4\"],\"status\":[\"0\"],\"remark\":[\"\"]}', '{\r\n  \"msg\" : \"操作成功\",\r\n  \"code\" : 0\r\n}', 0, NULL, '2020-09-26 13:50:13');
INSERT INTO `sys_oper_log` VALUES (158, '岗位管理', 2, 'com.ruoyi.web.controller.system.SysPostController.editSave()', 'POST', 1, 'admin', '研发部门', '/party-platform/system/post/edit', '127.0.0.1', '内网IP', '{\"postId\":[\"2\"],\"postName\":[\"党支部书记\"],\"postCode\":[\"pbs\"],\"postSort\":[\"2\"],\"status\":[\"0\"],\"remark\":[\"\"]}', '{\r\n  \"msg\" : \"操作成功\",\r\n  \"code\" : 0\r\n}', 0, NULL, '2020-09-26 13:50:53');
INSERT INTO `sys_oper_log` VALUES (159, '岗位管理', 2, 'com.ruoyi.web.controller.system.SysPostController.editSave()', 'POST', 1, 'admin', '研发部门', '/party-platform/system/post/edit', '127.0.0.1', '内网IP', '{\"postId\":[\"5\"],\"postName\":[\"党总支（党委）书记\"],\"postCode\":[\"pps\"],\"postSort\":[\"5\"],\"status\":[\"0\"],\"remark\":[\"\"]}', '{\r\n  \"msg\" : \"操作成功\",\r\n  \"code\" : 0\r\n}', 0, NULL, '2020-09-26 13:50:59');
INSERT INTO `sys_oper_log` VALUES (160, '岗位管理', 2, 'com.ruoyi.web.controller.system.SysPostController.editSave()', 'POST', 1, 'admin', '研发部门', '/party-platform/system/post/edit', '127.0.0.1', '内网IP', '{\"postId\":[\"3\"],\"postName\":[\"支部委员\"],\"postCode\":[\"pbm\"],\"postSort\":[\"3\"],\"status\":[\"0\"],\"remark\":[\"\"]}', '{\r\n  \"msg\" : \"操作成功\",\r\n  \"code\" : 0\r\n}', 0, NULL, '2020-09-26 13:51:39');
INSERT INTO `sys_oper_log` VALUES (161, '岗位管理', 3, 'com.ruoyi.web.controller.system.SysPostController.remove()', 'POST', 1, 'admin', '研发部门', '/party-platform/system/post/remove', '127.0.0.1', '内网IP', '{\"ids\":[\"1\"]}', '{\r\n  \"msg\" : \"董事长已分配,不能删除\",\r\n  \"code\" : 500\r\n}', 0, NULL, '2020-09-26 13:51:58');
INSERT INTO `sys_oper_log` VALUES (162, '用户管理', 2, 'com.ruoyi.web.controller.system.SysUserController.editSave()', 'POST', 1, 'admin', '研发部门', '/party-platform/system/user/edit', '127.0.0.1', '内网IP', '{\"userId\":[\"100\"],\"deptId\":[\"106\"],\"userName\":[\"luna\"],\"dept.deptName\":[\"第四支部\"],\"phonenumber\":[\"15696756582\"],\"email\":[\"Iszychen@gmail.com\"],\"loginName\":[\"luna\"],\"sex\":[\"0\"],\"role\":[\"2\"],\"remark\":[\"\"],\"status\":[\"0\"],\"roleIds\":[\"2\"],\"postIds\":[\"4\"]}', '{\r\n  \"msg\" : \"操作成功\",\r\n  \"code\" : 0\r\n}', 0, NULL, '2020-09-26 13:52:53');
INSERT INTO `sys_oper_log` VALUES (163, '用户管理', 2, 'com.ruoyi.web.controller.system.SysUserController.editSave()', 'POST', 1, 'admin', '研发部门', '/party-platform/system/user/edit', '127.0.0.1', '内网IP', '{\"userId\":[\"1\"],\"deptId\":[\"101\"],\"userName\":[\"党建平台\"],\"dept.deptName\":[\"信息工程学院党总支\"],\"phonenumber\":[\"15888888888\"],\"email\":[\"luna_nov@163.com\"],\"loginName\":[\"admin\"],\"sex\":[\"1\"],\"role\":[\"1\"],\"remark\":[\"管理员\"],\"status\":[\"0\"],\"roleIds\":[\"1\"],\"postIds\":[\"5\"]}', 'null', 1, '不允许操作超级管理员用户', '2020-09-26 13:53:11');
INSERT INTO `sys_oper_log` VALUES (164, '用户管理', 2, 'com.ruoyi.web.controller.system.SysUserController.editSave()', 'POST', 1, 'admin', '研发部门', '/party-platform/system/user/edit', '127.0.0.1', '内网IP', '{\"userId\":[\"1\"],\"deptId\":[\"103\"],\"userName\":[\"党建平台\"],\"dept.deptName\":[\"第一支部\"],\"phonenumber\":[\"15888888888\"],\"email\":[\"luna_nov@163.com\"],\"loginName\":[\"admin\"],\"sex\":[\"1\"],\"role\":[\"1\"],\"remark\":[\"管理员\"],\"status\":[\"0\"],\"roleIds\":[\"1\"],\"postIds\":[\"\"]}', 'null', 1, '不允许操作超级管理员用户', '2020-09-26 13:53:29');
INSERT INTO `sys_oper_log` VALUES (165, '用户管理', 2, 'com.ruoyi.web.controller.system.SysUserController.editSave()', 'POST', 1, 'admin', '研发部门', '/party-platform/system/user/edit', '127.0.0.1', '内网IP', '{\"userId\":[\"1\"],\"deptId\":[\"103\"],\"userName\":[\"党建平台\"],\"dept.deptName\":[\"第一支部\"],\"phonenumber\":[\"15888888888\"],\"email\":[\"luna_nov@163.com\"],\"loginName\":[\"admin\"],\"sex\":[\"1\"],\"role\":[\"1\"],\"remark\":[\"管理员\"],\"status\":[\"0\"],\"roleIds\":[\"1\"],\"postIds\":[\"\"]}', 'null', 1, '不允许操作超级管理员用户', '2020-09-26 13:53:31');
INSERT INTO `sys_oper_log` VALUES (166, '用户管理', 2, 'com.ruoyi.web.controller.system.SysUserController.editSave()', 'POST', 1, 'admin', '研发部门', '/party-platform/system/user/edit', '127.0.0.1', '内网IP', '{\"userId\":[\"1\"],\"deptId\":[\"100\"],\"userName\":[\"党建平台\"],\"dept.deptName\":[\"盐城师范学院\"],\"phonenumber\":[\"15888888888\"],\"email\":[\"luna_nov@163.com\"],\"loginName\":[\"admin\"],\"sex\":[\"1\"],\"role\":[\"1\"],\"remark\":[\"管理员\"],\"status\":[\"0\"],\"roleIds\":[\"1\"],\"postIds\":[\"1\"]}', 'null', 1, '不允许操作超级管理员用户', '2020-09-26 13:54:00');
INSERT INTO `sys_oper_log` VALUES (167, '用户管理', 2, 'com.ruoyi.web.controller.system.SysUserController.editSave()', 'POST', 1, 'admin', '研发部门', '/party-platform/system/user/edit', '127.0.0.1', '内网IP', '{\"userId\":[\"1\"],\"deptId\":[\"100\"],\"userName\":[\"党建平台\"],\"dept.deptName\":[\"盐城师范学院\"],\"phonenumber\":[\"15888888888\"],\"email\":[\"luna_nov@163.com\"],\"loginName\":[\"admin\"],\"sex\":[\"1\"],\"role\":[\"1\",\"2\"],\"remark\":[\"管理员\"],\"status\":[\"0\"],\"roleIds\":[\"1,2\"],\"postIds\":[\"1\"]}', 'null', 1, '不允许操作超级管理员用户', '2020-09-26 13:54:03');
INSERT INTO `sys_oper_log` VALUES (168, '用户管理', 2, 'com.ruoyi.web.controller.system.SysUserController.editSave()', 'POST', 1, 'admin', '研发部门', '/party-platform/system/user/edit', '127.0.0.1', '内网IP', '{\"userId\":[\"1\"],\"deptId\":[\"103\"],\"userName\":[\"党建平台\"],\"dept.deptName\":[\"第一支部\"],\"phonenumber\":[\"15888888888\"],\"email\":[\"luna_nov@163.com\"],\"loginName\":[\"admin\"],\"sex\":[\"1\"],\"remark\":[\"管理员\"],\"status\":[\"0\"],\"roleIds\":[\"\"],\"postIds\":[\"1\"]}', 'null', 1, '不允许操作超级管理员用户', '2020-09-26 13:54:15');
INSERT INTO `sys_oper_log` VALUES (169, '岗位管理', 2, 'com.ruoyi.web.controller.system.SysPostController.editSave()', 'POST', 1, 'admin', '研发部门', '/party-platform/system/post/edit', '127.0.0.1', '内网IP', '{\"postId\":[\"1\"],\"postName\":[\"党委书记\"],\"postCode\":[\"ceo\"],\"postSort\":[\"1\"],\"status\":[\"0\"],\"remark\":[\"\"]}', '{\r\n  \"msg\" : \"操作成功\",\r\n  \"code\" : 0\r\n}', 0, NULL, '2020-09-26 13:55:02');
INSERT INTO `sys_oper_log` VALUES (170, '岗位管理', 2, 'com.ruoyi.web.controller.system.SysPostController.editSave()', 'POST', 1, 'admin', '研发部门', '/party-platform/system/post/edit', '127.0.0.1', '内网IP', '{\"postId\":[\"1\"],\"postName\":[\"党委书记\"],\"postCode\":[\"ps\"],\"postSort\":[\"1\"],\"status\":[\"0\"],\"remark\":[\"\"]}', '{\r\n  \"msg\" : \"操作成功\",\r\n  \"code\" : 0\r\n}', 0, NULL, '2020-09-26 13:55:28');
INSERT INTO `sys_oper_log` VALUES (171, '用户管理', 2, 'com.ruoyi.web.controller.system.SysUserController.editSave()', 'POST', 1, 'admin', '研发部门', '/party-platform/system/user/edit', '127.0.0.1', '内网IP', '{\"userId\":[\"2\"],\"deptId\":[\"105\"],\"userName\":[\"测试人员\"],\"dept.deptName\":[\"第三支部\"],\"phonenumber\":[\"15666666666\"],\"email\":[\"ry@qq.com\"],\"loginName\":[\"ry\"],\"sex\":[\"1\"],\"role\":[\"2\"],\"remark\":[\"测试员\"],\"status\":[\"0\"],\"roleIds\":[\"2\"],\"postIds\":[\"2\"]}', '{\r\n  \"msg\" : \"操作成功\",\r\n  \"code\" : 0\r\n}', 0, NULL, '2020-09-26 13:55:48');
INSERT INTO `sys_oper_log` VALUES (172, '个人信息', 2, 'com.ruoyi.web.controller.system.SysProfileController.update()', 'POST', 1, 'admin', '第一支部', '/party-platform/system/user/profile/update', '127.0.0.1', '内网IP', '{\"id\":[\"\"],\"userName\":[\"admin\"],\"phonenumber\":[\"15888888888\"],\"email\":[\"luna_nov@163.com\"],\"sex\":[\"1\"]}', '{\r\n  \"msg\" : \"操作成功\",\r\n  \"code\" : 0\r\n}', 0, NULL, '2020-09-26 13:56:32');
INSERT INTO `sys_oper_log` VALUES (173, '菜单管理', 2, 'com.ruoyi.web.controller.system.SysMenuController.editSave()', 'POST', 1, 'admin', '第一支部', '/yttv/system/menu/edit', '127.0.0.1', '内网IP', '{\"menuId\":[\"2006\"],\"parentId\":[\"0\"],\"menuType\":[\"M\"],\"menuName\":[\"盐途之声\"],\"url\":[\"#\"],\"target\":[\"menuItem\"],\"perms\":[\"\"],\"orderNum\":[\"4\"],\"icon\":[\"fa fa-bank\"],\"visible\":[\"0\"]}', '{\r\n  \"msg\" : \"操作成功\",\r\n  \"code\" : 0\r\n}', 0, NULL, '2020-10-05 11:58:26');
INSERT INTO `sys_oper_log` VALUES (174, '新闻展示', 2, 'com.ruoyi.web.platform.news.controller.NewsController.editSave()', 'POST', 1, 'admin', '第一支部', '/yttv/admin/news/edit', '127.0.0.1', '内网IP', '{\"newsId\":[\"1\"],\"newsTitle\":[\"盐途之声它来啦\"],\"newsType\":[\"1\"],\"newsContent\":[\"新版本内容\"],\"status\":[\"1\"],\"remark\":[\"管理员\"]}', '{\r\n  \"msg\" : \"操作成功\",\r\n  \"code\" : 0\r\n}', 0, NULL, '2020-10-05 11:59:18');
INSERT INTO `sys_oper_log` VALUES (175, '新闻展示', 2, 'com.ruoyi.web.platform.news.controller.NewsController.editSave()', 'POST', 1, 'admin', '第一支部', '/yttv/admin/news/edit', '127.0.0.1', '内网IP', '{\"newsId\":[\"2\"],\"newsTitle\":[\"盐途之声走进你我\"],\"newsType\":[\"1\"],\"newsContent\":[\"维护内容\"],\"status\":[\"1\"],\"remark\":[\"管理员\"]}', '{\r\n  \"msg\" : \"操作成功\",\r\n  \"code\" : 0\r\n}', 0, NULL, '2020-10-05 11:59:27');
INSERT INTO `sys_oper_log` VALUES (176, '字典数据', 2, 'com.ruoyi.web.controller.system.SysDictDataController.editSave()', 'POST', 1, 'admin', '第一支部', '/yttv/system/dict/data/edit', '127.0.0.1', '内网IP', '{\"dictCode\":[\"101\"],\"dictLabel\":[\"新闻中心\"],\"dictValue\":[\"1\"],\"dictType\":[\"sys_news_type\"],\"cssClass\":[\"\"],\"dictSort\":[\"1\"],\"listClass\":[\"primary\"],\"isDefault\":[\"Y\"],\"status\":[\"0\"],\"remark\":[\"三会一课\"]}', '{\r\n  \"msg\" : \"操作成功\",\r\n  \"code\" : 0\r\n}', 0, NULL, '2020-10-05 11:59:57');
INSERT INTO `sys_oper_log` VALUES (177, '字典数据', 2, 'com.ruoyi.web.controller.system.SysDictDataController.editSave()', 'POST', 1, 'admin', '第一支部', '/yttv/system/dict/data/edit', '127.0.0.1', '内网IP', '{\"dictCode\":[\"101\"],\"dictLabel\":[\"新闻中心\"],\"dictValue\":[\"1\"],\"dictType\":[\"sys_news_type\"],\"cssClass\":[\"\"],\"dictSort\":[\"1\"],\"listClass\":[\"primary\"],\"isDefault\":[\"Y\"],\"status\":[\"0\"],\"remark\":[\"新闻中心\"]}', '{\r\n  \"msg\" : \"操作成功\",\r\n  \"code\" : 0\r\n}', 0, NULL, '2020-10-05 12:00:10');
INSERT INTO `sys_oper_log` VALUES (178, '部门管理', 2, 'com.ruoyi.web.controller.system.SysDeptController.editSave()', 'POST', 1, 'admin', '第一支部', '/yttv/system/dept/edit', '127.0.0.1', '内网IP', '{\"deptId\":[\"100\"],\"parentId\":[\"0\"],\"parentName\":[\"无\"],\"deptName\":[\"盐途之声电视台\"],\"orderNum\":[\"0\"],\"leader\":[\"admin\"],\"phone\":[\"15888888888\"],\"email\":[\"luna_nov@qq.com\"],\"status\":[\"0\"]}', '{\r\n  \"msg\" : \"操作成功\",\r\n  \"code\" : 0\r\n}', 0, NULL, '2020-10-05 12:13:19');
INSERT INTO `sys_oper_log` VALUES (179, '部门管理', 2, 'com.ruoyi.web.controller.system.SysDeptController.editSave()', 'POST', 1, 'admin', '第一支部', '/yttv/system/dept/edit', '127.0.0.1', '内网IP', '{\"deptId\":[\"101\"],\"parentId\":[\"100\"],\"parentName\":[\"盐途之声电视台\"],\"deptName\":[\"产业发展部\"],\"orderNum\":[\"1\"],\"leader\":[\"admin_ie\"],\"phone\":[\"15888888888\"],\"email\":[\"admin_ie@qq.com\"],\"status\":[\"0\"]}', '{\r\n  \"msg\" : \"操作成功\",\r\n  \"code\" : 0\r\n}', 0, NULL, '2020-10-05 12:14:50');
INSERT INTO `sys_oper_log` VALUES (180, '部门管理', 2, 'com.ruoyi.web.controller.system.SysDeptController.editSave()', 'POST', 1, 'admin', '第一支部', '/yttv/system/dept/edit', '127.0.0.1', '内网IP', '{\"deptId\":[\"102\"],\"parentId\":[\"100\"],\"parentName\":[\"盐途之声电视台\"],\"deptName\":[\"广告管理中心\"],\"orderNum\":[\"2\"],\"leader\":[\"admin_tea\"],\"phone\":[\"15888888888\"],\"email\":[\"ry@qq.com\"],\"status\":[\"0\"]}', '{\r\n  \"msg\" : \"操作成功\",\r\n  \"code\" : 0\r\n}', 0, NULL, '2020-10-05 12:15:05');
INSERT INTO `sys_oper_log` VALUES (181, '部门管理', 2, 'com.ruoyi.web.controller.system.SysDeptController.editSave()', 'POST', 1, 'admin', '第一支部', '/yttv/system/dept/edit', '127.0.0.1', '内网IP', '{\"deptId\":[\"101\"],\"parentId\":[\"100\"],\"parentName\":[\"盐途之声电视台\"],\"deptName\":[\"电视频道\"],\"orderNum\":[\"1\"],\"leader\":[\"admin_ie\"],\"phone\":[\"15888888888\"],\"email\":[\"admin_ie@qq.com\"],\"status\":[\"0\"]}', '{\r\n  \"msg\" : \"操作成功\",\r\n  \"code\" : 0\r\n}', 0, NULL, '2020-10-05 12:15:35');
INSERT INTO `sys_oper_log` VALUES (182, '部门管理', 2, 'com.ruoyi.web.controller.system.SysDeptController.editSave()', 'POST', 1, 'admin', '第一支部', '/yttv/system/dept/edit', '127.0.0.1', '内网IP', '{\"deptId\":[\"101\"],\"parentId\":[\"100\"],\"parentName\":[\"盐途之声电视台\"],\"deptName\":[\"产业发展部\"],\"orderNum\":[\"1\"],\"leader\":[\"admin_ie\"],\"phone\":[\"15888888888\"],\"email\":[\"admin_ie@qq.com\"],\"status\":[\"0\"]}', '{\r\n  \"msg\" : \"操作成功\",\r\n  \"code\" : 0\r\n}', 0, NULL, '2020-10-05 12:15:45');
INSERT INTO `sys_oper_log` VALUES (183, '部门管理', 2, 'com.ruoyi.web.controller.system.SysDeptController.editSave()', 'POST', 1, 'admin', '第一支部', '/yttv/system/dept/edit', '127.0.0.1', '内网IP', '{\"deptId\":[\"103\"],\"parentId\":[\"101\"],\"parentName\":[\"产业发展部\"],\"deptName\":[\"电视频道\"],\"orderNum\":[\"1\"],\"leader\":[\"admin_ie_one\"],\"phone\":[\"15888888888\"],\"email\":[\"admin_ie_one@qq.com\"],\"status\":[\"0\"]}', '{\r\n  \"msg\" : \"操作成功\",\r\n  \"code\" : 0\r\n}', 0, NULL, '2020-10-05 12:15:57');
INSERT INTO `sys_oper_log` VALUES (184, '部门管理', 2, 'com.ruoyi.web.controller.system.SysDeptController.editSave()', 'POST', 1, 'admin', '第一支部', '/yttv/system/dept/edit', '127.0.0.1', '内网IP', '{\"deptId\":[\"104\"],\"parentId\":[\"101\"],\"parentName\":[\"产业发展部\"],\"deptName\":[\"广播频道\"],\"orderNum\":[\"2\"],\"leader\":[\"admin_ie_second\"],\"phone\":[\"15888888888\"],\"email\":[\"admin_ie_second@qq.com\"],\"status\":[\"0\"]}', '{\r\n  \"msg\" : \"操作成功\",\r\n  \"code\" : 0\r\n}', 0, NULL, '2020-10-05 12:16:04');
INSERT INTO `sys_oper_log` VALUES (185, '部门管理', 2, 'com.ruoyi.web.controller.system.SysDeptController.editSave()', 'POST', 1, 'admin', '第一支部', '/yttv/system/dept/edit', '127.0.0.1', '内网IP', '{\"deptId\":[\"106\"],\"parentId\":[\"101\"],\"parentName\":[\"产业发展部\"],\"deptName\":[\"网站\"],\"orderNum\":[\"4\"],\"leader\":[\"若依\"],\"phone\":[\"15888888888\"],\"email\":[\"ry@qq.com\"],\"status\":[\"0\"]}', '{\r\n  \"msg\" : \"操作成功\",\r\n  \"code\" : 0\r\n}', 0, NULL, '2020-10-05 12:16:16');
INSERT INTO `sys_oper_log` VALUES (186, '部门管理', 2, 'com.ruoyi.web.controller.system.SysDeptController.editSave()', 'POST', 1, 'admin', '第一支部', '/yttv/system/dept/edit', '127.0.0.1', '内网IP', '{\"deptId\":[\"106\"],\"parentId\":[\"101\"],\"parentName\":[\"产业发展部\"],\"deptName\":[\"技术部门\"],\"orderNum\":[\"4\"],\"leader\":[\"若依\"],\"phone\":[\"15888888888\"],\"email\":[\"ry@qq.com\"],\"status\":[\"0\"]}', '{\r\n  \"msg\" : \"操作成功\",\r\n  \"code\" : 0\r\n}', 0, NULL, '2020-10-05 12:16:31');
INSERT INTO `sys_oper_log` VALUES (187, '部门管理', 2, 'com.ruoyi.web.controller.system.SysDeptController.editSave()', 'POST', 1, 'admin', '第一支部', '/yttv/system/dept/edit', '127.0.0.1', '内网IP', '{\"deptId\":[\"105\"],\"parentId\":[\"101\"],\"parentName\":[\"产业发展部\"],\"deptName\":[\"网站建设\"],\"orderNum\":[\"3\"],\"leader\":[\"若依\"],\"phone\":[\"15888888888\"],\"email\":[\"ry@qq.com\"],\"status\":[\"0\"]}', '{\r\n  \"msg\" : \"操作成功\",\r\n  \"code\" : 0\r\n}', 0, NULL, '2020-10-05 12:16:42');
INSERT INTO `sys_oper_log` VALUES (188, '部门管理', 2, 'com.ruoyi.web.controller.system.SysDeptController.editSave()', 'POST', 1, 'admin', '第一支部', '/yttv/system/dept/edit', '127.0.0.1', '内网IP', '{\"deptId\":[\"108\"],\"parentId\":[\"102\"],\"parentName\":[\"广告管理中心\"],\"deptName\":[\"广告对接\"],\"orderNum\":[\"1\"],\"leader\":[\"若依\"],\"phone\":[\"15888888888\"],\"email\":[\"ry@qq.com\"],\"status\":[\"0\"]}', '{\r\n  \"msg\" : \"操作成功\",\r\n  \"code\" : 0\r\n}', 0, NULL, '2020-10-05 12:17:04');
INSERT INTO `sys_oper_log` VALUES (189, '部门管理', 2, 'com.ruoyi.web.controller.system.SysDeptController.editSave()', 'POST', 1, 'admin', '第一支部', '/yttv/system/dept/edit', '127.0.0.1', '内网IP', '{\"deptId\":[\"109\"],\"parentId\":[\"102\"],\"parentName\":[\"广告管理中心\"],\"deptName\":[\"广告排布\"],\"orderNum\":[\"2\"],\"leader\":[\"若依\"],\"phone\":[\"15888888888\"],\"email\":[\"ry@qq.com\"],\"status\":[\"0\"]}', '{\r\n  \"msg\" : \"操作成功\",\r\n  \"code\" : 0\r\n}', 0, NULL, '2020-10-05 12:17:12');
INSERT INTO `sys_oper_log` VALUES (190, '通知公告', 2, 'com.ruoyi.web.controller.system.SysNoticeController.editSave()', 'POST', 1, 'admin', '第一支部', '/yttv/system/notice/edit', '127.0.0.1', '内网IP', '{\"noticeId\":[\"1\"],\"noticeTitle\":[\"温馨提醒：2020-07-01 新版本发布啦\"],\"noticeType\":[\"2\"],\"noticeContent\":[\"<p>新版本内容<img src=\\\"http://localhost:8080/party-platform/profile/upload/2020/09/25/6348b446-1f02-4c15-b60e-f464a09108ee.JPG\\\" data-filename=\\\"/profile/upload/2020/09/25/6348b446-1f02-4c15-b60e-f464a09108ee.JPG\\\" style=\\\"width: 1020px;\\\"></p>\"],\"status\":[\"0\"]}', '{\r\n  \"msg\" : \"操作成功\",\r\n  \"code\" : 0\r\n}', 0, NULL, '2020-10-05 12:17:43');
INSERT INTO `sys_oper_log` VALUES (191, '通知公告', 2, 'com.ruoyi.web.controller.system.SysNoticeController.editSave()', 'POST', 1, 'admin', '第一支部', '/yttv/system/notice/edit', '127.0.0.1', '内网IP', '{\"noticeId\":[\"2\"],\"noticeTitle\":[\"维护通知：2020-07-01 系统凌晨维护\"],\"noticeType\":[\"1\"],\"noticeContent\":[\"维护内容\"],\"status\":[\"0\"]}', '{\r\n  \"msg\" : \"操作成功\",\r\n  \"code\" : 0\r\n}', 0, NULL, '2020-10-05 12:17:53');
INSERT INTO `sys_oper_log` VALUES (192, '岗位管理', 2, 'com.ruoyi.web.controller.system.SysPostController.editSave()', 'POST', 1, 'admin', '第一支部', '/yttv/system/post/edit', '127.0.0.1', '内网IP', '{\"postId\":[\"1\"],\"postName\":[\"台长\"],\"postCode\":[\"Director\"],\"postSort\":[\"1\"],\"status\":[\"0\"],\"remark\":[\"\"]}', '{\r\n  \"msg\" : \"操作成功\",\r\n  \"code\" : 0\r\n}', 0, NULL, '2020-10-05 12:23:41');
INSERT INTO `sys_oper_log` VALUES (193, '岗位管理', 2, 'com.ruoyi.web.controller.system.SysPostController.editSave()', 'POST', 1, 'admin', '第一支部', '/yttv/system/post/edit', '127.0.0.1', '内网IP', '{\"postId\":[\"2\"],\"postName\":[\"编辑部长\"],\"postCode\":[\"Editorial minister\"],\"postSort\":[\"2\"],\"status\":[\"0\"],\"remark\":[\"\"]}', '{\r\n  \"msg\" : \"操作成功\",\r\n  \"code\" : 0\r\n}', 0, NULL, '2020-10-05 12:24:11');
INSERT INTO `sys_oper_log` VALUES (194, '岗位管理', 2, 'com.ruoyi.web.controller.system.SysPostController.editSave()', 'POST', 1, 'admin', '第一支部', '/yttv/system/post/edit', '127.0.0.1', '内网IP', '{\"postId\":[\"3\"],\"postName\":[\"总编\"],\"postCode\":[\"Editor-in-chief\"],\"postSort\":[\"3\"],\"status\":[\"0\"],\"remark\":[\"\"]}', '{\r\n  \"msg\" : \"操作成功\",\r\n  \"code\" : 0\r\n}', 0, NULL, '2020-10-05 12:24:35');
INSERT INTO `sys_oper_log` VALUES (195, '岗位管理', 2, 'com.ruoyi.web.controller.system.SysPostController.editSave()', 'POST', 1, 'admin', '第一支部', '/yttv/system/post/edit', '127.0.0.1', '内网IP', '{\"postId\":[\"4\"],\"postName\":[\"频道编辑\"],\"postCode\":[\"Channel editing\"],\"postSort\":[\"4\"],\"status\":[\"0\"],\"remark\":[\"\"]}', '{\r\n  \"msg\" : \"操作成功\",\r\n  \"code\" : 0\r\n}', 0, NULL, '2020-10-05 12:25:50');
INSERT INTO `sys_oper_log` VALUES (196, '岗位管理', 2, 'com.ruoyi.web.controller.system.SysPostController.editSave()', 'POST', 1, 'admin', '第一支部', '/yttv/system/post/edit', '127.0.0.1', '内网IP', '{\"postId\":[\"5\"],\"postName\":[\"记者\"],\"postCode\":[\"Reporter\"],\"postSort\":[\"5\"],\"status\":[\"0\"],\"remark\":[\"\"]}', '{\r\n  \"msg\" : \"操作成功\",\r\n  \"code\" : 0\r\n}', 0, NULL, '2020-10-05 12:26:10');
INSERT INTO `sys_oper_log` VALUES (197, '代码生成', 6, 'com.ruoyi.generator.controller.GenController.importTableSave()', 'POST', 1, 'admin', '电视频道', '/yttv/tool/gen/importTable', '127.0.0.1', '内网IP', '{\"tables\":[\"sys_blog\"]}', '{\r\n  \"msg\" : \"操作成功\",\r\n  \"code\" : 0\r\n}', 0, NULL, '2020-10-06 15:18:12');
INSERT INTO `sys_oper_log` VALUES (198, '代码生成', 3, 'com.ruoyi.generator.controller.GenController.remove()', 'POST', 1, 'admin', '电视频道', '/yttv/tool/gen/remove', '127.0.0.1', '内网IP', '{\"ids\":[\"2\"]}', '{\r\n  \"msg\" : \"操作成功\",\r\n  \"code\" : 0\r\n}', 0, NULL, '2020-10-06 15:18:20');
INSERT INTO `sys_oper_log` VALUES (199, '代码生成', 6, 'com.ruoyi.generator.controller.GenController.importTableSave()', 'POST', 1, 'admin', '电视频道', '/yttv/tool/gen/importTable', '127.0.0.1', '内网IP', '{\"tables\":[\"sys_blog\"]}', '{\r\n  \"msg\" : \"操作成功\",\r\n  \"code\" : 0\r\n}', 0, NULL, '2020-10-06 15:18:47');
INSERT INTO `sys_oper_log` VALUES (200, '代码生成', 3, 'com.ruoyi.generator.controller.GenController.remove()', 'POST', 1, 'admin', '电视频道', '/yttv/tool/gen/remove', '127.0.0.1', '内网IP', '{\"ids\":[\"3\"]}', '{\r\n  \"msg\" : \"操作成功\",\r\n  \"code\" : 0\r\n}', 0, NULL, '2020-10-06 15:26:23');
INSERT INTO `sys_oper_log` VALUES (201, '代码生成', 6, 'com.ruoyi.generator.controller.GenController.importTableSave()', 'POST', 1, 'admin', '电视频道', '/yttv/tool/gen/importTable', '127.0.0.1', '内网IP', '{\"tables\":[\"sys_blog\"]}', '{\r\n  \"msg\" : \"操作成功\",\r\n  \"code\" : 0\r\n}', 0, NULL, '2020-10-06 15:26:29');
INSERT INTO `sys_oper_log` VALUES (202, '代码生成', 3, 'com.ruoyi.generator.controller.GenController.remove()', 'POST', 1, 'admin', '电视频道', '/yttv/tool/gen/remove', '127.0.0.1', '内网IP', '{\"ids\":[\"4\"]}', '{\r\n  \"msg\" : \"操作成功\",\r\n  \"code\" : 0\r\n}', 0, NULL, '2020-10-06 15:28:17');
INSERT INTO `sys_oper_log` VALUES (203, '代码生成', 6, 'com.ruoyi.generator.controller.GenController.importTableSave()', 'POST', 1, 'admin', '电视频道', '/yttv/tool/gen/importTable', '127.0.0.1', '内网IP', '{\"tables\":[\"sys_blog\"]}', '{\r\n  \"msg\" : \"操作成功\",\r\n  \"code\" : 0\r\n}', 0, NULL, '2020-10-06 15:28:23');
INSERT INTO `sys_oper_log` VALUES (204, '代码生成', 3, 'com.ruoyi.generator.controller.GenController.remove()', 'POST', 1, 'admin', '电视频道', '/yttv/tool/gen/remove', '127.0.0.1', '内网IP', '{\"ids\":[\"5\"]}', '{\r\n  \"msg\" : \"操作成功\",\r\n  \"code\" : 0\r\n}', 0, NULL, '2020-10-06 15:31:21');
INSERT INTO `sys_oper_log` VALUES (205, '代码生成', 6, 'com.ruoyi.generator.controller.GenController.importTableSave()', 'POST', 1, 'admin', '电视频道', '/yttv/tool/gen/importTable', '127.0.0.1', '内网IP', '{\"tables\":[\"sys_blog\"]}', '{\r\n  \"msg\" : \"操作成功\",\r\n  \"code\" : 0\r\n}', 0, NULL, '2020-10-06 15:31:27');
INSERT INTO `sys_oper_log` VALUES (206, '代码生成', 3, 'com.ruoyi.generator.controller.GenController.remove()', 'POST', 1, 'admin', '电视频道', '/yttv/tool/gen/remove', '127.0.0.1', '内网IP', '{\"ids\":[\"6\"]}', '{\r\n  \"msg\" : \"操作成功\",\r\n  \"code\" : 0\r\n}', 0, NULL, '2020-10-06 15:33:35');
INSERT INTO `sys_oper_log` VALUES (207, '代码生成', 6, 'com.ruoyi.generator.controller.GenController.importTableSave()', 'POST', 1, 'admin', '电视频道', '/yttv/tool/gen/importTable', '127.0.0.1', '内网IP', '{\"tables\":[\"sys_blog\"]}', '{\r\n  \"msg\" : \"操作成功\",\r\n  \"code\" : 0\r\n}', 0, NULL, '2020-10-06 15:33:43');
INSERT INTO `sys_oper_log` VALUES (208, '字典类型', 1, 'com.ruoyi.web.controller.system.SysDictTypeController.addSave()', 'POST', 1, 'admin', '电视频道', '/yttv/system/dict/add', '127.0.0.1', '内网IP', '{\"dictName\":[\"博客类型\"],\"dictType\":[\"sys_blog_type\"],\"status\":[\"0\"],\"remark\":[\"发布博客的文章类型\"]}', '{\r\n  \"msg\" : \"操作成功\",\r\n  \"code\" : 0\r\n}', 0, NULL, '2020-10-06 15:36:22');
INSERT INTO `sys_oper_log` VALUES (209, '字典数据', 1, 'com.ruoyi.web.controller.system.SysDictDataController.addSave()', 'POST', 1, 'admin', '电视频道', '/yttv/system/dict/data/add', '127.0.0.1', '内网IP', '{\"dictLabel\":[\"音乐\"],\"dictValue\":[\"1\"],\"dictType\":[\"sys_blog_type\"],\"cssClass\":[\"\"],\"dictSort\":[\"1\"],\"listClass\":[\"primary\"],\"isDefault\":[\"Y\"],\"status\":[\"0\"],\"remark\":[\"音乐博客文章类型\"]}', '{\r\n  \"msg\" : \"操作成功\",\r\n  \"code\" : 0\r\n}', 0, NULL, '2020-10-06 15:36:56');
INSERT INTO `sys_oper_log` VALUES (210, '字典数据', 1, 'com.ruoyi.web.controller.system.SysDictDataController.addSave()', 'POST', 1, 'admin', '电视频道', '/yttv/system/dict/data/add', '127.0.0.1', '内网IP', '{\"dictLabel\":[\"旅行\"],\"dictValue\":[\"2\"],\"dictType\":[\"sys_blog_type\"],\"cssClass\":[\"\"],\"dictSort\":[\"2\"],\"listClass\":[\"success\"],\"isDefault\":[\"Y\"],\"status\":[\"0\"],\"remark\":[\"旅行博客文章类型\"]}', '{\r\n  \"msg\" : \"操作成功\",\r\n  \"code\" : 0\r\n}', 0, NULL, '2020-10-06 15:37:23');
INSERT INTO `sys_oper_log` VALUES (211, '字典数据', 1, 'com.ruoyi.web.controller.system.SysDictDataController.addSave()', 'POST', 1, 'admin', '电视频道', '/yttv/system/dict/data/add', '127.0.0.1', '内网IP', '{\"dictLabel\":[\"时尚\"],\"dictValue\":[\"3\"],\"dictType\":[\"sys_blog_type\"],\"cssClass\":[\"\"],\"dictSort\":[\"3\"],\"listClass\":[\"info\"],\"isDefault\":[\"Y\"],\"status\":[\"0\"],\"remark\":[\"时尚博客文章类型\"]}', '{\r\n  \"msg\" : \"操作成功\",\r\n  \"code\" : 0\r\n}', 0, NULL, '2020-10-06 15:37:51');
INSERT INTO `sys_oper_log` VALUES (212, '字典数据', 1, 'com.ruoyi.web.controller.system.SysDictDataController.addSave()', 'POST', 1, 'admin', '电视频道', '/yttv/system/dict/data/add', '127.0.0.1', '内网IP', '{\"dictLabel\":[\"特征\"],\"dictValue\":[\"4\"],\"dictType\":[\"sys_blog_type\"],\"cssClass\":[\"\"],\"dictSort\":[\"4\"],\"listClass\":[\"warning\"],\"isDefault\":[\"Y\"],\"status\":[\"0\"],\"remark\":[\"特征博客文章类型\"]}', '{\r\n  \"msg\" : \"操作成功\",\r\n  \"code\" : 0\r\n}', 0, NULL, '2020-10-06 15:38:16');
INSERT INTO `sys_oper_log` VALUES (213, '字典类型', 1, 'com.ruoyi.web.controller.system.SysDictTypeController.addSave()', 'POST', 1, 'admin', '电视频道', '/yttv/system/dict/add', '127.0.0.1', '内网IP', '{\"dictName\":[\"博客状态\"],\"dictType\":[\"sys_blog_status\"],\"status\":[\"0\"],\"remark\":[\"博客状态\"]}', '{\r\n  \"msg\" : \"操作成功\",\r\n  \"code\" : 0\r\n}', 0, NULL, '2020-10-06 15:39:54');
INSERT INTO `sys_oper_log` VALUES (214, '字典数据', 1, 'com.ruoyi.web.controller.system.SysDictDataController.addSave()', 'POST', 1, 'admin', '电视频道', '/yttv/system/dict/data/add', '127.0.0.1', '内网IP', '{\"dictLabel\":[\"正常\"],\"dictValue\":[\"0\"],\"dictType\":[\"sys_blog_status\"],\"cssClass\":[\"\"],\"dictSort\":[\"0\"],\"listClass\":[\"success\"],\"isDefault\":[\"Y\"],\"status\":[\"0\"],\"remark\":[\"博客发布正常\"]}', '{\r\n  \"msg\" : \"操作成功\",\r\n  \"code\" : 0\r\n}', 0, NULL, '2020-10-06 15:40:24');
INSERT INTO `sys_oper_log` VALUES (215, '字典数据', 1, 'com.ruoyi.web.controller.system.SysDictDataController.addSave()', 'POST', 1, 'admin', '电视频道', '/yttv/system/dict/data/add', '127.0.0.1', '内网IP', '{\"dictLabel\":[\"关闭\"],\"dictValue\":[\"1\"],\"dictType\":[\"sys_blog_status\"],\"cssClass\":[\"\"],\"dictSort\":[\"1\"],\"listClass\":[\"danger\"],\"isDefault\":[\"Y\"],\"status\":[\"0\"],\"remark\":[\"关闭博客展示\"]}', '{\r\n  \"msg\" : \"操作成功\",\r\n  \"code\" : 0\r\n}', 0, NULL, '2020-10-06 15:40:49');
INSERT INTO `sys_oper_log` VALUES (216, '代码生成', 2, 'com.ruoyi.generator.controller.GenController.editSave()', 'POST', 1, 'admin', '电视频道', '/yttv/tool/gen/edit', '127.0.0.1', '内网IP', '{\"tableId\":[\"7\"],\"tableName\":[\"sys_blog\"],\"tableComment\":[\"博客展示表\"],\"className\":[\"Blog\"],\"functionAuthor\":[\"yttv-platform\"],\"remark\":[\"\"],\"columns[0].columnId\":[\"71\"],\"columns[0].sort\":[\"1\"],\"columns[0].columnComment\":[\"博客ID\"],\"columns[0].javaType\":[\"Integer\"],\"columns[0].javaField\":[\"blogId\"],\"columns[0].isInsert\":[\"1\"],\"columns[0].queryType\":[\"EQ\"],\"columns[0].htmlType\":[\"input\"],\"columns[0].dictType\":[\"\"],\"columns[1].columnId\":[\"72\"],\"columns[1].sort\":[\"2\"],\"columns[1].columnComment\":[\"博客标题\"],\"columns[1].javaType\":[\"String\"],\"columns[1].javaField\":[\"blogTitle\"],\"columns[1].isInsert\":[\"1\"],\"columns[1].isEdit\":[\"1\"],\"columns[1].isList\":[\"1\"],\"columns[1].isQuery\":[\"1\"],\"columns[1].queryType\":[\"EQ\"],\"columns[1].isRequired\":[\"1\"],\"columns[1].htmlType\":[\"input\"],\"columns[1].dictType\":[\"\"],\"columns[2].columnId\":[\"73\"],\"columns[2].sort\":[\"3\"],\"columns[2].columnComment\":[\"博客类型（1音乐 2旅行 3时尚 4特征）\"],\"columns[2].javaType\":[\"String\"],\"columns[2].javaField\":[\"blogType\"],\"columns[2].isInsert\":[\"1\"],\"columns[2].isEdit\":[\"1\"],\"columns[2].isList\":[\"1\"],\"columns[2].isQuery\":[\"1\"],\"columns[2].queryType\":[\"EQ\"],\"columns[2].isRequired\":[\"1\"],\"columns[2].htmlType\":[\"select\"],\"columns[2].dictType\":[\"sys_blog_type\"],\"columns[3].columnId\":[\"74\"],\"columns[3].sort\":[\"4\"],\"columns[3].columnComment\":[\"博客内容\"],\"columns[3].javaType\":[\"String\"],\"columns[3].javaField\":[\"blogContent\"],\"columns[3].isInsert\":[\"1\"],\"columns[3].isEdit\":[\"1\"],\"columns[3].isList\":[\"1\"],\"columns[3].isQuery\":[\"1\"],\"columns[3].queryType\":[\"EQ\"],\"columns[3].isRequired\":[\"1\"],\"columns[3].htmlType\":[\"summernote\"],\"columns[3].dictType\":[\"\"],\"columns[4].columnId\":[\"75\"],\"columns[4].sort\":[\"5\"],\"columns[4].columnComment\":[\"博客封面\"],\"columns[4].javaType\":[\"String\"],\"columns[4].javaField\":[\"blogPicture\"],\"columns[4].isInsert\":[\"1\"],\"columns[4].isEdit\":[\"1\"],\"columns[4].isList\":[\"1\"],\"columns[4].isQuery\":[\"1\"],\"columns[4].queryType\":[\"EQ\"],\"columns[4].isRequired\":[\"1\"],\"columns[4].htmlType\":[\"upload\"],\"columns[4].dictType\":[\"\"],\"columns[', '{\r\n  \"msg\" : \"操作成功\",\r\n  \"code\" : 0\r\n}', 0, NULL, '2020-10-06 15:42:24');
INSERT INTO `sys_oper_log` VALUES (217, '代码生成', 8, 'com.ruoyi.generator.controller.GenController.download()', 'GET', 1, 'admin', '电视频道', '/yttv/tool/gen/download/sys_blog', '127.0.0.1', '内网IP', NULL, 'null', 0, NULL, '2020-10-06 15:42:29');
INSERT INTO `sys_oper_log` VALUES (218, '代码生成', 8, 'com.ruoyi.generator.controller.GenController.download()', 'GET', 1, 'admin', '电视频道', '/yttv/tool/gen/download/sys_blog', '127.0.0.1', '内网IP', NULL, 'null', 0, NULL, '2020-10-06 15:42:30');
INSERT INTO `sys_oper_log` VALUES (219, '代码生成', 2, 'com.ruoyi.generator.controller.GenController.editSave()', 'POST', 1, 'admin', '电视频道', '/yttv/tool/gen/edit', '127.0.0.1', '内网IP', '{\"tableId\":[\"7\"],\"tableName\":[\"sys_blog\"],\"tableComment\":[\"博客展示表\"],\"className\":[\"Blog\"],\"functionAuthor\":[\"yttv-platform\"],\"remark\":[\"\"],\"columns[0].columnId\":[\"71\"],\"columns[0].sort\":[\"1\"],\"columns[0].columnComment\":[\"博客ID\"],\"columns[0].javaType\":[\"Integer\"],\"columns[0].javaField\":[\"blogId\"],\"columns[0].isInsert\":[\"1\"],\"columns[0].queryType\":[\"EQ\"],\"columns[0].htmlType\":[\"input\"],\"columns[0].dictType\":[\"\"],\"columns[1].columnId\":[\"72\"],\"columns[1].sort\":[\"2\"],\"columns[1].columnComment\":[\"博客标题\"],\"columns[1].javaType\":[\"String\"],\"columns[1].javaField\":[\"blogTitle\"],\"columns[1].isInsert\":[\"1\"],\"columns[1].isEdit\":[\"1\"],\"columns[1].isList\":[\"1\"],\"columns[1].isQuery\":[\"1\"],\"columns[1].queryType\":[\"EQ\"],\"columns[1].isRequired\":[\"1\"],\"columns[1].htmlType\":[\"input\"],\"columns[1].dictType\":[\"\"],\"columns[2].columnId\":[\"73\"],\"columns[2].sort\":[\"3\"],\"columns[2].columnComment\":[\"博客类型（1音乐 2旅行 3时尚 4特征）\"],\"columns[2].javaType\":[\"String\"],\"columns[2].javaField\":[\"blogType\"],\"columns[2].isInsert\":[\"1\"],\"columns[2].isEdit\":[\"1\"],\"columns[2].isList\":[\"1\"],\"columns[2].isQuery\":[\"1\"],\"columns[2].queryType\":[\"EQ\"],\"columns[2].isRequired\":[\"1\"],\"columns[2].htmlType\":[\"select\"],\"columns[2].dictType\":[\"sys_blog_type\"],\"columns[3].columnId\":[\"74\"],\"columns[3].sort\":[\"4\"],\"columns[3].columnComment\":[\"博客内容\"],\"columns[3].javaType\":[\"String\"],\"columns[3].javaField\":[\"blogContent\"],\"columns[3].isInsert\":[\"1\"],\"columns[3].isEdit\":[\"1\"],\"columns[3].isList\":[\"1\"],\"columns[3].isQuery\":[\"1\"],\"columns[3].queryType\":[\"EQ\"],\"columns[3].isRequired\":[\"1\"],\"columns[3].htmlType\":[\"summernote\"],\"columns[3].dictType\":[\"\"],\"columns[4].columnId\":[\"75\"],\"columns[4].sort\":[\"5\"],\"columns[4].columnComment\":[\"博客封面\"],\"columns[4].javaType\":[\"String\"],\"columns[4].javaField\":[\"blogPicture\"],\"columns[4].isInsert\":[\"1\"],\"columns[4].isEdit\":[\"1\"],\"columns[4].isList\":[\"1\"],\"columns[4].isQuery\":[\"1\"],\"columns[4].queryType\":[\"EQ\"],\"columns[4].isRequired\":[\"1\"],\"columns[4].htmlType\":[\"upload\"],\"columns[4].dictType\":[\"\"],\"columns[', '{\r\n  \"msg\" : \"操作成功\",\r\n  \"code\" : 0\r\n}', 0, NULL, '2020-10-06 15:43:30');
INSERT INTO `sys_oper_log` VALUES (220, '代码生成', 8, 'com.ruoyi.generator.controller.GenController.download()', 'GET', 1, 'admin', '电视频道', '/yttv/tool/gen/download/sys_blog', '127.0.0.1', '内网IP', NULL, 'null', 0, NULL, '2020-10-06 15:43:32');
INSERT INTO `sys_oper_log` VALUES (221, '代码生成', 8, 'com.ruoyi.generator.controller.GenController.download()', 'GET', 1, 'admin', '电视频道', '/yttv/tool/gen/download/sys_blog', '127.0.0.1', '内网IP', NULL, 'null', 0, NULL, '2020-10-06 15:43:32');
INSERT INTO `sys_oper_log` VALUES (222, '博客展示', 1, 'com.ruoyi.web.platform.blog.controller.BlogController.addSave()', 'POST', 1, 'admin', '电视频道', '/yttv/admin/blog/add', '127.0.0.1', '内网IP', '{\"blogTitle\":[\"测试\"],\"blogType\":[\"1\"],\"blogContent\":[\"<p>123123123</p>\"],\"blogPicture\":[\"\"],\"blogSimple\":[\"测试\"],\"status\":[\"0\"]}', 'null', 1, '\r\n### Error updating database.  Cause: java.sql.SQLException: Field \'blog_picture\' doesn\'t have a default value\r\n### The error may involve com.ruoyi.web.platform.blog.mapper.BlogMapper.insertBlog-Inline\r\n### The error occurred while setting parameters\r\n### SQL: insert into sys_blog          ( blog_title,             blog_type,             blog_content,                          blog_simple,             status,                          create_time )           values ( ?,             ?,             ?,                          ?,             ?,                          ? )\r\n### Cause: java.sql.SQLException: Field \'blog_picture\' doesn\'t have a default value\n; Field \'blog_picture\' doesn\'t have a default value; nested exception is java.sql.SQLException: Field \'blog_picture\' doesn\'t have a default value', '2020-10-06 15:50:38');
INSERT INTO `sys_oper_log` VALUES (223, '博客展示', 1, 'com.ruoyi.web.platform.blog.controller.BlogController.addSave()', 'POST', 1, 'admin', '电视频道', '/yttv/admin/blog/add', '127.0.0.1', '内网IP', '{\"blogTitle\":[\"测试\"],\"blogType\":[\"1\"],\"blogContent\":[\"<p>测试<br></p>\"],\"blogPicture\":[\"http://luna.vaiwan.com/yttv/profile/upload/2020/10/06/332722a6-44b4-43cd-ba07-d8a12c0d1843.jpg\"],\"blogSimple\":[\"测试\"],\"status\":[\"0\"]}', 'null', 1, '\r\n### Error updating database.  Cause: java.sql.SQLException: Field \'update_time\' doesn\'t have a default value\r\n### The error may involve com.ruoyi.web.platform.blog.mapper.BlogMapper.insertBlog-Inline\r\n### The error occurred while setting parameters\r\n### SQL: insert into sys_blog          ( blog_title,             blog_type,             blog_content,             blog_picture,             blog_simple,             status,                          create_time )           values ( ?,             ?,             ?,             ?,             ?,             ?,                          ? )\r\n### Cause: java.sql.SQLException: Field \'update_time\' doesn\'t have a default value\n; Field \'update_time\' doesn\'t have a default value; nested exception is java.sql.SQLException: Field \'update_time\' doesn\'t have a default value', '2020-10-06 15:56:05');
INSERT INTO `sys_oper_log` VALUES (224, '博客展示', 1, 'com.ruoyi.web.platform.blog.controller.BlogController.addSave()', 'POST', 1, 'admin', '电视频道', '/yttv/admin/blog/add', '127.0.0.1', '内网IP', '{\"blogTitle\":[\"测试\"],\"blogType\":[\"1\"],\"blogContent\":[\"<p>测试<br></p>\"],\"blogPicture\":[\"http://luna.vaiwan.com/yttv/profile/upload/2020/10/06/332722a6-44b4-43cd-ba07-d8a12c0d1843.jpg\"],\"blogSimple\":[\"测试\"],\"status\":[\"0\"]}', '{\r\n  \"msg\" : \"操作成功\",\r\n  \"code\" : 0\r\n}', 0, NULL, '2020-10-06 15:57:05');
INSERT INTO `sys_oper_log` VALUES (225, '代码生成', 2, 'com.ruoyi.generator.controller.GenController.editSave()', 'POST', 1, 'admin', '电视频道', '/yttv/tool/gen/edit', '127.0.0.1', '内网IP', '{\"tableId\":[\"7\"],\"tableName\":[\"sys_blog\"],\"tableComment\":[\"博客展示表\"],\"className\":[\"Blog\"],\"functionAuthor\":[\"yttv-platform\"],\"remark\":[\"\"],\"columns[0].columnId\":[\"71\"],\"columns[0].sort\":[\"1\"],\"columns[0].columnComment\":[\"博客ID\"],\"columns[0].javaType\":[\"Integer\"],\"columns[0].javaField\":[\"blogId\"],\"columns[0].isInsert\":[\"1\"],\"columns[0].queryType\":[\"EQ\"],\"columns[0].htmlType\":[\"input\"],\"columns[0].dictType\":[\"\"],\"columns[1].columnId\":[\"72\"],\"columns[1].sort\":[\"2\"],\"columns[1].columnComment\":[\"博客标题\"],\"columns[1].javaType\":[\"String\"],\"columns[1].javaField\":[\"blogTitle\"],\"columns[1].isInsert\":[\"1\"],\"columns[1].isEdit\":[\"1\"],\"columns[1].isList\":[\"1\"],\"columns[1].isQuery\":[\"1\"],\"columns[1].queryType\":[\"EQ\"],\"columns[1].isRequired\":[\"1\"],\"columns[1].htmlType\":[\"input\"],\"columns[1].dictType\":[\"\"],\"columns[2].columnId\":[\"73\"],\"columns[2].sort\":[\"3\"],\"columns[2].columnComment\":[\"博客类型（1音乐 2旅行 3时尚 4特征）\"],\"columns[2].javaType\":[\"String\"],\"columns[2].javaField\":[\"blogType\"],\"columns[2].isInsert\":[\"1\"],\"columns[2].isEdit\":[\"1\"],\"columns[2].isList\":[\"1\"],\"columns[2].isQuery\":[\"1\"],\"columns[2].queryType\":[\"EQ\"],\"columns[2].isRequired\":[\"1\"],\"columns[2].htmlType\":[\"select\"],\"columns[2].dictType\":[\"sys_blog_type\"],\"columns[3].columnId\":[\"74\"],\"columns[3].sort\":[\"4\"],\"columns[3].columnComment\":[\"博客内容\"],\"columns[3].javaType\":[\"String\"],\"columns[3].javaField\":[\"blogContent\"],\"columns[3].isInsert\":[\"1\"],\"columns[3].isEdit\":[\"1\"],\"columns[3].isList\":[\"1\"],\"columns[3].isQuery\":[\"1\"],\"columns[3].queryType\":[\"EQ\"],\"columns[3].isRequired\":[\"1\"],\"columns[3].htmlType\":[\"summernote\"],\"columns[3].dictType\":[\"\"],\"columns[4].columnId\":[\"75\"],\"columns[4].sort\":[\"5\"],\"columns[4].columnComment\":[\"博客封面\"],\"columns[4].javaType\":[\"String\"],\"columns[4].javaField\":[\"blogPicture\"],\"columns[4].isInsert\":[\"1\"],\"columns[4].isEdit\":[\"1\"],\"columns[4].isList\":[\"1\"],\"columns[4].isQuery\":[\"1\"],\"columns[4].queryType\":[\"EQ\"],\"columns[4].isRequired\":[\"1\"],\"columns[4].htmlType\":[\"upload\"],\"columns[4].dictType\":[\"\"],\"columns[', '{\r\n  \"msg\" : \"操作成功\",\r\n  \"code\" : 0\r\n}', 0, NULL, '2020-10-06 16:06:50');
INSERT INTO `sys_oper_log` VALUES (226, '代码生成', 8, 'com.ruoyi.generator.controller.GenController.download()', 'GET', 1, 'admin', '电视频道', '/yttv/tool/gen/download/sys_blog', '127.0.0.1', '内网IP', NULL, 'null', 0, NULL, '2020-10-06 16:06:59');
INSERT INTO `sys_oper_log` VALUES (227, '代码生成', 8, 'com.ruoyi.generator.controller.GenController.download()', 'GET', 1, 'admin', '电视频道', '/yttv/tool/gen/download/sys_blog', '127.0.0.1', '内网IP', NULL, 'null', 0, NULL, '2020-10-06 16:06:59');
INSERT INTO `sys_oper_log` VALUES (228, '新闻展示', 1, 'com.ruoyi.web.platform.news.controller.NewsController.addSave()', 'POST', 1, 'admin', '电视频道', '/yttv/admin/news/add', '127.0.0.1', '内网IP', '{\"newsTitle\":[\"1\"],\"newsType\":[\"1\"],\"newsContent\":[\"<p>1</p>\"],\"status\":[\"1\"],\"remark\":[\"1\"]}', '{\r\n  \"msg\" : \"操作成功\",\r\n  \"code\" : 0\r\n}', 0, NULL, '2020-10-06 16:12:00');
INSERT INTO `sys_oper_log` VALUES (229, '新闻展示', 2, 'com.ruoyi.web.platform.news.controller.NewsController.editSave()', 'POST', 1, 'admin', '电视频道', '/yttv/admin/news/edit', '127.0.0.1', '内网IP', '{\"newsId\":[\"10\"],\"newsTitle\":[\"1\"],\"newsType\":[\"1\"],\"newsContent\":[\"<p>1</p>\"],\"status\":[\"1\"],\"remark\":[\"管理员\"]}', '{\r\n  \"msg\" : \"操作成功\",\r\n  \"code\" : 0\r\n}', 0, NULL, '2020-10-06 16:12:16');
INSERT INTO `sys_oper_log` VALUES (230, '博客展示', 1, 'com.ruoyi.web.platform.blog.controller.BlogController.addSave()', 'POST', 1, 'admin', '电视频道', '/yttv/admin/blog/add', '127.0.0.1', '内网IP', '{\"blogTitle\":[\"测试2\"],\"blogType\":[\"3\"],\"blogContent\":[\"\"],\"blogPicture\":[\"http://luna.vaiwan.com/yttv/profile/upload/2020/10/06/a2c88659-5ca3-4b48-b6b0-019cf8557a62.JPG\"],\"blogSimple\":[\"测试\"],\"status\":[\"0\"]}', 'null', 1, '\r\n### Error updating database.  Cause: java.sql.SQLException: Field \'blog_content\' doesn\'t have a default value\r\n### The error may involve com.ruoyi.web.platform.blog.mapper.BlogMapper.insertBlog-Inline\r\n### The error occurred while setting parameters\r\n### SQL: insert into sys_blog          ( blog_title,             blog_type,                          blog_picture,             blog_simple,             status,                          create_time )           values ( ?,             ?,                          ?,             ?,             ?,                          ? )\r\n### Cause: java.sql.SQLException: Field \'blog_content\' doesn\'t have a default value\n; Field \'blog_content\' doesn\'t have a default value; nested exception is java.sql.SQLException: Field \'blog_content\' doesn\'t have a default value', '2020-10-06 16:15:19');
INSERT INTO `sys_oper_log` VALUES (231, '博客展示', 1, 'com.ruoyi.web.platform.blog.controller.BlogController.addSave()', 'POST', 1, 'admin', '电视频道', '/yttv/admin/blog/add', '127.0.0.1', '内网IP', '{\"blogTitle\":[\"测试2\"],\"blogType\":[\"3\"],\"blogContent\":[\"<p>测试</p>\"],\"blogPicture\":[\"http://luna.vaiwan.com/yttv/profile/upload/2020/10/06/a2c88659-5ca3-4b48-b6b0-019cf8557a62.JPG\"],\"blogSimple\":[\"测试\"],\"status\":[\"0\"]}', 'null', 1, '\r\n### Error updating database.  Cause: java.sql.SQLException: Field \'update_time\' doesn\'t have a default value\r\n### The error may involve com.ruoyi.web.platform.blog.mapper.BlogMapper.insertBlog-Inline\r\n### The error occurred while setting parameters\r\n### SQL: insert into sys_blog          ( blog_title,             blog_type,             blog_content,             blog_picture,             blog_simple,             status,                          create_time )           values ( ?,             ?,             ?,             ?,             ?,             ?,                          ? )\r\n### Cause: java.sql.SQLException: Field \'update_time\' doesn\'t have a default value\n; Field \'update_time\' doesn\'t have a default value; nested exception is java.sql.SQLException: Field \'update_time\' doesn\'t have a default value', '2020-10-06 16:15:38');
INSERT INTO `sys_oper_log` VALUES (232, '博客展示', 5, 'com.ruoyi.web.platform.blog.controller.BlogController.export()', 'POST', 1, 'admin', '电视频道', '/yttv/admin/blog/export', '127.0.0.1', '内网IP', '{\"blogTitle\":[\"\"],\"blogType\":[\"\"],\"status\":[\"\"],\"createBy\":[\"\"],\"params[beginCreateTime]\":[\"\"],\"params[endCreateTime]\":[\"\"],\"remark\":[\"\"],\"orderByColumn\":[\"\"],\"isAsc\":[\"asc\"]}', '{\r\n  \"msg\" : \"7d17d8a6-b9e9-4391-b01c-c10858fdf0a1_blog.xlsx\",\r\n  \"code\" : 0\r\n}', 0, NULL, '2020-10-06 16:26:56');
INSERT INTO `sys_oper_log` VALUES (233, '新闻展示', 3, 'com.ruoyi.web.platform.news.controller.NewsController.remove()', 'POST', 1, 'admin', '电视频道', '/yttv/admin/news/remove', '127.0.0.1', '内网IP', '{\"ids\":[\"10\"]}', '{\r\n  \"msg\" : \"操作成功\",\r\n  \"code\" : 0\r\n}', 0, NULL, '2020-10-06 16:41:46');
INSERT INTO `sys_oper_log` VALUES (234, '代码生成', 6, 'com.ruoyi.generator.controller.GenController.importTableSave()', 'POST', 1, 'admin', '电视频道', '/yttv/tool/gen/importTable', '127.0.0.1', '内网IP', '{\"tables\":[\"sys_recently\"]}', '{\r\n  \"msg\" : \"操作成功\",\r\n  \"code\" : 0\r\n}', 0, NULL, '2020-10-07 13:41:31');
INSERT INTO `sys_oper_log` VALUES (235, '代码生成', 2, 'com.ruoyi.generator.controller.GenController.editSave()', 'POST', 1, 'admin', '电视频道', '/yttv/tool/gen/edit', '127.0.0.1', '内网IP', '{\"tableId\":[\"8\"],\"tableName\":[\"sys_recently\"],\"tableComment\":[\"右侧最近记录板块\"],\"className\":[\"Recently\"],\"functionAuthor\":[\"yttv-platform\"],\"remark\":[\"\"],\"columns[0].columnId\":[\"83\"],\"columns[0].sort\":[\"1\"],\"columns[0].columnComment\":[\"最近记录id\"],\"columns[0].javaType\":[\"Integer\"],\"columns[0].javaField\":[\"recentlyId\"],\"columns[0].isInsert\":[\"1\"],\"columns[0].isList\":[\"1\"],\"columns[0].isQuery\":[\"1\"],\"columns[0].queryType\":[\"EQ\"],\"columns[0].htmlType\":[\"input\"],\"columns[0].dictType\":[\"\"],\"columns[1].columnId\":[\"84\"],\"columns[1].sort\":[\"2\"],\"columns[1].columnComment\":[\"最近博客Id\"],\"columns[1].javaType\":[\"Integer\"],\"columns[1].javaField\":[\"blogId\"],\"columns[1].isInsert\":[\"1\"],\"columns[1].isEdit\":[\"1\"],\"columns[1].isList\":[\"1\"],\"columns[1].isQuery\":[\"1\"],\"columns[1].queryType\":[\"EQ\"],\"columns[1].isRequired\":[\"1\"],\"columns[1].htmlType\":[\"input\"],\"columns[1].dictType\":[\"\"],\"columns[2].columnId\":[\"85\"],\"columns[2].sort\":[\"3\"],\"columns[2].columnComment\":[\"创建时间\"],\"columns[2].javaType\":[\"Date\"],\"columns[2].javaField\":[\"createTime\"],\"columns[2].isInsert\":[\"1\"],\"columns[2].isList\":[\"1\"],\"columns[2].isQuery\":[\"1\"],\"columns[2].queryType\":[\"EQ\"],\"columns[2].isRequired\":[\"1\"],\"columns[2].htmlType\":[\"datetime\"],\"columns[2].dictType\":[\"\"],\"columns[3].columnId\":[\"86\"],\"columns[3].sort\":[\"4\"],\"columns[3].columnComment\":[\"更新时间\"],\"columns[3].javaType\":[\"Date\"],\"columns[3].javaField\":[\"updateTime\"],\"columns[3].isInsert\":[\"1\"],\"columns[3].isEdit\":[\"1\"],\"columns[3].isList\":[\"1\"],\"columns[3].isQuery\":[\"1\"],\"columns[3].queryType\":[\"EQ\"],\"columns[3].isRequired\":[\"1\"],\"columns[3].htmlType\":[\"datetime\"],\"columns[3].dictType\":[\"\"],\"tplCategory\":[\"crud\"],\"packageName\":[\"com.ruoyi.system.platform.recently\"],\"moduleName\":[\"admin\"],\"businessName\":[\"recentlyBlog\"],\"functionName\":[\"右侧最近记录板块\"],\"params[parentMenuId]\":[\"2006\"],\"params[parentMenuName]\":[\"盐途之声\"],\"genType\":[\"0\"],\"genPath\":[\"/\"],\"subTableName\":[\"\"],\"params[treeCode]\":[\"\"],\"params[treeParentCode]\":[\"\"],\"params[treeName]\":[\"\"]}', '{\r\n  \"msg\" : \"操作成功\",\r\n  \"code\" : 0\r\n}', 0, NULL, '2020-10-07 13:43:25');
INSERT INTO `sys_oper_log` VALUES (236, '代码生成', 8, 'com.ruoyi.generator.controller.GenController.download()', 'GET', 1, 'admin', '电视频道', '/yttv/tool/gen/download/sys_recently', '127.0.0.1', '内网IP', NULL, 'null', 0, NULL, '2020-10-07 13:43:30');
INSERT INTO `sys_oper_log` VALUES (237, '代码生成', 8, 'com.ruoyi.generator.controller.GenController.download()', 'GET', 1, 'admin', '电视频道', '/yttv/tool/gen/download/sys_recently', '127.0.0.1', '内网IP', NULL, 'null', 0, NULL, '2020-10-07 13:43:32');
INSERT INTO `sys_oper_log` VALUES (238, '右侧最近记录板块', 1, 'com.ruoyi.web.platform.recently.controller.RecentlyController.addSave()', 'POST', 1, 'admin', '电视频道', '/yttv/admin/recentlyBlog/add', '127.0.0.1', '内网IP', '{\"blogId\":[\"\\t10\"]}', 'null', 1, '\r\n### Error updating database.  Cause: java.sql.SQLException: Field \'update_time\' doesn\'t have a default value\r\n### The error may involve com.ruoyi.web.platform.recently.mapper.RecentlyMapper.insertRecently-Inline\r\n### The error occurred while setting parameters\r\n### SQL: insert into sys_recently          ( blog_id,             create_time )           values ( ?,             ? )\r\n### Cause: java.sql.SQLException: Field \'update_time\' doesn\'t have a default value\n; Field \'update_time\' doesn\'t have a default value; nested exception is java.sql.SQLException: Field \'update_time\' doesn\'t have a default value', '2020-10-07 13:49:39');
INSERT INTO `sys_oper_log` VALUES (239, '右侧最近记录板块', 1, 'com.ruoyi.web.platform.recently.controller.RecentlyController.addSave()', 'POST', 1, 'admin', '电视频道', '/yttv/admin/recentlyBlog/add', '127.0.0.1', '内网IP', '{\"blogId\":[\"10\"]}', '{\r\n  \"msg\" : \"操作成功\",\r\n  \"code\" : 0\r\n}', 0, NULL, '2020-10-07 13:51:29');
INSERT INTO `sys_oper_log` VALUES (240, '代码生成', 2, 'com.ruoyi.generator.controller.GenController.editSave()', 'POST', 1, 'admin', '电视频道', '/yttv/tool/gen/edit', '127.0.0.1', '内网IP', '{\"tableId\":[\"8\"],\"tableName\":[\"sys_recently\"],\"tableComment\":[\"右侧最近记录板块\"],\"className\":[\"Recently\"],\"functionAuthor\":[\"yttv-platform\"],\"remark\":[\"\"],\"columns[0].columnId\":[\"83\"],\"columns[0].sort\":[\"1\"],\"columns[0].columnComment\":[\"最近记录id\"],\"columns[0].javaType\":[\"Integer\"],\"columns[0].javaField\":[\"recentlyId\"],\"columns[0].isInsert\":[\"1\"],\"columns[0].isList\":[\"1\"],\"columns[0].isQuery\":[\"1\"],\"columns[0].queryType\":[\"EQ\"],\"columns[0].htmlType\":[\"input\"],\"columns[0].dictType\":[\"\"],\"columns[1].columnId\":[\"84\"],\"columns[1].sort\":[\"2\"],\"columns[1].columnComment\":[\"最近博客Id\"],\"columns[1].javaType\":[\"Integer\"],\"columns[1].javaField\":[\"blogId\"],\"columns[1].isInsert\":[\"1\"],\"columns[1].isEdit\":[\"1\"],\"columns[1].isList\":[\"1\"],\"columns[1].isQuery\":[\"1\"],\"columns[1].queryType\":[\"EQ\"],\"columns[1].isRequired\":[\"1\"],\"columns[1].htmlType\":[\"input\"],\"columns[1].dictType\":[\"\"],\"columns[2].columnId\":[\"85\"],\"columns[2].sort\":[\"3\"],\"columns[2].columnComment\":[\"创建时间\"],\"columns[2].javaType\":[\"Date\"],\"columns[2].javaField\":[\"createTime\"],\"columns[2].isInsert\":[\"1\"],\"columns[2].isList\":[\"1\"],\"columns[2].isQuery\":[\"1\"],\"columns[2].queryType\":[\"EQ\"],\"columns[2].isRequired\":[\"1\"],\"columns[2].htmlType\":[\"datetime\"],\"columns[2].dictType\":[\"\"],\"columns[3].columnId\":[\"86\"],\"columns[3].sort\":[\"4\"],\"columns[3].columnComment\":[\"更新时间\"],\"columns[3].javaType\":[\"Date\"],\"columns[3].javaField\":[\"updateTime\"],\"columns[3].isInsert\":[\"1\"],\"columns[3].isEdit\":[\"1\"],\"columns[3].isList\":[\"1\"],\"columns[3].isQuery\":[\"1\"],\"columns[3].queryType\":[\"EQ\"],\"columns[3].isRequired\":[\"1\"],\"columns[3].htmlType\":[\"datetime\"],\"columns[3].dictType\":[\"\"],\"tplCategory\":[\"crud\"],\"packageName\":[\"com.ruoyi.web.platform.recently\"],\"moduleName\":[\"admin\"],\"businessName\":[\"recently\"],\"functionName\":[\"右侧最近记录板块\"],\"params[parentMenuId]\":[\"2006\"],\"params[parentMenuName]\":[\"盐途之声\"],\"genType\":[\"0\"],\"genPath\":[\"/\"],\"subTableName\":[\"\"],\"params[treeCode]\":[\"\"],\"params[treeParentCode]\":[\"\"],\"params[treeName]\":[\"\"]}', '{\r\n  \"msg\" : \"操作成功\",\r\n  \"code\" : 0\r\n}', 0, NULL, '2020-10-07 14:07:58');
INSERT INTO `sys_oper_log` VALUES (241, '代码生成', 8, 'com.ruoyi.generator.controller.GenController.download()', 'GET', 1, 'admin', '电视频道', '/yttv/tool/gen/download/sys_recently', '127.0.0.1', '内网IP', NULL, 'null', 0, NULL, '2020-10-07 14:08:02');
INSERT INTO `sys_oper_log` VALUES (242, '代码生成', 8, 'com.ruoyi.generator.controller.GenController.download()', 'GET', 1, 'admin', '电视频道', '/yttv/tool/gen/download/sys_recently', '127.0.0.1', '内网IP', NULL, 'null', 0, NULL, '2020-10-07 14:08:02');
INSERT INTO `sys_oper_log` VALUES (243, '菜单管理', 3, 'com.ruoyi.web.controller.system.SysMenuController.remove()', 'GET', 1, 'admin', '电视频道', '/yttv/system/menu/remove/2013', '127.0.0.1', '内网IP', NULL, '{\r\n  \"msg\" : \"存在子菜单,不允许删除\",\r\n  \"code\" : 301\r\n}', 0, NULL, '2020-10-07 14:08:45');
INSERT INTO `sys_oper_log` VALUES (244, '菜单管理', 3, 'com.ruoyi.web.controller.system.SysMenuController.remove()', 'GET', 1, 'admin', '电视频道', '/yttv/system/menu/remove/2017', '127.0.0.1', '内网IP', NULL, '{\r\n  \"msg\" : \"操作成功\",\r\n  \"code\" : 0\r\n}', 0, NULL, '2020-10-07 14:08:53');
INSERT INTO `sys_oper_log` VALUES (245, '菜单管理', 3, 'com.ruoyi.web.controller.system.SysMenuController.remove()', 'GET', 1, 'admin', '电视频道', '/yttv/system/menu/remove/2018', '127.0.0.1', '内网IP', NULL, '{\r\n  \"msg\" : \"操作成功\",\r\n  \"code\" : 0\r\n}', 0, NULL, '2020-10-07 14:09:01');
INSERT INTO `sys_oper_log` VALUES (246, '菜单管理', 3, 'com.ruoyi.web.controller.system.SysMenuController.remove()', 'GET', 1, 'admin', '电视频道', '/yttv/system/menu/remove/2016', '127.0.0.1', '内网IP', NULL, '{\r\n  \"msg\" : \"操作成功\",\r\n  \"code\" : 0\r\n}', 0, NULL, '2020-10-07 14:09:07');
INSERT INTO `sys_oper_log` VALUES (247, '菜单管理', 3, 'com.ruoyi.web.controller.system.SysMenuController.remove()', 'GET', 1, 'admin', '电视频道', '/yttv/system/menu/remove/2015', '127.0.0.1', '内网IP', NULL, '{\r\n  \"msg\" : \"操作成功\",\r\n  \"code\" : 0\r\n}', 0, NULL, '2020-10-07 14:09:26');
INSERT INTO `sys_oper_log` VALUES (248, '菜单管理', 3, 'com.ruoyi.web.controller.system.SysMenuController.remove()', 'GET', 1, 'admin', '电视频道', '/yttv/system/menu/remove/2014', '127.0.0.1', '内网IP', NULL, '{\r\n  \"msg\" : \"操作成功\",\r\n  \"code\" : 0\r\n}', 0, NULL, '2020-10-07 14:09:32');
INSERT INTO `sys_oper_log` VALUES (249, '菜单管理', 3, 'com.ruoyi.web.controller.system.SysMenuController.remove()', 'GET', 1, 'admin', '电视频道', '/yttv/system/menu/remove/2013', '127.0.0.1', '内网IP', NULL, '{\r\n  \"msg\" : \"操作成功\",\r\n  \"code\" : 0\r\n}', 0, NULL, '2020-10-07 14:11:21');
INSERT INTO `sys_oper_log` VALUES (250, '博客展示', 1, 'com.ruoyi.web.platform.blog.controller.BlogController.addSave()', 'POST', 1, 'admin', '电视频道', '/yttv/admin/blog/add', '127.0.0.1', '内网IP', '{\"blogTitle\":[\"测试\"],\"blogType\":[\"2\"],\"blogContent\":[\"<p>测试</p>\"],\"blogPicture\":[\"http://luna.vaiwan.com/yttv/profile/upload/2020/10/07/69f433e0-5a87-4ad1-9282-c717daaaeb46.jpg\"],\"blogSimple\":[\"测试\"],\"status\":[\"0\"]}', '{\r\n  \"msg\" : \"操作成功\",\r\n  \"code\" : 0\r\n}', 0, NULL, '2020-10-07 14:21:43');
INSERT INTO `sys_oper_log` VALUES (251, '右侧最近记录板块', 1, 'com.ruoyi.web.platform.recently.controller.RecentlyController.addSave()', 'POST', 1, 'admin', '电视频道', '/yttv/admin/recently/add', '127.0.0.1', '内网IP', '{\"blogId\":[\"11\"]}', '{\r\n  \"msg\" : \"操作成功\",\r\n  \"code\" : 0\r\n}', 0, NULL, '2020-10-07 14:22:38');
INSERT INTO `sys_oper_log` VALUES (252, '博客展示', 1, 'com.ruoyi.web.platform.blog.controller.BlogController.addSave()', 'POST', 1, 'admin', '电视频道', '/yttv/admin/blog/add', '127.0.0.1', '内网IP', '{\"blogTitle\":[\"旅行3\"],\"blogType\":[\"2\"],\"blogContent\":[\"<p>旅行3<br></p>\"],\"blogPicture\":[\"http://luna.vaiwan.com/yttv/profile/upload/2020/10/08/0c66b08f-cd05-400b-88e6-4ae3e6e92a82.png\"],\"blogSimple\":[\"旅行3\"],\"status\":[\"0\"]}', '{\r\n  \"msg\" : \"操作成功\",\r\n  \"code\" : 0\r\n}', 0, NULL, '2020-10-08 16:24:09');
INSERT INTO `sys_oper_log` VALUES (253, '博客展示', 2, 'com.ruoyi.web.platform.blog.controller.BlogController.editSave()', 'POST', 1, 'admin', '电视频道', '/yttv/admin/blog/edit', '127.0.0.1', '内网IP', '{\"blogId\":[\"10\"],\"blogTitle\":[\"测试\"],\"blogType\":[\"1\"],\"blogContent\":[\"<p>测试<br></p>\"],\"blogPicture\":[\"\"],\"blogSimple\":[\"测试\"],\"status\":[\"0\"]}', '{\r\n  \"msg\" : \"操作成功\",\r\n  \"code\" : 0\r\n}', 0, NULL, '2020-10-08 16:25:53');
INSERT INTO `sys_oper_log` VALUES (254, '右侧最近记录板块', 1, 'com.ruoyi.web.platform.recently.controller.RecentlyController.addSave()', 'POST', 1, 'admin', '电视频道', '/yttv/admin/recently/add', '127.0.0.1', '内网IP', '{\"blogId\":[\"13\"]}', '{\r\n  \"msg\" : \"操作成功\",\r\n  \"code\" : 0\r\n}', 0, NULL, '2020-10-08 19:53:22');
INSERT INTO `sys_oper_log` VALUES (255, '右侧最近记录板块', 1, 'com.ruoyi.web.platform.recently.controller.RecentlyController.addSave()', 'POST', 1, 'admin', '电视频道', '/yttv/admin/recently/add', '127.0.0.1', '内网IP', '{\"blogId\":[\"14\"]}', '{\r\n  \"msg\" : \"操作成功\",\r\n  \"code\" : 0\r\n}', 0, NULL, '2020-10-08 19:53:26');
INSERT INTO `sys_oper_log` VALUES (256, '右侧最近记录板块', 1, 'com.ruoyi.web.platform.recently.controller.RecentlyController.addSave()', 'POST', 1, 'admin', '电视频道', '/yttv/admin/recently/add', '127.0.0.1', '内网IP', '{\"blogId\":[\"15\"]}', '{\r\n  \"msg\" : \"操作成功\",\r\n  \"code\" : 0\r\n}', 0, NULL, '2020-10-08 19:53:30');
INSERT INTO `sys_oper_log` VALUES (257, '博客展示', 2, 'com.ruoyi.web.platform.blog.controller.BlogController.editSave()', 'POST', 1, 'admin', '电视频道', '/yttv/admin/blog/edit', '127.0.0.1', '内网IP', '{\"blogId\":[\"13\"],\"blogTitle\":[\"旅行4\"],\"blogType\":[\"2\"],\"blogContent\":[\"<p>旅行3<br></p>\"],\"blogPicture\":[\"http://luna.vaiwan.com/yttv/profile/upload/2020/10/08/0c66b08f-cd05-400b-88e6-4ae3e6e92a82.png\"],\"blogSimple\":[\"旅行3\"],\"status\":[\"1\"]}', '{\r\n  \"msg\" : \"操作成功\",\r\n  \"code\" : 0\r\n}', 0, NULL, '2020-10-11 14:26:19');
INSERT INTO `sys_oper_log` VALUES (258, '代码生成', 6, 'com.ruoyi.generator.controller.GenController.importTableSave()', 'POST', 1, 'admin', '电视频道', '/yttv/tool/gen/importTable', '127.0.0.1', '内网IP', '{\"tables\":[\"sys_author_main,sys_author_team\"]}', '{\r\n  \"msg\" : \"操作成功\",\r\n  \"code\" : 0\r\n}', 0, NULL, '2020-10-11 15:07:58');
INSERT INTO `sys_oper_log` VALUES (259, '代码生成', 2, 'com.ruoyi.generator.controller.GenController.editSave()', 'POST', 1, 'admin', '电视频道', '/yttv/tool/gen/edit', '127.0.0.1', '内网IP', '{\"tableId\":[\"9\"],\"tableName\":[\"sys_author_main\"],\"tableComment\":[\"主页介绍板块\"],\"className\":[\"AuthorMain\"],\"functionAuthor\":[\"yttv-platform\"],\"remark\":[\"\"],\"columns[0].columnId\":[\"87\"],\"columns[0].sort\":[\"1\"],\"columns[0].columnComment\":[\"主页介绍id\"],\"columns[0].javaType\":[\"Integer\"],\"columns[0].javaField\":[\"authorId\"],\"columns[0].isInsert\":[\"1\"],\"columns[0].isEdit\":[\"1\"],\"columns[0].isList\":[\"1\"],\"columns[0].isQuery\":[\"1\"],\"columns[0].queryType\":[\"EQ\"],\"columns[0].htmlType\":[\"input\"],\"columns[0].dictType\":[\"\"],\"columns[1].columnId\":[\"88\"],\"columns[1].sort\":[\"2\"],\"columns[1].columnComment\":[\"主页介绍博客Id\"],\"columns[1].javaType\":[\"Integer\"],\"columns[1].javaField\":[\"blogId\"],\"columns[1].isInsert\":[\"1\"],\"columns[1].isEdit\":[\"1\"],\"columns[1].isList\":[\"1\"],\"columns[1].isQuery\":[\"1\"],\"columns[1].queryType\":[\"EQ\"],\"columns[1].isRequired\":[\"1\"],\"columns[1].htmlType\":[\"input\"],\"columns[1].dictType\":[\"\"],\"columns[2].columnId\":[\"89\"],\"columns[2].sort\":[\"3\"],\"columns[2].columnComment\":[\"创建时间\"],\"columns[2].javaType\":[\"Date\"],\"columns[2].javaField\":[\"createTime\"],\"columns[2].isInsert\":[\"1\"],\"columns[2].queryType\":[\"EQ\"],\"columns[2].isRequired\":[\"1\"],\"columns[2].htmlType\":[\"datetime\"],\"columns[2].dictType\":[\"\"],\"columns[3].columnId\":[\"90\"],\"columns[3].sort\":[\"4\"],\"columns[3].columnComment\":[\"更新时间\"],\"columns[3].javaType\":[\"Date\"],\"columns[3].javaField\":[\"updateTime\"],\"columns[3].isInsert\":[\"1\"],\"columns[3].isEdit\":[\"1\"],\"columns[3].queryType\":[\"EQ\"],\"columns[3].htmlType\":[\"datetime\"],\"columns[3].dictType\":[\"\"],\"tplCategory\":[\"crud\"],\"packageName\":[\"com.ruoyi.web.platform.mainBlog\"],\"moduleName\":[\"admin\"],\"businessName\":[\"mainBlog\"],\"functionName\":[\"主页介绍板块\"],\"params[parentMenuId]\":[\"\"],\"params[parentMenuName]\":[\"\"],\"genType\":[\"0\"],\"genPath\":[\"/\"],\"subTableName\":[\"\"],\"params[treeCode]\":[\"\"],\"params[treeParentCode]\":[\"\"],\"params[treeName]\":[\"\"]}', '{\r\n  \"msg\" : \"操作成功\",\r\n  \"code\" : 0\r\n}', 0, NULL, '2020-10-11 15:09:05');
INSERT INTO `sys_oper_log` VALUES (260, '代码生成', 2, 'com.ruoyi.generator.controller.GenController.editSave()', 'POST', 1, 'admin', '电视频道', '/yttv/tool/gen/edit', '127.0.0.1', '内网IP', '{\"tableId\":[\"10\"],\"tableName\":[\"sys_author_team\"],\"tableComment\":[\"团队介绍板块\"],\"className\":[\"AuthorTeam\"],\"functionAuthor\":[\"yttv-platform\"],\"remark\":[\"\"],\"columns[0].columnId\":[\"91\"],\"columns[0].sort\":[\"1\"],\"columns[0].columnComment\":[\"最近记录id\"],\"columns[0].javaType\":[\"Integer\"],\"columns[0].javaField\":[\"teamId\"],\"columns[0].isInsert\":[\"1\"],\"columns[0].isEdit\":[\"1\"],\"columns[0].isList\":[\"1\"],\"columns[0].isQuery\":[\"1\"],\"columns[0].queryType\":[\"EQ\"],\"columns[0].htmlType\":[\"input\"],\"columns[0].dictType\":[\"\"],\"columns[1].columnId\":[\"92\"],\"columns[1].sort\":[\"2\"],\"columns[1].columnComment\":[\"团队成员姓名\"],\"columns[1].javaType\":[\"String\"],\"columns[1].javaField\":[\"teamName\"],\"columns[1].isInsert\":[\"1\"],\"columns[1].isEdit\":[\"1\"],\"columns[1].isList\":[\"1\"],\"columns[1].isQuery\":[\"1\"],\"columns[1].queryType\":[\"LIKE\"],\"columns[1].isRequired\":[\"1\"],\"columns[1].htmlType\":[\"input\"],\"columns[1].dictType\":[\"\"],\"columns[2].columnId\":[\"93\"],\"columns[2].sort\":[\"3\"],\"columns[2].columnComment\":[\"创建时间\"],\"columns[2].javaType\":[\"Date\"],\"columns[2].javaField\":[\"createTime\"],\"columns[2].isInsert\":[\"1\"],\"columns[2].isEdit\":[\"1\"],\"columns[2].isList\":[\"1\"],\"columns[2].isQuery\":[\"1\"],\"columns[2].queryType\":[\"EQ\"],\"columns[2].isRequired\":[\"1\"],\"columns[2].htmlType\":[\"datetime\"],\"columns[2].dictType\":[\"\"],\"columns[3].columnId\":[\"94\"],\"columns[3].sort\":[\"4\"],\"columns[3].columnComment\":[\"更新时间\"],\"columns[3].javaType\":[\"Date\"],\"columns[3].javaField\":[\"updateTime\"],\"columns[3].isInsert\":[\"1\"],\"columns[3].isEdit\":[\"1\"],\"columns[3].queryType\":[\"EQ\"],\"columns[3].isRequired\":[\"1\"],\"columns[3].htmlType\":[\"datetime\"],\"columns[3].dictType\":[\"\"],\"columns[4].columnId\":[\"95\"],\"columns[4].sort\":[\"5\"],\"columns[4].columnComment\":[\"个人介绍\"],\"columns[4].javaType\":[\"String\"],\"columns[4].javaField\":[\"teamDes\"],\"columns[4].isInsert\":[\"1\"],\"columns[4].isEdit\":[\"1\"],\"columns[4].isList\":[\"1\"],\"columns[4].isQuery\":[\"1\"],\"columns[4].queryType\":[\"EQ\"],\"columns[4].htmlType\":[\"input\"],\"columns[4].dictType\":[\"\"],\"columns[5].columnId\":[\"96\"],\"c', '{\r\n  \"msg\" : \"操作成功\",\r\n  \"code\" : 0\r\n}', 0, NULL, '2020-10-11 15:10:24');
INSERT INTO `sys_oper_log` VALUES (261, '代码生成', 3, 'com.ruoyi.generator.controller.GenController.remove()', 'POST', 1, 'admin', '电视频道', '/yttv/tool/gen/remove', '127.0.0.1', '内网IP', '{\"ids\":[\"9\"]}', '{\r\n  \"msg\" : \"操作成功\",\r\n  \"code\" : 0\r\n}', 0, NULL, '2020-10-11 15:12:33');
INSERT INTO `sys_oper_log` VALUES (262, '代码生成', 3, 'com.ruoyi.generator.controller.GenController.remove()', 'POST', 1, 'admin', '电视频道', '/yttv/tool/gen/remove', '127.0.0.1', '内网IP', '{\"ids\":[\"10\"]}', '{\r\n  \"msg\" : \"操作成功\",\r\n  \"code\" : 0\r\n}', 0, NULL, '2020-10-11 15:12:35');
INSERT INTO `sys_oper_log` VALUES (263, '代码生成', 6, 'com.ruoyi.generator.controller.GenController.importTableSave()', 'POST', 1, 'admin', '电视频道', '/yttv/tool/gen/importTable', '127.0.0.1', '内网IP', '{\"tables\":[\"sys_author_main,sys_author_team\"]}', '{\r\n  \"msg\" : \"操作成功\",\r\n  \"code\" : 0\r\n}', 0, NULL, '2020-10-11 15:12:42');
INSERT INTO `sys_oper_log` VALUES (264, '代码生成', 2, 'com.ruoyi.generator.controller.GenController.editSave()', 'POST', 1, 'admin', '电视频道', '/yttv/tool/gen/edit', '127.0.0.1', '内网IP', '{\"tableId\":[\"12\"],\"tableName\":[\"sys_author_team\"],\"tableComment\":[\"团队介绍板块\"],\"className\":[\"AuthorTeam\"],\"functionAuthor\":[\"yttv-platform\"],\"remark\":[\"\"],\"columns[0].columnId\":[\"104\"],\"columns[0].sort\":[\"1\"],\"columns[0].columnComment\":[\"最近记录id\"],\"columns[0].javaType\":[\"Integer\"],\"columns[0].javaField\":[\"teamId\"],\"columns[0].isInsert\":[\"1\"],\"columns[0].isEdit\":[\"1\"],\"columns[0].isList\":[\"1\"],\"columns[0].isQuery\":[\"1\"],\"columns[0].queryType\":[\"EQ\"],\"columns[0].htmlType\":[\"input\"],\"columns[0].dictType\":[\"\"],\"columns[1].columnId\":[\"105\"],\"columns[1].sort\":[\"2\"],\"columns[1].columnComment\":[\"团队成员姓名\"],\"columns[1].javaType\":[\"String\"],\"columns[1].javaField\":[\"teamName\"],\"columns[1].isInsert\":[\"1\"],\"columns[1].isEdit\":[\"1\"],\"columns[1].isList\":[\"1\"],\"columns[1].isQuery\":[\"1\"],\"columns[1].queryType\":[\"LIKE\"],\"columns[1].isRequired\":[\"1\"],\"columns[1].htmlType\":[\"input\"],\"columns[1].dictType\":[\"\"],\"columns[2].columnId\":[\"106\"],\"columns[2].sort\":[\"3\"],\"columns[2].columnComment\":[\"创建时间\"],\"columns[2].javaType\":[\"Date\"],\"columns[2].javaField\":[\"createTime\"],\"columns[2].isInsert\":[\"1\"],\"columns[2].queryType\":[\"EQ\"],\"columns[2].isRequired\":[\"1\"],\"columns[2].htmlType\":[\"datetime\"],\"columns[2].dictType\":[\"\"],\"columns[3].columnId\":[\"107\"],\"columns[3].sort\":[\"4\"],\"columns[3].columnComment\":[\"更新时间\"],\"columns[3].javaType\":[\"Date\"],\"columns[3].javaField\":[\"updateTime\"],\"columns[3].isInsert\":[\"1\"],\"columns[3].isEdit\":[\"1\"],\"columns[3].queryType\":[\"EQ\"],\"columns[3].isRequired\":[\"1\"],\"columns[3].htmlType\":[\"datetime\"],\"columns[3].dictType\":[\"\"],\"columns[4].columnId\":[\"108\"],\"columns[4].sort\":[\"5\"],\"columns[4].columnComment\":[\"个人介绍\"],\"columns[4].javaType\":[\"String\"],\"columns[4].javaField\":[\"teamDes\"],\"columns[4].isInsert\":[\"1\"],\"columns[4].isEdit\":[\"1\"],\"columns[4].isList\":[\"1\"],\"columns[4].isQuery\":[\"1\"],\"columns[4].queryType\":[\"EQ\"],\"columns[4].htmlType\":[\"input\"],\"columns[4].dictType\":[\"\"],\"columns[5].columnId\":[\"109\"],\"columns[5].sort\":[\"6\"],\"columns[5].columnComment\":[\"职位id\"],\"columns[5].jav', '{\r\n  \"msg\" : \"操作成功\",\r\n  \"code\" : 0\r\n}', 0, NULL, '2020-10-11 15:13:40');
INSERT INTO `sys_oper_log` VALUES (265, '代码生成', 2, 'com.ruoyi.generator.controller.GenController.editSave()', 'POST', 1, 'admin', '电视频道', '/yttv/tool/gen/edit', '127.0.0.1', '内网IP', '{\"tableId\":[\"11\"],\"tableName\":[\"sys_author_main\"],\"tableComment\":[\"主页介绍板块\"],\"className\":[\"AuthorMain\"],\"functionAuthor\":[\"yttv-platform\"],\"remark\":[\"\"],\"columns[0].columnId\":[\"97\"],\"columns[0].sort\":[\"1\"],\"columns[0].columnComment\":[\"主页介绍id\"],\"columns[0].javaType\":[\"Integer\"],\"columns[0].javaField\":[\"authorId\"],\"columns[0].isInsert\":[\"1\"],\"columns[0].isEdit\":[\"1\"],\"columns[0].isList\":[\"1\"],\"columns[0].isQuery\":[\"1\"],\"columns[0].queryType\":[\"EQ\"],\"columns[0].htmlType\":[\"input\"],\"columns[0].dictType\":[\"\"],\"columns[1].columnId\":[\"98\"],\"columns[1].sort\":[\"2\"],\"columns[1].columnComment\":[\"主页介绍博客Id\"],\"columns[1].javaType\":[\"Long\"],\"columns[1].javaField\":[\"blogId\"],\"columns[1].isInsert\":[\"1\"],\"columns[1].isEdit\":[\"1\"],\"columns[1].isList\":[\"1\"],\"columns[1].isQuery\":[\"1\"],\"columns[1].queryType\":[\"EQ\"],\"columns[1].isRequired\":[\"1\"],\"columns[1].htmlType\":[\"input\"],\"columns[1].dictType\":[\"\"],\"columns[2].columnId\":[\"99\"],\"columns[2].sort\":[\"3\"],\"columns[2].columnComment\":[\"创建时间\"],\"columns[2].javaType\":[\"Date\"],\"columns[2].javaField\":[\"createTime\"],\"columns[2].isInsert\":[\"1\"],\"columns[2].queryType\":[\"EQ\"],\"columns[2].isRequired\":[\"1\"],\"columns[2].htmlType\":[\"datetime\"],\"columns[2].dictType\":[\"\"],\"columns[3].columnId\":[\"100\"],\"columns[3].sort\":[\"4\"],\"columns[3].columnComment\":[\"更新时间\"],\"columns[3].javaType\":[\"Date\"],\"columns[3].javaField\":[\"updateTime\"],\"columns[3].isInsert\":[\"1\"],\"columns[3].isEdit\":[\"1\"],\"columns[3].queryType\":[\"EQ\"],\"columns[3].htmlType\":[\"datetime\"],\"columns[3].dictType\":[\"\"],\"columns[4].columnId\":[\"101\"],\"columns[4].sort\":[\"5\"],\"columns[4].columnComment\":[\"创建者\"],\"columns[4].javaType\":[\"String\"],\"columns[4].javaField\":[\"createBy\"],\"columns[4].isInsert\":[\"1\"],\"columns[4].queryType\":[\"EQ\"],\"columns[4].isRequired\":[\"1\"],\"columns[4].htmlType\":[\"input\"],\"columns[4].dictType\":[\"\"],\"columns[5].columnId\":[\"102\"],\"columns[5].sort\":[\"6\"],\"columns[5].columnComment\":[\"更新者\"],\"columns[5].javaType\":[\"String\"],\"columns[5].javaField\":[\"updateBy\"],\"columns[5].isInsert\":[\"1\"],\"co', '{\r\n  \"msg\" : \"操作成功\",\r\n  \"code\" : 0\r\n}', 0, NULL, '2020-10-11 15:14:43');
INSERT INTO `sys_oper_log` VALUES (266, '代码生成', 8, 'com.ruoyi.generator.controller.GenController.download()', 'GET', 1, 'admin', '电视频道', '/yttv/tool/gen/download/sys_author_team', '127.0.0.1', '内网IP', NULL, 'null', 0, NULL, '2020-10-11 15:14:56');
INSERT INTO `sys_oper_log` VALUES (267, '代码生成', 8, 'com.ruoyi.generator.controller.GenController.download()', 'GET', 1, 'admin', '电视频道', '/yttv/tool/gen/download/sys_author_team', '127.0.0.1', '内网IP', NULL, 'null', 0, NULL, '2020-10-11 15:14:57');
INSERT INTO `sys_oper_log` VALUES (268, '代码生成', 2, 'com.ruoyi.generator.controller.GenController.editSave()', 'POST', 1, 'admin', '电视频道', '/yttv/tool/gen/edit', '127.0.0.1', '内网IP', '{\"tableId\":[\"12\"],\"tableName\":[\"sys_author_team\"],\"tableComment\":[\"团队介绍板块\"],\"className\":[\"AuthorTeam\"],\"functionAuthor\":[\"yttv-platform\"],\"remark\":[\"\"],\"columns[0].columnId\":[\"104\"],\"columns[0].sort\":[\"1\"],\"columns[0].columnComment\":[\"最近记录id\"],\"columns[0].javaType\":[\"Integer\"],\"columns[0].javaField\":[\"teamId\"],\"columns[0].isInsert\":[\"1\"],\"columns[0].isEdit\":[\"1\"],\"columns[0].isList\":[\"1\"],\"columns[0].isQuery\":[\"1\"],\"columns[0].queryType\":[\"EQ\"],\"columns[0].htmlType\":[\"input\"],\"columns[0].dictType\":[\"\"],\"columns[1].columnId\":[\"105\"],\"columns[1].sort\":[\"2\"],\"columns[1].columnComment\":[\"团队成员姓名\"],\"columns[1].javaType\":[\"String\"],\"columns[1].javaField\":[\"teamName\"],\"columns[1].isInsert\":[\"1\"],\"columns[1].isEdit\":[\"1\"],\"columns[1].isList\":[\"1\"],\"columns[1].isQuery\":[\"1\"],\"columns[1].queryType\":[\"LIKE\"],\"columns[1].isRequired\":[\"1\"],\"columns[1].htmlType\":[\"input\"],\"columns[1].dictType\":[\"\"],\"columns[2].columnId\":[\"106\"],\"columns[2].sort\":[\"3\"],\"columns[2].columnComment\":[\"创建时间\"],\"columns[2].javaType\":[\"Date\"],\"columns[2].javaField\":[\"createTime\"],\"columns[2].isInsert\":[\"1\"],\"columns[2].queryType\":[\"EQ\"],\"columns[2].isRequired\":[\"1\"],\"columns[2].htmlType\":[\"datetime\"],\"columns[2].dictType\":[\"\"],\"columns[3].columnId\":[\"107\"],\"columns[3].sort\":[\"4\"],\"columns[3].columnComment\":[\"更新时间\"],\"columns[3].javaType\":[\"Date\"],\"columns[3].javaField\":[\"updateTime\"],\"columns[3].isInsert\":[\"1\"],\"columns[3].isEdit\":[\"1\"],\"columns[3].queryType\":[\"EQ\"],\"columns[3].isRequired\":[\"1\"],\"columns[3].htmlType\":[\"datetime\"],\"columns[3].dictType\":[\"\"],\"columns[4].columnId\":[\"108\"],\"columns[4].sort\":[\"5\"],\"columns[4].columnComment\":[\"个人介绍\"],\"columns[4].javaType\":[\"String\"],\"columns[4].javaField\":[\"teamDes\"],\"columns[4].isInsert\":[\"1\"],\"columns[4].isEdit\":[\"1\"],\"columns[4].isList\":[\"1\"],\"columns[4].isQuery\":[\"1\"],\"columns[4].queryType\":[\"EQ\"],\"columns[4].htmlType\":[\"input\"],\"columns[4].dictType\":[\"\"],\"columns[5].columnId\":[\"109\"],\"columns[5].sort\":[\"6\"],\"columns[5].columnComment\":[\"职位id\"],\"columns[5].jav', '{\r\n  \"msg\" : \"操作成功\",\r\n  \"code\" : 0\r\n}', 0, NULL, '2020-10-11 15:15:45');
INSERT INTO `sys_oper_log` VALUES (269, '代码生成', 2, 'com.ruoyi.generator.controller.GenController.editSave()', 'POST', 1, 'admin', '电视频道', '/yttv/tool/gen/edit', '127.0.0.1', '内网IP', '{\"tableId\":[\"11\"],\"tableName\":[\"sys_author_main\"],\"tableComment\":[\"主页介绍板块\"],\"className\":[\"AuthorMain\"],\"functionAuthor\":[\"yttv-platform\"],\"remark\":[\"\"],\"columns[0].columnId\":[\"97\"],\"columns[0].sort\":[\"1\"],\"columns[0].columnComment\":[\"主页介绍id\"],\"columns[0].javaType\":[\"Integer\"],\"columns[0].javaField\":[\"authorId\"],\"columns[0].isInsert\":[\"1\"],\"columns[0].isEdit\":[\"1\"],\"columns[0].isList\":[\"1\"],\"columns[0].isQuery\":[\"1\"],\"columns[0].queryType\":[\"EQ\"],\"columns[0].htmlType\":[\"input\"],\"columns[0].dictType\":[\"\"],\"columns[1].columnId\":[\"98\"],\"columns[1].sort\":[\"2\"],\"columns[1].columnComment\":[\"主页介绍博客Id\"],\"columns[1].javaType\":[\"Long\"],\"columns[1].javaField\":[\"blogId\"],\"columns[1].isInsert\":[\"1\"],\"columns[1].isEdit\":[\"1\"],\"columns[1].isList\":[\"1\"],\"columns[1].isQuery\":[\"1\"],\"columns[1].queryType\":[\"EQ\"],\"columns[1].isRequired\":[\"1\"],\"columns[1].htmlType\":[\"input\"],\"columns[1].dictType\":[\"\"],\"columns[2].columnId\":[\"99\"],\"columns[2].sort\":[\"3\"],\"columns[2].columnComment\":[\"创建时间\"],\"columns[2].javaType\":[\"Date\"],\"columns[2].javaField\":[\"createTime\"],\"columns[2].isInsert\":[\"1\"],\"columns[2].queryType\":[\"EQ\"],\"columns[2].isRequired\":[\"1\"],\"columns[2].htmlType\":[\"datetime\"],\"columns[2].dictType\":[\"\"],\"columns[3].columnId\":[\"100\"],\"columns[3].sort\":[\"4\"],\"columns[3].columnComment\":[\"更新时间\"],\"columns[3].javaType\":[\"Date\"],\"columns[3].javaField\":[\"updateTime\"],\"columns[3].isInsert\":[\"1\"],\"columns[3].isEdit\":[\"1\"],\"columns[3].queryType\":[\"EQ\"],\"columns[3].htmlType\":[\"datetime\"],\"columns[3].dictType\":[\"\"],\"columns[4].columnId\":[\"101\"],\"columns[4].sort\":[\"5\"],\"columns[4].columnComment\":[\"创建者\"],\"columns[4].javaType\":[\"String\"],\"columns[4].javaField\":[\"createBy\"],\"columns[4].isInsert\":[\"1\"],\"columns[4].queryType\":[\"EQ\"],\"columns[4].isRequired\":[\"1\"],\"columns[4].htmlType\":[\"input\"],\"columns[4].dictType\":[\"\"],\"columns[5].columnId\":[\"102\"],\"columns[5].sort\":[\"6\"],\"columns[5].columnComment\":[\"更新者\"],\"columns[5].javaType\":[\"String\"],\"columns[5].javaField\":[\"updateBy\"],\"columns[5].isInsert\":[\"1\"],\"co', '{\r\n  \"msg\" : \"操作成功\",\r\n  \"code\" : 0\r\n}', 0, NULL, '2020-10-11 15:15:54');
INSERT INTO `sys_oper_log` VALUES (270, '代码生成', 8, 'com.ruoyi.generator.controller.GenController.download()', 'GET', 1, 'admin', '电视频道', '/yttv/tool/gen/download/sys_author_team', '127.0.0.1', '内网IP', NULL, 'null', 0, NULL, '2020-10-11 15:15:57');
INSERT INTO `sys_oper_log` VALUES (271, '代码生成', 8, 'com.ruoyi.generator.controller.GenController.download()', 'GET', 1, 'admin', '电视频道', '/yttv/tool/gen/download/sys_author_team', '127.0.0.1', '内网IP', NULL, 'null', 0, NULL, '2020-10-11 15:15:57');
INSERT INTO `sys_oper_log` VALUES (272, '团队介绍板块', 2, 'com.ruoyi.web.platform.teamInfo.controller.AuthorTeamController.editSave()', 'POST', 1, 'admin', '电视频道', '/yttv/admin/teamInfo/edit', '127.0.0.1', '内网IP', '{\"teamId\":[\"1\"],\"teamName\":[\"张三\"],\"teamDes\":[\"xxxxxxxxxxxxxxxxxxx\"],\"postId\":[\"\"]}', '{\r\n  \"msg\" : \"操作成功\",\r\n  \"code\" : 0\r\n}', 0, NULL, '2020-10-11 15:19:27');
INSERT INTO `sys_oper_log` VALUES (273, '团队介绍板块', 2, 'com.ruoyi.web.platform.teamInfo.controller.AuthorTeamController.editSave()', 'POST', 1, 'admin', '电视频道', '/yttv/admin/teamInfo/edit', '127.0.0.1', '内网IP', '{\"teamId\":[\"1\"],\"teamName\":[\"张三\"],\"teamDes\":[\"xxxxxxxxxxxxxxxxxxx\"],\"postId\":[\"2\"]}', '{\r\n  \"msg\" : \"操作成功\",\r\n  \"code\" : 0\r\n}', 0, NULL, '2020-10-11 15:19:51');
INSERT INTO `sys_oper_log` VALUES (274, '团队介绍板块', 2, 'com.ruoyi.web.platform.teamInfo.controller.AuthorTeamController.editSave()', 'POST', 1, 'admin', '电视频道', '/yttv/admin/teamInfo/edit', '127.0.0.1', '内网IP', '{\"teamId\":[\"2\"],\"teamName\":[\"李四\"],\"teamDes\":[\"xxxxxxxxxxxx\"],\"postId\":[\"3\"]}', '{\r\n  \"msg\" : \"操作成功\",\r\n  \"code\" : 0\r\n}', 0, NULL, '2020-10-11 15:20:41');
INSERT INTO `sys_oper_log` VALUES (275, '代码生成', 3, 'com.ruoyi.generator.controller.GenController.remove()', 'POST', 1, 'admin', '电视频道', '/yttv/tool/gen/remove', '127.0.0.1', '内网IP', '{\"ids\":[\"12\"]}', '{\r\n  \"msg\" : \"操作成功\",\r\n  \"code\" : 0\r\n}', 0, NULL, '2020-10-11 15:22:26');
INSERT INTO `sys_oper_log` VALUES (276, '代码生成', 6, 'com.ruoyi.generator.controller.GenController.importTableSave()', 'POST', 1, 'admin', '电视频道', '/yttv/tool/gen/importTable', '127.0.0.1', '内网IP', '{\"tables\":[\"sys_author_team\"]}', '{\r\n  \"msg\" : \"操作成功\",\r\n  \"code\" : 0\r\n}', 0, NULL, '2020-10-11 15:22:31');
INSERT INTO `sys_oper_log` VALUES (277, '代码生成', 2, 'com.ruoyi.generator.controller.GenController.editSave()', 'POST', 1, 'admin', '电视频道', '/yttv/tool/gen/edit', '127.0.0.1', '内网IP', '{\"tableId\":[\"13\"],\"tableName\":[\"sys_author_team\"],\"tableComment\":[\"团队介绍板块\"],\"className\":[\"AuthorTeam\"],\"functionAuthor\":[\"yttv-platform\"],\"remark\":[\"\"],\"columns[0].columnId\":[\"110\"],\"columns[0].sort\":[\"1\"],\"columns[0].columnComment\":[\"最近记录id\"],\"columns[0].javaType\":[\"Integer\"],\"columns[0].javaField\":[\"teamId\"],\"columns[0].isInsert\":[\"1\"],\"columns[0].isList\":[\"1\"],\"columns[0].isQuery\":[\"1\"],\"columns[0].queryType\":[\"EQ\"],\"columns[0].htmlType\":[\"input\"],\"columns[0].dictType\":[\"\"],\"columns[1].columnId\":[\"111\"],\"columns[1].sort\":[\"2\"],\"columns[1].columnComment\":[\"团队成员姓名\"],\"columns[1].javaType\":[\"String\"],\"columns[1].javaField\":[\"teamName\"],\"columns[1].isInsert\":[\"1\"],\"columns[1].isEdit\":[\"1\"],\"columns[1].isList\":[\"1\"],\"columns[1].isQuery\":[\"1\"],\"columns[1].queryType\":[\"LIKE\"],\"columns[1].isRequired\":[\"1\"],\"columns[1].htmlType\":[\"input\"],\"columns[1].dictType\":[\"\"],\"columns[2].columnId\":[\"112\"],\"columns[2].sort\":[\"3\"],\"columns[2].columnComment\":[\"职位id\"],\"columns[2].javaType\":[\"Long\"],\"columns[2].javaField\":[\"postId\"],\"columns[2].isInsert\":[\"1\"],\"columns[2].isEdit\":[\"1\"],\"columns[2].isList\":[\"1\"],\"columns[2].isQuery\":[\"1\"],\"columns[2].queryType\":[\"EQ\"],\"columns[2].isRequired\":[\"1\"],\"columns[2].htmlType\":[\"checkbox\"],\"columns[2].dictType\":[\"\"],\"columns[3].columnId\":[\"113\"],\"columns[3].sort\":[\"4\"],\"columns[3].columnComment\":[\"个人介绍\"],\"columns[3].javaType\":[\"String\"],\"columns[3].javaField\":[\"teamDes\"],\"columns[3].isInsert\":[\"1\"],\"columns[3].isEdit\":[\"1\"],\"columns[3].isList\":[\"1\"],\"columns[3].isQuery\":[\"1\"],\"columns[3].queryType\":[\"EQ\"],\"columns[3].isRequired\":[\"1\"],\"columns[3].htmlType\":[\"input\"],\"columns[3].dictType\":[\"\"],\"columns[4].columnId\":[\"114\"],\"columns[4].sort\":[\"5\"],\"columns[4].columnComment\":[\"个人照片\"],\"columns[4].javaType\":[\"String\"],\"columns[4].javaField\":[\"teamPicture\"],\"columns[4].isInsert\":[\"1\"],\"columns[4].isEdit\":[\"1\"],\"columns[4].isList\":[\"1\"],\"columns[4].isQuery\":[\"1\"],\"columns[4].queryType\":[\"EQ\"],\"columns[4].isRequired\":[\"1\"],\"columns[4].htmlType\":[\"input\"],', '{\r\n  \"msg\" : \"操作成功\",\r\n  \"code\" : 0\r\n}', 0, NULL, '2020-10-11 15:24:14');
INSERT INTO `sys_oper_log` VALUES (278, '代码生成', 8, 'com.ruoyi.generator.controller.GenController.download()', 'GET', 1, 'admin', '电视频道', '/yttv/tool/gen/download/sys_author_team', '127.0.0.1', '内网IP', NULL, 'null', 0, NULL, '2020-10-11 15:24:16');
INSERT INTO `sys_oper_log` VALUES (279, '代码生成', 8, 'com.ruoyi.generator.controller.GenController.download()', 'GET', 1, 'admin', '电视频道', '/yttv/tool/gen/download/sys_author_team', '127.0.0.1', '内网IP', NULL, 'null', 0, NULL, '2020-10-11 15:24:16');
INSERT INTO `sys_oper_log` VALUES (280, '代码生成', 2, 'com.ruoyi.generator.controller.GenController.editSave()', 'POST', 1, 'admin', '电视频道', '/yttv/tool/gen/edit', '127.0.0.1', '内网IP', '{\"tableId\":[\"13\"],\"tableName\":[\"sys_author_team\"],\"tableComment\":[\"团队介绍板块\"],\"className\":[\"AuthorTeam\"],\"functionAuthor\":[\"yttv-platform\"],\"remark\":[\"\"],\"columns[0].columnId\":[\"110\"],\"columns[0].sort\":[\"1\"],\"columns[0].columnComment\":[\"最近记录id\"],\"columns[0].javaType\":[\"Integer\"],\"columns[0].javaField\":[\"teamId\"],\"columns[0].isInsert\":[\"1\"],\"columns[0].isList\":[\"1\"],\"columns[0].isQuery\":[\"1\"],\"columns[0].queryType\":[\"EQ\"],\"columns[0].htmlType\":[\"input\"],\"columns[0].dictType\":[\"\"],\"columns[1].columnId\":[\"111\"],\"columns[1].sort\":[\"2\"],\"columns[1].columnComment\":[\"团队成员姓名\"],\"columns[1].javaType\":[\"String\"],\"columns[1].javaField\":[\"teamName\"],\"columns[1].isInsert\":[\"1\"],\"columns[1].isEdit\":[\"1\"],\"columns[1].isList\":[\"1\"],\"columns[1].isQuery\":[\"1\"],\"columns[1].queryType\":[\"LIKE\"],\"columns[1].isRequired\":[\"1\"],\"columns[1].htmlType\":[\"input\"],\"columns[1].dictType\":[\"\"],\"columns[2].columnId\":[\"112\"],\"columns[2].sort\":[\"3\"],\"columns[2].columnComment\":[\"职位id\"],\"columns[2].javaType\":[\"Long\"],\"columns[2].javaField\":[\"postId\"],\"columns[2].isInsert\":[\"1\"],\"columns[2].isEdit\":[\"1\"],\"columns[2].isList\":[\"1\"],\"columns[2].isQuery\":[\"1\"],\"columns[2].queryType\":[\"EQ\"],\"columns[2].isRequired\":[\"1\"],\"columns[2].htmlType\":[\"checkbox\"],\"columns[2].dictType\":[\"\"],\"columns[3].columnId\":[\"113\"],\"columns[3].sort\":[\"4\"],\"columns[3].columnComment\":[\"个人介绍\"],\"columns[3].javaType\":[\"String\"],\"columns[3].javaField\":[\"teamDes\"],\"columns[3].isInsert\":[\"1\"],\"columns[3].isEdit\":[\"1\"],\"columns[3].isList\":[\"1\"],\"columns[3].isQuery\":[\"1\"],\"columns[3].queryType\":[\"EQ\"],\"columns[3].isRequired\":[\"1\"],\"columns[3].htmlType\":[\"input\"],\"columns[3].dictType\":[\"\"],\"columns[4].columnId\":[\"114\"],\"columns[4].sort\":[\"5\"],\"columns[4].columnComment\":[\"个人照片\"],\"columns[4].javaType\":[\"String\"],\"columns[4].javaField\":[\"teamPicture\"],\"columns[4].isInsert\":[\"1\"],\"columns[4].isEdit\":[\"1\"],\"columns[4].isList\":[\"1\"],\"columns[4].isQuery\":[\"1\"],\"columns[4].queryType\":[\"EQ\"],\"columns[4].isRequired\":[\"1\"],\"columns[4].htmlType\":[\"upload\"]', '{\r\n  \"msg\" : \"操作成功\",\r\n  \"code\" : 0\r\n}', 0, NULL, '2020-10-11 15:31:10');
INSERT INTO `sys_oper_log` VALUES (281, '代码生成', 2, 'com.ruoyi.generator.controller.GenController.editSave()', 'POST', 1, 'admin', '电视频道', '/yttv/tool/gen/edit', '127.0.0.1', '内网IP', '{\"tableId\":[\"13\"],\"tableName\":[\"sys_author_team\"],\"tableComment\":[\"团队介绍板块\"],\"className\":[\"AuthorTeam\"],\"functionAuthor\":[\"yttv-platform\"],\"remark\":[\"\"],\"columns[0].columnId\":[\"110\"],\"columns[0].sort\":[\"1\"],\"columns[0].columnComment\":[\"团队人员编号\"],\"columns[0].javaType\":[\"Integer\"],\"columns[0].javaField\":[\"teamId\"],\"columns[0].isInsert\":[\"1\"],\"columns[0].isList\":[\"1\"],\"columns[0].isQuery\":[\"1\"],\"columns[0].queryType\":[\"EQ\"],\"columns[0].htmlType\":[\"input\"],\"columns[0].dictType\":[\"\"],\"columns[1].columnId\":[\"111\"],\"columns[1].sort\":[\"2\"],\"columns[1].columnComment\":[\"团队成员姓名\"],\"columns[1].javaType\":[\"String\"],\"columns[1].javaField\":[\"teamName\"],\"columns[1].isInsert\":[\"1\"],\"columns[1].isEdit\":[\"1\"],\"columns[1].isList\":[\"1\"],\"columns[1].isQuery\":[\"1\"],\"columns[1].queryType\":[\"LIKE\"],\"columns[1].isRequired\":[\"1\"],\"columns[1].htmlType\":[\"input\"],\"columns[1].dictType\":[\"\"],\"columns[2].columnId\":[\"112\"],\"columns[2].sort\":[\"3\"],\"columns[2].columnComment\":[\"岗位编号\"],\"columns[2].javaType\":[\"Long\"],\"columns[2].javaField\":[\"postId\"],\"columns[2].isInsert\":[\"1\"],\"columns[2].isEdit\":[\"1\"],\"columns[2].isList\":[\"1\"],\"columns[2].isQuery\":[\"1\"],\"columns[2].queryType\":[\"EQ\"],\"columns[2].isRequired\":[\"1\"],\"columns[2].htmlType\":[\"checkbox\"],\"columns[2].dictType\":[\"\"],\"columns[3].columnId\":[\"113\"],\"columns[3].sort\":[\"4\"],\"columns[3].columnComment\":[\"个人介绍\"],\"columns[3].javaType\":[\"String\"],\"columns[3].javaField\":[\"teamDes\"],\"columns[3].isInsert\":[\"1\"],\"columns[3].isEdit\":[\"1\"],\"columns[3].isList\":[\"1\"],\"columns[3].isQuery\":[\"1\"],\"columns[3].queryType\":[\"EQ\"],\"columns[3].isRequired\":[\"1\"],\"columns[3].htmlType\":[\"summernote\"],\"columns[3].dictType\":[\"\"],\"columns[4].columnId\":[\"114\"],\"columns[4].sort\":[\"5\"],\"columns[4].columnComment\":[\"个人照片\"],\"columns[4].javaType\":[\"String\"],\"columns[4].javaField\":[\"teamPicture\"],\"columns[4].isInsert\":[\"1\"],\"columns[4].isEdit\":[\"1\"],\"columns[4].isList\":[\"1\"],\"columns[4].isQuery\":[\"1\"],\"columns[4].queryType\":[\"EQ\"],\"columns[4].isRequired\":[\"1\"],\"columns[4].htmlType\":[\"upl', '{\r\n  \"msg\" : \"操作成功\",\r\n  \"code\" : 0\r\n}', 0, NULL, '2020-10-11 15:31:57');
INSERT INTO `sys_oper_log` VALUES (282, '代码生成', 2, 'com.ruoyi.generator.controller.GenController.synchDb()', 'GET', 1, 'admin', '电视频道', '/yttv/tool/gen/synchDb/sys_author_team', '127.0.0.1', '内网IP', NULL, '{\r\n  \"msg\" : \"操作成功\",\r\n  \"code\" : 0\r\n}', 0, NULL, '2020-10-11 15:31:59');
INSERT INTO `sys_oper_log` VALUES (283, '代码生成', 8, 'com.ruoyi.generator.controller.GenController.download()', 'GET', 1, 'admin', '电视频道', '/yttv/tool/gen/download/sys_author_team', '127.0.0.1', '内网IP', NULL, 'null', 0, NULL, '2020-10-11 15:32:40');
INSERT INTO `sys_oper_log` VALUES (284, '代码生成', 8, 'com.ruoyi.generator.controller.GenController.download()', 'GET', 1, 'admin', '电视频道', '/yttv/tool/gen/download/sys_author_team', '127.0.0.1', '内网IP', NULL, 'null', 0, NULL, '2020-10-11 15:32:40');
INSERT INTO `sys_oper_log` VALUES (285, '代码生成', 8, 'com.ruoyi.generator.controller.GenController.download()', 'GET', 1, 'admin', '电视频道', '/yttv/tool/gen/download/sys_author_team', '127.0.0.1', '内网IP', NULL, 'null', 0, NULL, '2020-10-11 15:32:40');
INSERT INTO `sys_oper_log` VALUES (286, '博客展示', 2, 'com.ruoyi.web.platform.blog.controller.BlogController.editSave()', 'POST', 1, 'admin', '电视频道', '/yttv/admin/blog/edit', '127.0.0.1', '内网IP', '{\"blogId\":[\"10\"],\"blogTitle\":[\"测试\"],\"blogType\":[\"1\"],\"blogContent\":[\"<p>测试<br></p>\"],\"blogPicture\":[\"http://localhost:8080/yttv/profile/upload/2020/10/11/1c92565f-396a-4b09-bdb9-32631f2f6dc4.JPG\"],\"blogSimple\":[\"测试\"],\"status\":[\"0\"]}', '{\r\n  \"msg\" : \"操作成功\",\r\n  \"code\" : 0\r\n}', 0, NULL, '2020-10-11 15:38:01');
INSERT INTO `sys_oper_log` VALUES (287, '代码生成', 2, 'com.ruoyi.generator.controller.GenController.editSave()', 'POST', 1, 'admin', '电视频道', '/yttv/tool/gen/edit', '127.0.0.1', '内网IP', '{\"tableId\":[\"13\"],\"tableName\":[\"sys_author_team\"],\"tableComment\":[\"团队介绍板块\"],\"className\":[\"AuthorTeam\"],\"functionAuthor\":[\"yttv-platform\"],\"remark\":[\"\"],\"columns[0].columnId\":[\"110\"],\"columns[0].sort\":[\"1\"],\"columns[0].columnComment\":[\"团队人员编号\"],\"columns[0].javaType\":[\"Integer\"],\"columns[0].javaField\":[\"teamId\"],\"columns[0].isInsert\":[\"1\"],\"columns[0].isList\":[\"1\"],\"columns[0].isQuery\":[\"1\"],\"columns[0].queryType\":[\"EQ\"],\"columns[0].htmlType\":[\"input\"],\"columns[0].dictType\":[\"\"],\"columns[1].columnId\":[\"111\"],\"columns[1].sort\":[\"2\"],\"columns[1].columnComment\":[\"团队成员姓名\"],\"columns[1].javaType\":[\"String\"],\"columns[1].javaField\":[\"teamName\"],\"columns[1].isInsert\":[\"1\"],\"columns[1].isEdit\":[\"1\"],\"columns[1].isList\":[\"1\"],\"columns[1].isQuery\":[\"1\"],\"columns[1].queryType\":[\"LIKE\"],\"columns[1].isRequired\":[\"1\"],\"columns[1].htmlType\":[\"input\"],\"columns[1].dictType\":[\"\"],\"columns[2].columnId\":[\"112\"],\"columns[2].sort\":[\"3\"],\"columns[2].columnComment\":[\"岗位编号\"],\"columns[2].javaType\":[\"Long\"],\"columns[2].javaField\":[\"postId\"],\"columns[2].isInsert\":[\"1\"],\"columns[2].isEdit\":[\"1\"],\"columns[2].isList\":[\"1\"],\"columns[2].isQuery\":[\"1\"],\"columns[2].queryType\":[\"EQ\"],\"columns[2].isRequired\":[\"1\"],\"columns[2].htmlType\":[\"input\"],\"columns[2].dictType\":[\"\"],\"columns[3].columnId\":[\"113\"],\"columns[3].sort\":[\"4\"],\"columns[3].columnComment\":[\"个人介绍\"],\"columns[3].javaType\":[\"String\"],\"columns[3].javaField\":[\"teamDes\"],\"columns[3].isInsert\":[\"1\"],\"columns[3].isEdit\":[\"1\"],\"columns[3].isList\":[\"1\"],\"columns[3].isQuery\":[\"1\"],\"columns[3].queryType\":[\"EQ\"],\"columns[3].isRequired\":[\"1\"],\"columns[3].htmlType\":[\"summernote\"],\"columns[3].dictType\":[\"\"],\"columns[4].columnId\":[\"114\"],\"columns[4].sort\":[\"5\"],\"columns[4].columnComment\":[\"个人照片\"],\"columns[4].javaType\":[\"String\"],\"columns[4].javaField\":[\"teamPicture\"],\"columns[4].isInsert\":[\"1\"],\"columns[4].isEdit\":[\"1\"],\"columns[4].isList\":[\"1\"],\"columns[4].isQuery\":[\"1\"],\"columns[4].queryType\":[\"EQ\"],\"columns[4].isRequired\":[\"1\"],\"columns[4].htmlType\":[\"upload', '{\r\n  \"msg\" : \"操作成功\",\r\n  \"code\" : 0\r\n}', 0, NULL, '2020-10-11 15:38:44');
INSERT INTO `sys_oper_log` VALUES (288, '代码生成', 8, 'com.ruoyi.generator.controller.GenController.download()', 'GET', 1, 'admin', '电视频道', '/yttv/tool/gen/download/sys_author_team', '127.0.0.1', '内网IP', NULL, 'null', 0, NULL, '2020-10-11 15:38:48');
INSERT INTO `sys_oper_log` VALUES (289, '代码生成', 8, 'com.ruoyi.generator.controller.GenController.download()', 'GET', 1, 'admin', '电视频道', '/yttv/tool/gen/download/sys_author_team', '127.0.0.1', '内网IP', NULL, 'null', 0, NULL, '2020-10-11 15:38:49');
INSERT INTO `sys_oper_log` VALUES (290, '团队介绍板块', 2, 'com.ruoyi.web.platform.teamInfo.controller.AuthorTeamController.editSave()', 'POST', 1, 'admin', '电视频道', '/yttv/admin/teamInfo/edit', '127.0.0.1', '内网IP', '{\"teamId\":[\"1\"],\"teamName\":[\"张三\"],\"postId\":[\"2\"],\"teamDes\":[\"xxxxxxxxxxxxxxxxxxx\"],\"teamPicture\":[\"http://localhost:8080/yttv/profile/upload/2020/10/11/c0898b35-7b40-4896-aa14-9a740d7d89ca.JPG\"]}', '{\r\n  \"msg\" : \"操作成功\",\r\n  \"code\" : 0\r\n}', 0, NULL, '2020-10-11 15:41:05');
INSERT INTO `sys_oper_log` VALUES (291, '代码生成', 3, 'com.ruoyi.generator.controller.GenController.remove()', 'POST', 1, 'admin', '电视频道', '/yttv/tool/gen/remove', '127.0.0.1', '内网IP', '{\"ids\":[\"8\"]}', '{\r\n  \"msg\" : \"操作成功\",\r\n  \"code\" : 0\r\n}', 0, NULL, '2020-10-11 15:50:28');
INSERT INTO `sys_oper_log` VALUES (292, '代码生成', 6, 'com.ruoyi.generator.controller.GenController.importTableSave()', 'POST', 1, 'admin', '电视频道', '/yttv/tool/gen/importTable', '127.0.0.1', '内网IP', '{\"tables\":[\"sys_recently\"]}', '{\r\n  \"msg\" : \"操作成功\",\r\n  \"code\" : 0\r\n}', 0, NULL, '2020-10-11 15:50:32');
INSERT INTO `sys_oper_log` VALUES (293, '代码生成', 2, 'com.ruoyi.generator.controller.GenController.editSave()', 'POST', 1, 'admin', '电视频道', '/yttv/tool/gen/edit', '127.0.0.1', '内网IP', '{\"tableId\":[\"14\"],\"tableName\":[\"sys_recently\"],\"tableComment\":[\"右侧最近记录板块\"],\"className\":[\"Recently\"],\"functionAuthor\":[\"yttv-platform\"],\"remark\":[\"\"],\"columns[0].columnId\":[\"120\"],\"columns[0].sort\":[\"1\"],\"columns[0].columnComment\":[\"最近记录id\"],\"columns[0].javaType\":[\"Integer\"],\"columns[0].javaField\":[\"recentlyId\"],\"columns[0].isInsert\":[\"1\"],\"columns[0].isList\":[\"1\"],\"columns[0].isQuery\":[\"1\"],\"columns[0].queryType\":[\"EQ\"],\"columns[0].htmlType\":[\"input\"],\"columns[0].dictType\":[\"\"],\"columns[1].columnId\":[\"121\"],\"columns[1].sort\":[\"2\"],\"columns[1].columnComment\":[\"最近博客Id\"],\"columns[1].javaType\":[\"Integer\"],\"columns[1].javaField\":[\"blogId\"],\"columns[1].isInsert\":[\"1\"],\"columns[1].isEdit\":[\"1\"],\"columns[1].isList\":[\"1\"],\"columns[1].isQuery\":[\"1\"],\"columns[1].queryType\":[\"EQ\"],\"columns[1].isRequired\":[\"1\"],\"columns[1].htmlType\":[\"input\"],\"columns[1].dictType\":[\"\"],\"columns[2].columnId\":[\"122\"],\"columns[2].sort\":[\"3\"],\"columns[2].columnComment\":[\"创建时间\"],\"columns[2].javaType\":[\"Date\"],\"columns[2].javaField\":[\"createTime\"],\"columns[2].isInsert\":[\"1\"],\"columns[2].queryType\":[\"EQ\"],\"columns[2].isRequired\":[\"1\"],\"columns[2].htmlType\":[\"datetime\"],\"columns[2].dictType\":[\"\"],\"columns[3].columnId\":[\"123\"],\"columns[3].sort\":[\"4\"],\"columns[3].columnComment\":[\"更新时间\"],\"columns[3].javaType\":[\"Date\"],\"columns[3].javaField\":[\"updateTime\"],\"columns[3].isInsert\":[\"1\"],\"columns[3].isEdit\":[\"1\"],\"columns[3].queryType\":[\"EQ\"],\"columns[3].isRequired\":[\"1\"],\"columns[3].htmlType\":[\"datetime\"],\"columns[3].dictType\":[\"\"],\"columns[4].columnId\":[\"124\"],\"columns[4].sort\":[\"5\"],\"columns[4].columnComment\":[\"创建者\"],\"columns[4].javaType\":[\"String\"],\"columns[4].javaField\":[\"createBy\"],\"columns[4].isInsert\":[\"1\"],\"columns[4].queryType\":[\"EQ\"],\"columns[4].isRequired\":[\"1\"],\"columns[4].htmlType\":[\"input\"],\"columns[4].dictType\":[\"\"],\"columns[5].columnId\":[\"125\"],\"columns[5].sort\":[\"6\"],\"columns[5].columnComment\":[\"更新者\"],\"columns[5].javaType\":[\"String\"],\"columns[5].javaField\":[\"updateBy\"],\"columns[5].isInsert\":[\"', '{\r\n  \"msg\" : \"操作成功\",\r\n  \"code\" : 0\r\n}', 0, NULL, '2020-10-11 15:51:09');
INSERT INTO `sys_oper_log` VALUES (294, '代码生成', 8, 'com.ruoyi.generator.controller.GenController.download()', 'GET', 1, 'admin', '电视频道', '/yttv/tool/gen/download/sys_recently', '127.0.0.1', '内网IP', NULL, 'null', 0, NULL, '2020-10-11 15:51:13');
INSERT INTO `sys_oper_log` VALUES (295, '代码生成', 8, 'com.ruoyi.generator.controller.GenController.download()', 'GET', 1, 'admin', '电视频道', '/yttv/tool/gen/download/sys_recently', '127.0.0.1', '内网IP', NULL, 'null', 0, NULL, '2020-10-11 15:51:13');
INSERT INTO `sys_oper_log` VALUES (296, '代码生成', 2, 'com.ruoyi.generator.controller.GenController.editSave()', 'POST', 1, 'admin', '电视频道', '/yttv/tool/gen/edit', '127.0.0.1', '内网IP', '{\"tableId\":[\"14\"],\"tableName\":[\"sys_recently\"],\"tableComment\":[\"右侧最近记录板块\"],\"className\":[\"Recently\"],\"functionAuthor\":[\"yttv-platform\"],\"remark\":[\"\"],\"columns[0].columnId\":[\"120\"],\"columns[0].sort\":[\"1\"],\"columns[0].columnComment\":[\"最近记录id\"],\"columns[0].javaType\":[\"Integer\"],\"columns[0].javaField\":[\"recentlyId\"],\"columns[0].isInsert\":[\"1\"],\"columns[0].isList\":[\"1\"],\"columns[0].isQuery\":[\"1\"],\"columns[0].queryType\":[\"EQ\"],\"columns[0].htmlType\":[\"input\"],\"columns[0].dictType\":[\"\"],\"columns[1].columnId\":[\"121\"],\"columns[1].sort\":[\"2\"],\"columns[1].columnComment\":[\"最近博客Id\"],\"columns[1].javaType\":[\"Integer\"],\"columns[1].javaField\":[\"blogId\"],\"columns[1].isInsert\":[\"1\"],\"columns[1].isEdit\":[\"1\"],\"columns[1].isList\":[\"1\"],\"columns[1].isQuery\":[\"1\"],\"columns[1].queryType\":[\"EQ\"],\"columns[1].isRequired\":[\"1\"],\"columns[1].htmlType\":[\"input\"],\"columns[1].dictType\":[\"\"],\"columns[2].columnId\":[\"122\"],\"columns[2].sort\":[\"3\"],\"columns[2].columnComment\":[\"创建时间\"],\"columns[2].javaType\":[\"Date\"],\"columns[2].javaField\":[\"createTime\"],\"columns[2].isInsert\":[\"1\"],\"columns[2].queryType\":[\"EQ\"],\"columns[2].isRequired\":[\"1\"],\"columns[2].htmlType\":[\"datetime\"],\"columns[2].dictType\":[\"\"],\"columns[3].columnId\":[\"123\"],\"columns[3].sort\":[\"4\"],\"columns[3].columnComment\":[\"更新时间\"],\"columns[3].javaType\":[\"Date\"],\"columns[3].javaField\":[\"updateTime\"],\"columns[3].isInsert\":[\"1\"],\"columns[3].isEdit\":[\"1\"],\"columns[3].queryType\":[\"EQ\"],\"columns[3].isRequired\":[\"1\"],\"columns[3].htmlType\":[\"datetime\"],\"columns[3].dictType\":[\"\"],\"columns[4].columnId\":[\"124\"],\"columns[4].sort\":[\"5\"],\"columns[4].columnComment\":[\"创建者\"],\"columns[4].javaType\":[\"String\"],\"columns[4].javaField\":[\"createBy\"],\"columns[4].isInsert\":[\"1\"],\"columns[4].queryType\":[\"EQ\"],\"columns[4].isRequired\":[\"1\"],\"columns[4].htmlType\":[\"input\"],\"columns[4].dictType\":[\"\"],\"columns[5].columnId\":[\"125\"],\"columns[5].sort\":[\"6\"],\"columns[5].columnComment\":[\"更新者\"],\"columns[5].javaType\":[\"String\"],\"columns[5].javaField\":[\"updateBy\"],\"columns[5].isInsert\":[\"', '{\r\n  \"msg\" : \"操作成功\",\r\n  \"code\" : 0\r\n}', 0, NULL, '2020-10-11 15:54:01');
INSERT INTO `sys_oper_log` VALUES (297, '代码生成', 8, 'com.ruoyi.generator.controller.GenController.download()', 'GET', 1, 'admin', '电视频道', '/yttv/tool/gen/download/sys_recently', '127.0.0.1', '内网IP', NULL, 'null', 0, NULL, '2020-10-11 15:54:03');
INSERT INTO `sys_oper_log` VALUES (298, '代码生成', 8, 'com.ruoyi.generator.controller.GenController.download()', 'GET', 1, 'admin', '电视频道', '/yttv/tool/gen/download/sys_recently', '127.0.0.1', '内网IP', NULL, 'null', 0, NULL, '2020-10-11 15:54:04');
INSERT INTO `sys_oper_log` VALUES (299, '代码生成', 2, 'com.ruoyi.generator.controller.GenController.editSave()', 'POST', 1, 'admin', '电视频道', '/yttv/tool/gen/edit', '127.0.0.1', '内网IP', '{\"tableId\":[\"11\"],\"tableName\":[\"sys_author_main\"],\"tableComment\":[\"主页介绍板块\"],\"className\":[\"AuthorMain\"],\"functionAuthor\":[\"yttv-platform\"],\"remark\":[\"\"],\"columns[0].columnId\":[\"97\"],\"columns[0].sort\":[\"1\"],\"columns[0].columnComment\":[\"主页介绍id\"],\"columns[0].javaType\":[\"Integer\"],\"columns[0].javaField\":[\"authorId\"],\"columns[0].isInsert\":[\"1\"],\"columns[0].isEdit\":[\"1\"],\"columns[0].isList\":[\"1\"],\"columns[0].isQuery\":[\"1\"],\"columns[0].queryType\":[\"EQ\"],\"columns[0].htmlType\":[\"input\"],\"columns[0].dictType\":[\"\"],\"columns[1].columnId\":[\"98\"],\"columns[1].sort\":[\"2\"],\"columns[1].columnComment\":[\"主页介绍博客Id\"],\"columns[1].javaType\":[\"Long\"],\"columns[1].javaField\":[\"blogId\"],\"columns[1].isInsert\":[\"1\"],\"columns[1].isEdit\":[\"1\"],\"columns[1].isList\":[\"1\"],\"columns[1].isQuery\":[\"1\"],\"columns[1].queryType\":[\"EQ\"],\"columns[1].isRequired\":[\"1\"],\"columns[1].htmlType\":[\"radio\"],\"columns[1].dictType\":[\"\"],\"columns[2].columnId\":[\"99\"],\"columns[2].sort\":[\"3\"],\"columns[2].columnComment\":[\"创建时间\"],\"columns[2].javaType\":[\"Date\"],\"columns[2].javaField\":[\"createTime\"],\"columns[2].isInsert\":[\"1\"],\"columns[2].queryType\":[\"EQ\"],\"columns[2].isRequired\":[\"1\"],\"columns[2].htmlType\":[\"datetime\"],\"columns[2].dictType\":[\"\"],\"columns[3].columnId\":[\"100\"],\"columns[3].sort\":[\"4\"],\"columns[3].columnComment\":[\"更新时间\"],\"columns[3].javaType\":[\"Date\"],\"columns[3].javaField\":[\"updateTime\"],\"columns[3].isInsert\":[\"1\"],\"columns[3].isEdit\":[\"1\"],\"columns[3].queryType\":[\"EQ\"],\"columns[3].htmlType\":[\"datetime\"],\"columns[3].dictType\":[\"\"],\"columns[4].columnId\":[\"101\"],\"columns[4].sort\":[\"5\"],\"columns[4].columnComment\":[\"创建者\"],\"columns[4].javaType\":[\"String\"],\"columns[4].javaField\":[\"createBy\"],\"columns[4].isInsert\":[\"1\"],\"columns[4].queryType\":[\"EQ\"],\"columns[4].isRequired\":[\"1\"],\"columns[4].htmlType\":[\"input\"],\"columns[4].dictType\":[\"\"],\"columns[5].columnId\":[\"102\"],\"columns[5].sort\":[\"6\"],\"columns[5].columnComment\":[\"更新者\"],\"columns[5].javaType\":[\"String\"],\"columns[5].javaField\":[\"updateBy\"],\"columns[5].isInsert\":[\"1\"],\"co', '{\r\n  \"msg\" : \"操作成功\",\r\n  \"code\" : 0\r\n}', 0, NULL, '2020-10-11 16:22:48');
INSERT INTO `sys_oper_log` VALUES (300, '代码生成', 8, 'com.ruoyi.generator.controller.GenController.download()', 'GET', 1, 'admin', '电视频道', '/yttv/tool/gen/download/sys_author_main', '127.0.0.1', '内网IP', NULL, 'null', 0, NULL, '2020-10-11 16:23:40');
INSERT INTO `sys_oper_log` VALUES (301, '代码生成', 8, 'com.ruoyi.generator.controller.GenController.download()', 'GET', 1, 'admin', '电视频道', '/yttv/tool/gen/download/sys_author_main', '127.0.0.1', '内网IP', NULL, 'null', 0, NULL, '2020-10-11 16:23:40');
INSERT INTO `sys_oper_log` VALUES (302, '代码生成', 2, 'com.ruoyi.generator.controller.GenController.editSave()', 'POST', 1, 'admin', '电视频道', '/yttv/tool/gen/edit', '127.0.0.1', '内网IP', '{\"tableId\":[\"11\"],\"tableName\":[\"sys_author_main\"],\"tableComment\":[\"主页介绍板块\"],\"className\":[\"AuthorMain\"],\"functionAuthor\":[\"yttv-platform\"],\"remark\":[\"\"],\"columns[0].columnId\":[\"97\"],\"columns[0].sort\":[\"1\"],\"columns[0].columnComment\":[\"主页介绍id\"],\"columns[0].javaType\":[\"Integer\"],\"columns[0].javaField\":[\"authorId\"],\"columns[0].isInsert\":[\"1\"],\"columns[0].isEdit\":[\"1\"],\"columns[0].isList\":[\"1\"],\"columns[0].isQuery\":[\"1\"],\"columns[0].queryType\":[\"EQ\"],\"columns[0].htmlType\":[\"input\"],\"columns[0].dictType\":[\"\"],\"columns[1].columnId\":[\"98\"],\"columns[1].sort\":[\"2\"],\"columns[1].columnComment\":[\"主页介绍博客Id\"],\"columns[1].javaType\":[\"Long\"],\"columns[1].javaField\":[\"blogId\"],\"columns[1].isInsert\":[\"1\"],\"columns[1].isEdit\":[\"1\"],\"columns[1].isList\":[\"1\"],\"columns[1].isQuery\":[\"1\"],\"columns[1].queryType\":[\"EQ\"],\"columns[1].isRequired\":[\"1\"],\"columns[1].htmlType\":[\"radio\"],\"columns[1].dictType\":[\"\"],\"columns[2].columnId\":[\"99\"],\"columns[2].sort\":[\"3\"],\"columns[2].columnComment\":[\"创建时间\"],\"columns[2].javaType\":[\"Date\"],\"columns[2].javaField\":[\"createTime\"],\"columns[2].isInsert\":[\"1\"],\"columns[2].queryType\":[\"EQ\"],\"columns[2].isRequired\":[\"1\"],\"columns[2].htmlType\":[\"datetime\"],\"columns[2].dictType\":[\"\"],\"columns[3].columnId\":[\"100\"],\"columns[3].sort\":[\"4\"],\"columns[3].columnComment\":[\"更新时间\"],\"columns[3].javaType\":[\"Date\"],\"columns[3].javaField\":[\"updateTime\"],\"columns[3].isInsert\":[\"1\"],\"columns[3].isEdit\":[\"1\"],\"columns[3].queryType\":[\"EQ\"],\"columns[3].htmlType\":[\"datetime\"],\"columns[3].dictType\":[\"\"],\"columns[4].columnId\":[\"101\"],\"columns[4].sort\":[\"5\"],\"columns[4].columnComment\":[\"创建者\"],\"columns[4].javaType\":[\"String\"],\"columns[4].javaField\":[\"createBy\"],\"columns[4].isInsert\":[\"1\"],\"columns[4].queryType\":[\"EQ\"],\"columns[4].isRequired\":[\"1\"],\"columns[4].htmlType\":[\"input\"],\"columns[4].dictType\":[\"\"],\"columns[5].columnId\":[\"102\"],\"columns[5].sort\":[\"6\"],\"columns[5].columnComment\":[\"更新者\"],\"columns[5].javaType\":[\"String\"],\"columns[5].javaField\":[\"updateBy\"],\"columns[5].isInsert\":[\"1\"],\"co', '{\r\n  \"msg\" : \"操作成功\",\r\n  \"code\" : 0\r\n}', 0, NULL, '2020-10-11 16:33:29');
INSERT INTO `sys_oper_log` VALUES (303, '代码生成', 8, 'com.ruoyi.generator.controller.GenController.download()', 'GET', 1, 'admin', '电视频道', '/yttv/tool/gen/download/sys_author_main', '127.0.0.1', '内网IP', NULL, 'null', 0, NULL, '2020-10-11 16:33:38');
INSERT INTO `sys_oper_log` VALUES (304, '代码生成', 8, 'com.ruoyi.generator.controller.GenController.download()', 'GET', 1, 'admin', '电视频道', '/yttv/tool/gen/download/sys_author_main', '127.0.0.1', '内网IP', NULL, 'null', 0, NULL, '2020-10-11 16:33:38');
INSERT INTO `sys_oper_log` VALUES (305, '博客展示', 2, 'com.ruoyi.web.platform.blog.controller.BlogController.editSave()', 'POST', 1, 'admin', '电视频道', '/yttv/admin/blog/edit', '127.0.0.1', '内网IP', '{\"blogId\":[\"10\"],\"blogTitle\":[\"全力以赴高质量打赢脱贫攻坚战！曹路宝赴响水走访慰问困难群众、调研脱贫攻坚工作\"],\"blogType\":[\"4\"],\"blogContent\":[\"<p style=\\\"padding: 0px; margin: 10px auto 0px; border: 0px; font-size: 14px; outline: 0px; text-indent: 2em; line-height: 27px; color: rgb(70, 70, 70); font-family: simsun, arial;\\\">10月12日上午，市长曹路宝到挂钩帮扶的经济薄弱村响水县徐洪村走访慰问困难群众、调研脱贫攻坚工作，强调要深入学习贯彻习近平总书记重要讲话精神，始终坚持以人民为中心，大力实施乡村振兴战略，以有效措施巩固脱贫、防止返贫，奋力夺取脱贫攻坚战的最终胜利。</p><p style=\\\"padding: 0px; margin: 10px auto 0px; border: 0px; font-size: 14px; outline: 0px; text-indent: 2em; line-height: 27px; color: rgb(70, 70, 70); font-family: simsun, arial;\\\">遍野黄金稻，满目丰收景。曹路宝来到小尖镇徐洪村低收入农户家中，送上市委市政府的关心和温暖。陈永夫妇长期患病，曹路宝勉励他们坚定信心，相信生活会越来越好。82岁的季言法动过3次手术，行动不便；汪秀云今年77岁，丈夫、儿子患病去世，独自一人生活。曹路宝仔细询问生活情况，要求镇村负责同志重点关注特别困难群众，精准帮扶易贫返贫群体，确保在全面脱贫奔小康的路上一个不少、一户不落。</p><p style=\\\"padding: 0px; margin: 10px auto 0px; border: 0px; font-size: 14px; outline: 0px; text-indent: 2em; line-height: 27px; color: rgb(70, 70, 70); font-family: simsun, arial;\\\">在徐洪村党群服务中心，曹路宝主持召开座谈会，与县、镇、村负责同志和群众代表深入交流，了解脱贫攻坚工作情况，对当地干群联系紧密、村容村貌越来越好、群众生活条件改善表示肯定。他强调，今年是决胜全面小康、决战脱贫攻坚的收官之年，各级干部要深入贯彻落实党和国家决策部署，深入基层听民声，进村入户访民情，帮助解决实际困难，坚决打赢脱贫攻坚战。小尖镇、徐洪村要充分发挥区位交通优势，围绕主干道路发展服务业等产业，推动乡村全面振兴，以提升整体发展水平带动脱贫。要更大力度推动农民住房条件改善，切实转变思想观念，按照市委市政府明确要求，鼓励群众进城入镇，嵌入式、插花式建设集中居住点，推动新老村庄有机融合。要创造更多就业创业机会，鼓励村民返乡兴业，激发脱贫内生动力，多措并举扩大增收渠道，以脱贫攻坚的过硬工作成果交上一份满意答卷。</p><p style=\\\"padding: 0px; margin: 10px auto 0px; border: 0px; font-size: 14px; outline: 0px; text-indent: 2em; line-height: 27px; color: rgb(70, 70, 70); font-family: simsun, arial;\\\">204国道改道后穿越徐洪村，曹路宝对照图纸现场察看工程建设进度，了解线路走向、服务区选址等情况，要求高标准高质量建设，确保这条幸福大道早日通车。他指出，响水县要顺应204国道改道带来的城市格局变化，转变发展思路，推动县城与小尖镇相向而行、一体化发展，形成整体发展良好格局。曹路宝还察看了陈家港镇六港村新型社区和草港河道疏浚等项目建设，肯定了响水按流域治理乡村河道的思路与工作成效，要求加快完善配套设施，加强农村河道治理力度，努力打造农村新型社区样板。</p><p style=\\\"padding: 0px; margin: 10px auto 0px; border: 0px; font-size: 14px; outline: 0px; text-indent: 2em; line-height: 27px; color: rgb(70, 70, 70); font-family: simsun, arial;\\\">市政府秘书长郭玉生参加。</p>\"],\"blogPicture\":[\"http://localhost:8080/yttv/profile/upl', '{\r\n  \"msg\" : \"操作成功\",\r\n  \"code\" : 0\r\n}', 0, NULL, '2020-10-13 12:05:35');
INSERT INTO `sys_oper_log` VALUES (306, '博客展示', 2, 'com.ruoyi.web.platform.blog.controller.BlogController.editSave()', 'POST', 1, 'admin', '电视频道', '/yttv/admin/blog/edit', '127.0.0.1', '内网IP', '{\"blogId\":[\"11\"],\"blogTitle\":[\"Last Dance – 伍佰 & China Blue\"],\"blogType\":[\"1\"],\"blogContent\":[\"<p><footer class=\\\"entry-footer\\\" style=\\\"box-sizing: inherit; display: block; background-color: rgb(247, 247, 247); color: rgba(51, 51, 51, 0.7); font-family: &quot;Noto Sans&quot;, sans-serif; font-size: 1.6rem; line-height: 1.5; padding: 41.2625px 82.525px; font-style: normal; font-variant-ligatures: normal; font-variant-caps: normal; font-weight: 400; letter-spacing: normal; orphans: 2; text-align: start; text-indent: 0px; text-transform: none; white-space: normal; widows: 2; word-spacing: 0px; -webkit-text-stroke-width: 0px; text-decoration-style: initial; text-decoration-color: initial;\\\"><span class=\\\"posted-on\\\" style=\\\"box-sizing: inherit; border: 0px; font-family: inherit; font-size: 16px; font-style: inherit; font-weight: inherit; margin: 0px 1em 0px 0px; outline: 0px; padding: 0px; vertical-align: baseline;\\\"></span></footer></p><div class=\\\"entry-content\\\" style=\\\"box-sizing: inherit; border: 0px; font-family: &quot;Noto Serif&quot;, serif; font-size: 19px; font-style: normal; font-weight: 400; margin: 0px; outline: 0px; padding: 0px 82.525px 82.525px; vertical-align: baseline; overflow-wrap: break-word; color: rgb(51, 51, 51); font-variant-ligatures: normal; font-variant-caps: normal; letter-spacing: normal; orphans: 2; text-align: start; text-indent: 0px; text-transform: none; white-space: normal; widows: 2; word-spacing: 0px; -webkit-text-stroke-width: 0px; text-decoration-style: initial; text-decoration-color: initial;\\\"><p style=\\\"box-sizing: inherit; border: 0px; font-family: inherit; font-size: 19px; font-style: inherit; font-weight: inherit; margin: 0px 0px 1.6842em; outline: 0px; padding: 0px; vertical-align: baseline;\\\">看剧时获悉这首歌。来自前几集疯狂吐槽，从安平十三妹开始渐入佳境，看完后直接在豆瓣给到满星的台剧《想见你》。<br style=\\\"box-sizing: inherit;\\\"><br style=\\\"box-sizing: inherit;\\\">NAS 24小时不间断下载再加上疫情在家，最近影视剧看的比较多，把《命运石之门0》给补完后，没想到立刻还能碰到一部类似题材且同样精彩的真人剧，让从不看台湾偶像剧的我大吃一惊。不仅如此，那么大年纪了看完还能有点小中毒，程度不', '{\r\n  \"msg\" : \"操作成功\",\r\n  \"code\" : 0\r\n}', 0, NULL, '2020-10-13 14:13:38');
INSERT INTO `sys_oper_log` VALUES (307, '博客展示', 2, 'com.ruoyi.web.platform.blog.controller.BlogController.editSave()', 'POST', 1, 'admin', '电视频道', '/yttv/admin/blog/edit', '127.0.0.1', '内网IP', '{\"blogId\":[\"12\"],\"blogTitle\":[\"世界上8个最惊心动魄的景点\"],\"blogType\":[\"2\"],\"blogContent\":[\"<p style=\\\"margin-bottom: 16px; color: rgb(68, 68, 68); font-family: &quot;Microsoft Yahei&quot;, &quot;Helvetica Neue&quot;, Helvetica, Arial, sans-serif; font-size: 15px;\\\">小伙伴们，每到假期是不是都有些烦躁呢？因为不知道要怎么度过，想要出去玩时，但是一想到那些景点人满为患就瞬间没了兴致。不过，还是有一些风景独到的地方并没有那么多人哟。如果你不恐高，够勇敢，想要看到不一样的风景的话，就仔细看看今天置顶表情小编给你介绍的世界上令人惊心动魄的八个景点吧！</p><h2 style=\\\"font-family: &quot;Microsoft Yahei&quot;, &quot;Helvetica Neue&quot;, Helvetica, Arial, sans-serif; line-height: 18px; color: rgb(68, 68, 68); margin: 16px 0px; font-size: 18px; padding: 10px 0px; border-bottom: 1px solid rgb(238, 238, 238);\\\">挪威布道石</h2><p style=\\\"margin-bottom: 16px; color: rgb(68, 68, 68); font-family: &quot;Microsoft Yahei&quot;, &quot;Helvetica Neue&quot;, Helvetica, Arial, sans-serif; font-size: 15px;\\\"><img title=\\\"世界上8个最惊心动魄的景点(图1)\\\" class=\\\"alignnone size-full wp-image-8691\\\" src=\\\"http://www.wenib.com/uploads/ueditor/20190221/5c6e03a7583e0.png\\\" alt=\\\"世界上8个最惊心动魄的景点--置顶表情\\\" width=\\\"700\\\" height=\\\"880\\\" data-tag=\\\"bdshare\\\" style=\\\"max-width: 100%; margin: 0px auto 20px; display: block; height: auto;\\\"></p><p style=\\\"margin-bottom: 16px; color: rgb(68, 68, 68); font-family: &quot;Microsoft Yahei&quot;, &quot;Helvetica Neue&quot;, Helvetica, Arial, sans-serif; font-size: 15px;\\\"><img title=\\\"世界上8个最惊心动魄的景点(图2)\\\" class=\\\"alignnone size-full wp-image-8692\\\" src=\\\"http://www.wenib.com/uploads/ueditor/20190221/5c6e03a759514.png\\\" alt=\\\"世界上8个最惊心动魄的景点--置顶表情\\\" width=\\\"700\\\" height=\\\"522\\\" data-tag=\\\"bdshare\\\" style=\\\"max-width: 100%; margin: 0px auto 20px; display: block; height: auto;\\\"><br>地处挪威南部，靠近斯塔万格市的吕瑟峡湾中部，是一道悬崖断壁，高604米，直立于峡湾深处的崇山峻岭中，顶部有25平方米的平台，在这里，你可以俯瞰蜿蜒美丽的峡湾，远处起伏苍翠的山峦，不过，这个平台周围是没有围栏的，所以如果你没有足够的心理准备还是不要上去哦！</p><p style=\\\"margin-bottom: 16px; color: rgb(68, 68, 68); font-family: &quot;Microsoft Yahei&quot;, &quot;Helvetica Neue&quot;, Helvetica, Arial, sans-serif; font-size: 15px;\\\">&nbsp;</p><h2 style=\\\"font-family: &quot;Microsoft Yahei&', 'null', 1, '\r\n### Error updating database.  Cause: com.mysql.cj.jdbc.exceptions.MysqlDataTruncation: Data truncation: Data too long for column \'blog_content\' at row 1\r\n### The error may involve com.ruoyi.web.platform.blog.mapper.BlogMapper.updateBlog-Inline\r\n### The error occurred while setting parameters\r\n### SQL: update sys_blog          SET blog_title = ?,             blog_type = ?,             blog_content = ?,             blog_picture = ?,             blog_simple = ?,             status = ?,                                       update_by = ?,             update_time = ?          where blog_id = ?\r\n### Cause: com.mysql.cj.jdbc.exceptions.MysqlDataTruncation: Data truncation: Data too long for column \'blog_content\' at row 1\n; Data truncation: Data too long for column \'blog_content\' at row 1; nested exception is com.mysql.cj.jdbc.exceptions.MysqlDataTruncation: Data truncation: Data too long for column \'blog_content\' at row 1', '2020-10-13 14:17:28');
INSERT INTO `sys_oper_log` VALUES (308, '博客展示', 2, 'com.ruoyi.web.platform.blog.controller.BlogController.editSave()', 'POST', 1, 'admin', '电视频道', '/yttv/admin/blog/edit', '127.0.0.1', '内网IP', '{\"blogId\":[\"12\"],\"blogTitle\":[\"世界上8个最惊心动魄的景点\"],\"blogType\":[\"2\"],\"blogContent\":[\"<p style=\\\"margin-bottom: 16px; color: rgb(68, 68, 68); font-family: &quot;Microsoft Yahei&quot;, &quot;Helvetica Neue&quot;, Helvetica, Arial, sans-serif; font-size: 15px;\\\">小伙伴们，每到假期是不是都有些烦躁呢？因为不知道要怎么度过，想要出去玩时，但是一想到那些景点人满为患就瞬间没了兴致。不过，还是有一些风景独到的地方并没有那么多人哟。如果你不恐高，够勇敢，想要看到不一样的风景的话，就仔细看看今天置顶表情小编给你介绍的世界上令人惊心动魄的八个景点吧！</p><h2 style=\\\"font-family: &quot;Microsoft Yahei&quot;, &quot;Helvetica Neue&quot;, Helvetica, Arial, sans-serif; line-height: 18px; color: rgb(68, 68, 68); margin: 16px 0px; font-size: 18px; padding: 10px 0px; border-bottom: 1px solid rgb(238, 238, 238);\\\">挪威布道石</h2><p style=\\\"margin-bottom: 16px; color: rgb(68, 68, 68); font-family: &quot;Microsoft Yahei&quot;, &quot;Helvetica Neue&quot;, Helvetica, Arial, sans-serif; font-size: 15px;\\\"><img title=\\\"世界上8个最惊心动魄的景点(图1)\\\" class=\\\"alignnone size-full wp-image-8691\\\" src=\\\"http://www.wenib.com/uploads/ueditor/20190221/5c6e03a7583e0.png\\\" alt=\\\"世界上8个最惊心动魄的景点--置顶表情\\\" width=\\\"700\\\" height=\\\"880\\\" data-tag=\\\"bdshare\\\" style=\\\"max-width: 100%; margin: 0px auto 20px; display: block; height: auto;\\\"></p><p style=\\\"margin-bottom: 16px; color: rgb(68, 68, 68); font-family: &quot;Microsoft Yahei&quot;, &quot;Helvetica Neue&quot;, Helvetica, Arial, sans-serif; font-size: 15px;\\\"><img title=\\\"世界上8个最惊心动魄的景点(图2)\\\" class=\\\"alignnone size-full wp-image-8692\\\" src=\\\"http://www.wenib.com/uploads/ueditor/20190221/5c6e03a759514.png\\\" alt=\\\"世界上8个最惊心动魄的景点--置顶表情\\\" width=\\\"700\\\" height=\\\"522\\\" data-tag=\\\"bdshare\\\" style=\\\"max-width: 100%; margin: 0px auto 20px; display: block; height: auto;\\\"><br>地处挪威南部，靠近斯塔万格市的吕瑟峡湾中部，是一道悬崖断壁，高604米，直立于峡湾深处的崇山峻岭中，顶部有25平方米的平台，在这里，你可以俯瞰蜿蜒美丽的峡湾，远处起伏苍翠的山峦，不过，这个平台周围是没有围栏的，所以如果你没有足够的心理准备还是不要上去哦！</p><p style=\\\"margin-bottom: 16px; color: rgb(68, 68, 68); font-family: &quot;Microsoft Yahei&quot;, &quot;Helvetica Neue&quot;, Helvetica, Arial, sans-serif; font-size: 15px;\\\">&nbsp;</p><h2 style=\\\"font-family: &quot;Microsoft Yahei&', '{\r\n  \"msg\" : \"操作成功\",\r\n  \"code\" : 0\r\n}', 0, NULL, '2020-10-13 14:19:31');
INSERT INTO `sys_oper_log` VALUES (309, '博客展示', 2, 'com.ruoyi.web.platform.blog.controller.BlogController.editSave()', 'POST', 1, 'admin', '电视频道', '/yttv/admin/blog/edit', '127.0.0.1', '内网IP', '{\"blogId\":[\"14\"],\"blogTitle\":[\"旅行5\"],\"blogType\":[\"2\"],\"blogContent\":[\"<p>旅行3<br></p>\"],\"blogPicture\":[\"http://127.0.0.1:8080/yttv/profile/upload/2020/10/13/d087c0c8-8fba-4873-bc60-dea4e87cb19f.png\"],\"blogSimple\":[\"旅行3\"],\"status\":[\"0\"]}', '{\r\n  \"msg\" : \"操作成功\",\r\n  \"code\" : 0\r\n}', 0, NULL, '2020-10-13 14:35:57');
INSERT INTO `sys_oper_log` VALUES (310, '博客展示', 2, 'com.ruoyi.web.platform.blog.controller.BlogController.editSave()', 'POST', 1, 'admin', '电视频道', '/yttv/admin/blog/edit', '127.0.0.1', '内网IP', '{\"blogId\":[\"15\"],\"blogTitle\":[\"旅行6\"],\"blogType\":[\"2\"],\"blogContent\":[\"<p>旅行3<br></p>\"],\"blogPicture\":[\"http://127.0.0.1:8080/yttv/profile/upload/2020/10/13/266d2cd5-7025-4879-8208-22f8fa421617.png\"],\"blogSimple\":[\"旅行3\"],\"status\":[\"0\"]}', '{\r\n  \"msg\" : \"操作成功\",\r\n  \"code\" : 0\r\n}', 0, NULL, '2020-10-13 14:36:51');
INSERT INTO `sys_oper_log` VALUES (311, '博客展示', 2, 'com.ruoyi.web.platform.blog.controller.BlogController.editSave()', 'POST', 1, 'admin', '电视频道', '/yttv/admin/blog/edit', '127.0.0.1', '内网IP', '{\"blogId\":[\"12\"],\"blogTitle\":[\"世界上8个最惊心动魄的景点\"],\"blogType\":[\"2\"],\"blogContent\":[\"<p style=\\\"margin-bottom: 16px; color: rgb(68, 68, 68); font-family: &quot;Microsoft Yahei&quot;, &quot;Helvetica Neue&quot;, Helvetica, Arial, sans-serif; font-size: 15px;\\\">小伙伴们，每到假期是不是都有些烦躁呢？因为不知道要怎么度过，想要出去玩时，但是一想到那些景点人满为患就瞬间没了兴致。不过，还是有一些风景独到的地方并没有那么多人哟。如果你不恐高，够勇敢，想要看到不一样的风景的话，就仔细看看今天置顶表情小编给你介绍的世界上令人惊心动魄的八个景点吧！</p><h2 style=\\\"font-family: &quot;Microsoft Yahei&quot;, &quot;Helvetica Neue&quot;, Helvetica, Arial, sans-serif; line-height: 18px; color: rgb(68, 68, 68); margin: 16px 0px; font-size: 18px; padding: 10px 0px; border-bottom: 1px solid rgb(238, 238, 238);\\\">挪威布道石</h2><p style=\\\"margin-bottom: 16px; color: rgb(68, 68, 68); font-family: &quot;Microsoft Yahei&quot;, &quot;Helvetica Neue&quot;, Helvetica, Arial, sans-serif; font-size: 15px;\\\"><img title=\\\"世界上8个最惊心动魄的景点(图1)\\\" class=\\\"alignnone size-full wp-image-8691\\\" src=\\\"http://www.wenib.com/uploads/ueditor/20190221/5c6e03a7583e0.png\\\" alt=\\\"世界上8个最惊心动魄的景点--置顶表情\\\" width=\\\"700\\\" height=\\\"880\\\" data-tag=\\\"bdshare\\\" style=\\\"max-width: 100%; margin: 0px auto 20px; display: block; height: auto;\\\"></p><p style=\\\"margin-bottom: 16px; color: rgb(68, 68, 68); font-family: &quot;Microsoft Yahei&quot;, &quot;Helvetica Neue&quot;, Helvetica, Arial, sans-serif; font-size: 15px;\\\"><img title=\\\"世界上8个最惊心动魄的景点(图2)\\\" class=\\\"alignnone size-full wp-image-8692\\\" src=\\\"http://www.wenib.com/uploads/ueditor/20190221/5c6e03a759514.png\\\" alt=\\\"世界上8个最惊心动魄的景点--置顶表情\\\" width=\\\"700\\\" height=\\\"522\\\" data-tag=\\\"bdshare\\\" style=\\\"max-width: 100%; margin: 0px auto 20px; display: block; height: auto;\\\"><br>地处挪威南部，靠近斯塔万格市的吕瑟峡湾中部，是一道悬崖断壁，高604米，直立于峡湾深处的崇山峻岭中，顶部有25平方米的平台，在这里，你可以俯瞰蜿蜒美丽的峡湾，远处起伏苍翠的山峦，不过，这个平台周围是没有围栏的，所以如果你没有足够的心理准备还是不要上去哦！</p><p style=\\\"margin-bottom: 16px; color: rgb(68, 68, 68); font-family: &quot;Microsoft Yahei&quot;, &quot;Helvetica Neue&quot;, Helvetica, Arial, sans-serif; font-size: 15px;\\\">&nbsp;</p><h2 style=\\\"font-family: &quot;Microsoft Yahei&', '{\r\n  \"msg\" : \"操作成功\",\r\n  \"code\" : 0\r\n}', 0, NULL, '2020-10-13 14:44:00');
INSERT INTO `sys_oper_log` VALUES (312, '右侧最近记录板块', 3, 'com.ruoyi.web.platform.recently.controller.RecentlyController.remove()', 'POST', 1, 'admin', '电视频道', '/yttv/admin/recently/remove', '127.0.0.1', '内网IP', '{\"ids\":[\"1\"]}', '{\r\n  \"msg\" : \"操作成功\",\r\n  \"code\" : 0\r\n}', 0, NULL, '2020-10-13 14:48:26');
INSERT INTO `sys_oper_log` VALUES (313, '右侧最近记录板块', 1, 'com.ruoyi.web.platform.recently.controller.RecentlyController.addSave()', 'POST', 1, 'admin', '电视频道', '/yttv/admin/recently/add', '127.0.0.1', '内网IP', '{\"blogId\":[\"12\"]}', '{\r\n  \"msg\" : \"操作成功\",\r\n  \"code\" : 0\r\n}', 0, NULL, '2020-10-13 14:48:52');
INSERT INTO `sys_oper_log` VALUES (314, '代码生成', 2, 'com.ruoyi.generator.controller.GenController.editSave()', 'POST', 1, 'admin', '电视频道', '/yttv/tool/gen/edit', '127.0.0.1', '内网IP', '{\"tableId\":[\"11\"],\"tableName\":[\"sys_author_main\"],\"tableComment\":[\"主页介绍板块\"],\"className\":[\"AuthorMain\"],\"functionAuthor\":[\"yttv-platform\"],\"remark\":[\"\"],\"columns[0].columnId\":[\"97\"],\"columns[0].sort\":[\"1\"],\"columns[0].columnComment\":[\"主页介绍id\"],\"columns[0].javaType\":[\"Integer\"],\"columns[0].javaField\":[\"authorId\"],\"columns[0].isInsert\":[\"1\"],\"columns[0].isEdit\":[\"1\"],\"columns[0].isList\":[\"1\"],\"columns[0].isQuery\":[\"1\"],\"columns[0].queryType\":[\"EQ\"],\"columns[0].htmlType\":[\"input\"],\"columns[0].dictType\":[\"\"],\"columns[1].columnId\":[\"98\"],\"columns[1].sort\":[\"2\"],\"columns[1].columnComment\":[\"主页介绍博客Id\"],\"columns[1].javaType\":[\"Long\"],\"columns[1].javaField\":[\"blogId\"],\"columns[1].isInsert\":[\"1\"],\"columns[1].isEdit\":[\"1\"],\"columns[1].isList\":[\"1\"],\"columns[1].isQuery\":[\"1\"],\"columns[1].queryType\":[\"EQ\"],\"columns[1].isRequired\":[\"1\"],\"columns[1].htmlType\":[\"input\"],\"columns[1].dictType\":[\"\"],\"columns[2].columnId\":[\"99\"],\"columns[2].sort\":[\"3\"],\"columns[2].columnComment\":[\"创建时间\"],\"columns[2].javaType\":[\"Date\"],\"columns[2].javaField\":[\"createTime\"],\"columns[2].isInsert\":[\"1\"],\"columns[2].queryType\":[\"EQ\"],\"columns[2].isRequired\":[\"1\"],\"columns[2].htmlType\":[\"datetime\"],\"columns[2].dictType\":[\"\"],\"columns[3].columnId\":[\"100\"],\"columns[3].sort\":[\"4\"],\"columns[3].columnComment\":[\"更新时间\"],\"columns[3].javaType\":[\"Date\"],\"columns[3].javaField\":[\"updateTime\"],\"columns[3].isInsert\":[\"1\"],\"columns[3].isEdit\":[\"1\"],\"columns[3].queryType\":[\"EQ\"],\"columns[3].isRequired\":[\"1\"],\"columns[3].htmlType\":[\"datetime\"],\"columns[3].dictType\":[\"\"],\"columns[4].columnId\":[\"101\"],\"columns[4].sort\":[\"5\"],\"columns[4].columnComment\":[\"创建者\"],\"columns[4].javaType\":[\"String\"],\"columns[4].javaField\":[\"createBy\"],\"columns[4].isInsert\":[\"1\"],\"columns[4].queryType\":[\"EQ\"],\"columns[4].isRequired\":[\"1\"],\"columns[4].htmlType\":[\"input\"],\"columns[4].dictType\":[\"\"],\"columns[5].columnId\":[\"102\"],\"columns[5].sort\":[\"6\"],\"columns[5].columnComment\":[\"更新者\"],\"columns[5].javaType\":[\"String\"],\"columns[5].javaField\":[\"updateBy\"],\"', '{\r\n  \"msg\" : \"操作成功\",\r\n  \"code\" : 0\r\n}', 0, NULL, '2020-10-13 14:49:36');
INSERT INTO `sys_oper_log` VALUES (315, '代码生成', 8, 'com.ruoyi.generator.controller.GenController.download()', 'GET', 1, 'admin', '电视频道', '/yttv/tool/gen/download/sys_author_main', '127.0.0.1', '内网IP', NULL, 'null', 0, NULL, '2020-10-13 14:49:44');
INSERT INTO `sys_oper_log` VALUES (316, '代码生成', 8, 'com.ruoyi.generator.controller.GenController.download()', 'GET', 1, 'admin', '电视频道', '/yttv/tool/gen/download/sys_author_main', '127.0.0.1', '内网IP', NULL, 'null', 0, NULL, '2020-10-13 14:49:45');
INSERT INTO `sys_oper_log` VALUES (317, '博客展示', 2, 'com.ruoyi.web.platform.blog.controller.BlogController.editSave()', 'POST', 1, 'admin', '电视频道', '/yttv/admin/blog/edit', '127.0.0.1', '内网IP', '{\"blogId\":[\"15\"],\"blogTitle\":[\"The Mandalorian OST (曼达洛人)- Ludwig Goransson\"],\"blogType\":[\"1\"],\"blogContent\":[\"<p style=\\\"box-sizing: inherit; border: 0px; font-family: &quot;Noto Serif&quot;, serif; font-size: 19px; margin-bottom: 1.6842em; outline: 0px; padding: 0px; vertical-align: baseline; color: rgb(51, 51, 51);\\\">迪士尼这波是真的强，《曼达洛人》\\b五星无疑了，从分镜原画到音乐都美到爆炸。</p><p style=\\\"box-sizing: inherit; border: 0px; font-family: &quot;Noto Serif&quot;, serif; font-size: 19px; margin-bottom: 1.6842em; outline: 0px; padding: 0px; vertical-align: baseline; color: rgb(51, 51, 51);\\\">Hans Zimmer，Ramin Djawadi，Ludwig Göransson，大场景科幻/魔幻 OST 的三位大佬。</p><p class=\\\"has-text-align-center\\\" style=\\\"box-sizing: inherit; border: 0px; font-family: &quot;Noto Serif&quot;, serif; font-size: 19px; margin-bottom: 1.6842em; outline: 0px; padding: 0px; vertical-align: baseline; text-align: center; color: rgb(51, 51, 51);\\\"><iframe src=\\\"https://player.bilibili.com/player.html?aid=77395893&amp;cid=132396752&amp;page=1\\\" scrolling=\\\"no\\\" border=\\\"0\\\" frameborder=\\\"no\\\" framespacing=\\\"0\\\" allowfullscreen=\\\"true\\\" __idm_id__=\\\"236999683\\\" style=\\\"box-sizing: inherit; border-width: 0px; border-style: initial; font-family: inherit; font-style: inherit; font-weight: inherit; margin: 0px; outline: 0px; padding: 0px; vertical-align: middle; max-width: 100%;\\\"></iframe></p><p style=\\\"box-sizing: inherit; border: 0px; font-family: &quot;Noto Serif&quot;, serif; font-size: 19px; margin-bottom: 0px; outline: 0px; padding: 0px; vertical-align: baseline; color: rgb(51, 51, 51);\\\">46秒直击灵魂的 La·Re，\\b同级别震撼的还有《权力的游戏》主题曲里起始的 So·Do，爱哼曲儿的好像对其有一个共同的称呼，唱做 “噔·噔”。</p>\"],\"blogPicture\":[\"http://127.0.0.1:8080/yttv/profile/upload/2020/10/13/f41001f5-a162-4cf8-b650-7701c9cf4e34.jpeg\"],\"blogSimple\":[\"The Mandalorian OST (曼达洛人)- Ludwig Goransson\"],\"status\":[\"0\"]}', '{\r\n  \"msg\" : \"操作成功\",\r\n  \"code\" : 0\r\n}', 0, NULL, '2020-10-13 17:54:14');
INSERT INTO `sys_oper_log` VALUES (318, '博客展示', 2, 'com.ruoyi.web.platform.blog.controller.BlogController.editSave()', 'POST', 1, 'admin', '电视频道', '/yttv/admin/blog/edit', '127.0.0.1', '内网IP', '{\"blogId\":[\"13\"],\"blogTitle\":[\"旅行4\"],\"blogType\":[\"2\"],\"blogContent\":[\"<p>旅行3</p><h2 style=\'list-style: none; margin: 0px; padding: 0px 0px 0px 30px; text-align: left; color: rgb(0, 0, 0); text-transform: none; line-height: 24px; text-indent: 0px; letter-spacing: normal; font-family: \\\"Microsoft YaHei\\\", 微软雅黑, MicrosoftJhengHei, 华文细黑, STHeiti, MingLiu; font-size: 16px; font-style: normal; word-spacing: 0px; white-space: normal; orphans: 2; widows: 2; font-variant-ligatures: normal; font-variant-caps: normal; -webkit-text-stroke-width: 0px; text-decoration-style: initial; text-decoration-color: initial;\'>景区简介：</h2><p><span style=\'text-align: left; color: rgb(0, 0, 0); text-transform: none; text-indent: 0px; letter-spacing: normal; font-family: \\\"Microsoft YaHei\\\", 微软雅黑, MicrosoftJhengHei, 华文细黑, STHeiti, MingLiu; font-size: 14px; font-style: normal; font-weight: 400; word-spacing: 0px; float: none; display: inline !important; white-space: normal; orphans: 2; widows: 2; background-color: rgb(255, 255, 255); font-variant-ligatures: normal; font-variant-caps: normal; -webkit-text-stroke-width: 0px; text-decoration-style: initial; text-decoration-color: initial;\'>　　九寨沟以翠海、叠瀑、彩林、雪峰、蓝冰、藏情合为九寨沟“六绝”，享有“童话世界”的美誉。作为中国必去且最美的地方之一，九寨沟因有九个藏族村寨而得名，平均海拔在2千米以上，境内</span><a style=\'list-style: none; margin: 0px; padding: 1px; text-align: left; color: rgb(106, 19, 89); text-transform: none; text-indent: 0px; letter-spacing: normal; font-family: \\\"Microsoft YaHei\\\", 微软雅黑, MicrosoftJhengHei, 华文细黑, STHeiti, MingLiu; font-size: 14px; font-style: normal; font-weight: 400; text-decoration: none; word-spacing: 0px; white-space: normal; orphans: 2; widows: 2; font-variant-ligatures: normal; font-variant-caps: normal; -webkit-text-stroke-width: 0px;\' href=\\\"https://www.meet99.com/jingdian-jiuzhaigoufengjingqu-1820.html\\\">原始森林</a><span style=\'text-align: left; color: rgb(0, 0, 0); text-transform: none; text-indent: 0px; letter-spacing: normal; font-family: \\\"Microsoft YaHei\\\", 微软雅黑, MicrosoftJhengHe', 'null', 1, '\r\n### Error updating database.  Cause: com.mysql.cj.jdbc.exceptions.MysqlDataTruncation: Data truncation: Data too long for column \'blog_content\' at row 1\r\n### The error may involve com.ruoyi.web.platform.blog.mapper.BlogMapper.updateBlog-Inline\r\n### The error occurred while setting parameters\r\n### SQL: update sys_blog          SET blog_title = ?,             blog_type = ?,             blog_content = ?,                          blog_simple = ?,             status = ?,                                       update_by = ?,             update_time = ?          where blog_id = ?\r\n### Cause: com.mysql.cj.jdbc.exceptions.MysqlDataTruncation: Data truncation: Data too long for column \'blog_content\' at row 1\n; Data truncation: Data too long for column \'blog_content\' at row 1; nested exception is com.mysql.cj.jdbc.exceptions.MysqlDataTruncation: Data truncation: Data too long for column \'blog_content\' at row 1', '2020-10-13 18:03:56');
INSERT INTO `sys_oper_log` VALUES (319, '博客展示', 2, 'com.ruoyi.web.platform.blog.controller.BlogController.editSave()', 'POST', 1, 'admin', '电视频道', '/yttv/admin/blog/edit', '127.0.0.1', '内网IP', '{\"blogId\":[\"16\"],\"blogTitle\":[\"旅行7\"],\"blogType\":[\"2\"],\"blogContent\":[\"<h2 style=\'list-style: none; margin: 0px; padding: 0px 0px 0px 30px; text-align: left; color: rgb(0, 0, 0); text-transform: none; line-height: 24px; text-indent: 0px; letter-spacing: normal; font-family: \\\"Microsoft YaHei\\\", 微软雅黑, MicrosoftJhengHei, 华文细黑, STHeiti, MingLiu; font-size: 16px; font-style: normal; word-spacing: 0px; white-space: normal; orphans: 2; widows: 2; font-variant-ligatures: normal; font-variant-caps: normal; -webkit-text-stroke-width: 0px; text-decoration-style: initial; text-decoration-color: initial;\'>景区简介：</h2><p><span style=\'text-align: left; color: rgb(0, 0, 0); text-transform: none; text-indent: 0px; letter-spacing: normal; font-family: \\\"Microsoft YaHei\\\", 微软雅黑, MicrosoftJhengHei, 华文细黑, STHeiti, MingLiu; font-size: 14px; font-style: normal; font-weight: 400; word-spacing: 0px; float: none; display: inline !important; white-space: normal; orphans: 2; widows: 2; background-color: rgb(255, 255, 255); font-variant-ligatures: normal; font-variant-caps: normal; -webkit-text-stroke-width: 0px; text-decoration-style: initial; text-decoration-color: initial;\'>　　九寨沟以翠海、叠瀑、彩林、雪峰、蓝冰、藏情合为九寨沟“六绝”，享有“童话世界”的美誉。作为中国必去且最美的地方之一，九寨沟因有九个藏族村寨而得名，平均海拔在2千米以上，境内</span><a style=\'list-style: none; margin: 0px; padding: 1px; text-align: left; color: rgb(106, 19, 89); text-transform: none; text-indent: 0px; letter-spacing: normal; font-family: \\\"Microsoft YaHei\\\", 微软雅黑, MicrosoftJhengHei, 华文细黑, STHeiti, MingLiu; font-size: 14px; font-style: normal; font-weight: 400; text-decoration: none; word-spacing: 0px; white-space: normal; orphans: 2; widows: 2; font-variant-ligatures: normal; font-variant-caps: normal; -webkit-text-stroke-width: 0px;\' href=\\\"https://www.meet99.com/jingdian-jiuzhaigoufengjingqu-1820.html\\\">原始森林</a><span style=\'text-align: left; color: rgb(0, 0, 0); text-transform: none; text-indent: 0px; letter-spacing: normal; font-family: \\\"Microsoft YaHei\\\", 微软雅黑, MicrosoftJhengHei, 华文细黑, S', 'null', 1, '\r\n### Error updating database.  Cause: com.mysql.cj.jdbc.exceptions.MysqlDataTruncation: Data truncation: Data too long for column \'blog_content\' at row 1\r\n### The error may involve com.ruoyi.web.platform.blog.mapper.BlogMapper.updateBlog-Inline\r\n### The error occurred while setting parameters\r\n### SQL: update sys_blog          SET blog_title = ?,             blog_type = ?,             blog_content = ?,                          blog_simple = ?,             status = ?,                                       update_by = ?,             update_time = ?          where blog_id = ?\r\n### Cause: com.mysql.cj.jdbc.exceptions.MysqlDataTruncation: Data truncation: Data too long for column \'blog_content\' at row 1\n; Data truncation: Data too long for column \'blog_content\' at row 1; nested exception is com.mysql.cj.jdbc.exceptions.MysqlDataTruncation: Data truncation: Data too long for column \'blog_content\' at row 1', '2020-10-13 18:05:15');
INSERT INTO `sys_oper_log` VALUES (320, '博客展示', 2, 'com.ruoyi.web.platform.blog.controller.BlogController.editSave()', 'POST', 1, 'admin', '电视频道', '/yttv/admin/blog/edit', '127.0.0.1', '内网IP', '{\"blogId\":[\"16\"],\"blogTitle\":[\"旅行7\"],\"blogType\":[\"2\"],\"blogContent\":[\"<h2 style=\'list-style: none; margin: 0px; padding: 0px 0px 0px 30px; text-align: left; color: rgb(0, 0, 0); text-transform: none; line-height: 24px; text-indent: 0px; letter-spacing: normal; font-family: \\\"Microsoft YaHei\\\", 微软雅黑, MicrosoftJhengHei, 华文细黑, STHeiti, MingLiu; font-size: 16px; font-style: normal; word-spacing: 0px; white-space: normal; orphans: 2; widows: 2; font-variant-ligatures: normal; font-variant-caps: normal; -webkit-text-stroke-width: 0px; text-decoration-style: initial; text-decoration-color: initial;\'>景区简介：</h2><p><span style=\'text-align: left; color: rgb(0, 0, 0); text-transform: none; text-indent: 0px; letter-spacing: normal; font-family: \\\"Microsoft YaHei\\\", 微软雅黑, MicrosoftJhengHei, 华文细黑, STHeiti, MingLiu; font-size: 14px; font-style: normal; font-weight: 400; word-spacing: 0px; float: none; display: inline !important; white-space: normal; orphans: 2; widows: 2; background-color: rgb(255, 255, 255); font-variant-ligatures: normal; font-variant-caps: normal; -webkit-text-stroke-width: 0px; text-decoration-style: initial; text-decoration-color: initial;\'>　　九寨沟以翠海、叠瀑、彩林、雪峰、蓝冰、藏情合为九寨沟“六绝”，享有“童话世界”的美誉。作为中国必去且最美的地方之一，九寨沟因有九个藏族村寨而得名，平均海拔在2千米以上，境内</span><a style=\'list-style: none; margin: 0px; padding: 1px; text-align: left; color: rgb(106, 19, 89); text-transform: none; text-indent: 0px; letter-spacing: normal; font-family: \\\"Microsoft YaHei\\\", 微软雅黑, MicrosoftJhengHei, 华文细黑, STHeiti, MingLiu; font-size: 14px; font-style: normal; font-weight: 400; text-decoration: none; word-spacing: 0px; white-space: normal; orphans: 2; widows: 2; font-variant-ligatures: normal; font-variant-caps: normal; -webkit-text-stroke-width: 0px;\' href=\\\"https://www.meet99.com/jingdian-jiuzhaigoufengjingqu-1820.html\\\">原始森林</a><span style=\'text-align: left; color: rgb(0, 0, 0); text-transform: none; text-indent: 0px; letter-spacing: normal; font-family: \\\"Microsoft YaHei\\\", 微软雅黑, MicrosoftJhengHei, 华文细黑, S', 'null', 1, '\r\n### Error updating database.  Cause: com.mysql.cj.jdbc.exceptions.MysqlDataTruncation: Data truncation: Data too long for column \'blog_content\' at row 1\r\n### The error may involve com.ruoyi.web.platform.blog.mapper.BlogMapper.updateBlog-Inline\r\n### The error occurred while setting parameters\r\n### SQL: update sys_blog          SET blog_title = ?,             blog_type = ?,             blog_content = ?,                          blog_simple = ?,             status = ?,                                       update_by = ?,             update_time = ?          where blog_id = ?\r\n### Cause: com.mysql.cj.jdbc.exceptions.MysqlDataTruncation: Data truncation: Data too long for column \'blog_content\' at row 1\n; Data truncation: Data too long for column \'blog_content\' at row 1; nested exception is com.mysql.cj.jdbc.exceptions.MysqlDataTruncation: Data truncation: Data too long for column \'blog_content\' at row 1', '2020-10-13 18:05:25');
INSERT INTO `sys_oper_log` VALUES (321, '博客展示', 2, 'com.ruoyi.web.platform.blog.controller.BlogController.editSave()', 'POST', 1, 'admin', '电视频道', '/yttv/admin/blog/edit', '127.0.0.1', '内网IP', '{\"blogId\":[\"16\"],\"blogTitle\":[\"旅行7\"],\"blogType\":[\"2\"],\"blogContent\":[\"<h2 style=\'list-style: none; margin: 0px; padding: 0px 0px 0px 30px; text-align: left; color: rgb(0, 0, 0); text-transform: none; line-height: 24px; text-indent: 0px; letter-spacing: normal; font-family: \\\"Microsoft YaHei\\\", 微软雅黑, MicrosoftJhengHei, 华文细黑, STHeiti, MingLiu; font-size: 16px; font-style: normal; word-spacing: 0px; white-space: normal; orphans: 2; widows: 2; font-variant-ligatures: normal; font-variant-caps: normal; -webkit-text-stroke-width: 0px; text-decoration-style: initial; text-decoration-color: initial;\'>景区简介：</h2><p><span style=\'text-align: left; color: rgb(0, 0, 0); text-transform: none; text-indent: 0px; letter-spacing: normal; font-family: \\\"Microsoft YaHei\\\", 微软雅黑, MicrosoftJhengHei, 华文细黑, STHeiti, MingLiu; font-size: 14px; font-style: normal; font-weight: 400; word-spacing: 0px; float: none; display: inline !important; white-space: normal; orphans: 2; widows: 2; background-color: rgb(255, 255, 255); font-variant-ligatures: normal; font-variant-caps: normal; -webkit-text-stroke-width: 0px; text-decoration-style: initial; text-decoration-color: initial;\'>　　九寨沟以翠海、叠瀑、彩林、雪峰、蓝冰、藏情合为九寨沟“六绝”，享有“童话世界”的美誉。作为中国必去且最美的地方之一，九寨沟因有九个藏族村寨而得名，平均海拔在2千米以上，境内</span><a style=\'list-style: none; margin: 0px; padding: 1px; text-align: left; color: rgb(106, 19, 89); text-transform: none; text-indent: 0px; letter-spacing: normal; font-family: \\\"Microsoft YaHei\\\", 微软雅黑, MicrosoftJhengHei, 华文细黑, STHeiti, MingLiu; font-size: 14px; font-style: normal; font-weight: 400; text-decoration: none; word-spacing: 0px; white-space: normal; orphans: 2; widows: 2; font-variant-ligatures: normal; font-variant-caps: normal; -webkit-text-stroke-width: 0px;\' href=\\\"https://www.meet99.com/jingdian-jiuzhaigoufengjingqu-1820.html\\\">原始森林</a><span style=\'text-align: left; color: rgb(0, 0, 0); text-transform: none; text-indent: 0px; letter-spacing: normal; font-family: \\\"Microsoft YaHei\\\", 微软雅黑, MicrosoftJhengHei, 华文细黑, S', '{\r\n  \"msg\" : \"操作成功\",\r\n  \"code\" : 0\r\n}', 0, NULL, '2020-10-13 18:06:44');
INSERT INTO `sys_oper_log` VALUES (322, '博客展示', 2, 'com.ruoyi.web.platform.blog.controller.BlogController.editSave()', 'POST', 1, 'admin', '电视频道', '/yttv/admin/blog/edit', '127.0.0.1', '内网IP', '{\"blogId\":[\"16\"],\"blogTitle\":[\"旅行7\"],\"blogType\":[\"2\"],\"blogContent\":[\"<h2 style=\'list-style: none; margin: 0px; padding: 0px 0px 0px 30px; text-align: left; color: rgb(0, 0, 0); text-transform: none; line-height: 24px; text-indent: 0px; letter-spacing: normal; font-family: \\\"Microsoft YaHei\\\", 微软雅黑, MicrosoftJhengHei, 华文细黑, STHeiti, MingLiu; font-size: 16px; font-style: normal; word-spacing: 0px; white-space: normal; orphans: 2; widows: 2; font-variant-ligatures: normal; font-variant-caps: normal; -webkit-text-stroke-width: 0px; text-decoration-style: initial; text-decoration-color: initial;\'>景区简介：</h2><p><span style=\'text-align: left; color: rgb(0, 0, 0); text-transform: none; text-indent: 0px; letter-spacing: normal; font-family: \\\"Microsoft YaHei\\\", 微软雅黑, MicrosoftJhengHei, 华文细黑, STHeiti, MingLiu; font-size: 14px; font-style: normal; font-weight: 400; word-spacing: 0px; float: none; display: inline !important; white-space: normal; orphans: 2; widows: 2; background-color: rgb(255, 255, 255); font-variant-ligatures: normal; font-variant-caps: normal; -webkit-text-stroke-width: 0px; text-decoration-style: initial; text-decoration-color: initial;\'>　　九寨沟以翠海、叠瀑、彩林、雪峰、蓝冰、藏情合为九寨沟“六绝”，享有“童话世界”的美誉。作为中国必去且最美的地方之一，九寨沟因有九个藏族村寨而得名，平均海拔在2千米以上，境内</span><a style=\'list-style: none; margin: 0px; padding: 1px; text-align: left; color: rgb(106, 19, 89); text-transform: none; text-indent: 0px; letter-spacing: normal; font-family: \\\"Microsoft YaHei\\\", 微软雅黑, MicrosoftJhengHei, 华文细黑, STHeiti, MingLiu; font-size: 14px; font-style: normal; font-weight: 400; text-decoration: none; word-spacing: 0px; white-space: normal; orphans: 2; widows: 2; font-variant-ligatures: normal; font-variant-caps: normal; -webkit-text-stroke-width: 0px;\' href=\\\"https://www.meet99.com/jingdian-jiuzhaigoufengjingqu-1820.html\\\">原始森林</a><span style=\'text-align: left; color: rgb(0, 0, 0); text-transform: none; text-indent: 0px; letter-spacing: normal; font-family: \\\"Microsoft YaHei\\\", 微软雅黑, MicrosoftJhengHei, 华文细黑, S', '{\r\n  \"msg\" : \"操作成功\",\r\n  \"code\" : 0\r\n}', 0, NULL, '2020-10-13 18:19:13');
INSERT INTO `sys_oper_log` VALUES (323, '博客展示', 2, 'com.ruoyi.web.platform.blog.controller.BlogController.editSave()', 'POST', 1, 'admin', '电视频道', '/yttv/admin/blog/edit', '127.0.0.1', '内网IP', '{\"blogId\":[\"16\"],\"blogTitle\":[\"九寨沟\"],\"blogType\":[\"2\"],\"blogContent\":[\"<h2 style=\'list-style: none; margin: 0px; padding: 0px 0px 0px 30px; text-align: left; color: rgb(0, 0, 0); text-transform: none; line-height: 24px; text-indent: 0px; letter-spacing: normal; font-family: \\\"Microsoft YaHei\\\", 微软雅黑, MicrosoftJhengHei, 华文细黑, STHeiti, MingLiu; font-size: 16px; font-style: normal; word-spacing: 0px; white-space: normal; orphans: 2; widows: 2; font-variant-ligatures: normal; font-variant-caps: normal; -webkit-text-stroke-width: 0px; text-decoration-style: initial; text-decoration-color: initial;\'>景区简介：</h2><p><span style=\'text-align: left; color: rgb(0, 0, 0); text-transform: none; text-indent: 0px; letter-spacing: normal; font-family: \\\"Microsoft YaHei\\\", 微软雅黑, MicrosoftJhengHei, 华文细黑, STHeiti, MingLiu; font-size: 14px; font-style: normal; font-weight: 400; word-spacing: 0px; float: none; display: inline !important; white-space: normal; orphans: 2; widows: 2; background-color: rgb(255, 255, 255); font-variant-ligatures: normal; font-variant-caps: normal; -webkit-text-stroke-width: 0px; text-decoration-style: initial; text-decoration-color: initial;\'>　　九寨沟以翠海、叠瀑、彩林、雪峰、蓝冰、藏情合为九寨沟“六绝”，享有“童话世界”的美誉。作为中国必去且最美的地方之一，九寨沟因有九个藏族村寨而得名，平均海拔在2千米以上，境内</span><a style=\'list-style: none; margin: 0px; padding: 1px; text-align: left; color: rgb(106, 19, 89); text-transform: none; text-indent: 0px; letter-spacing: normal; font-family: \\\"Microsoft YaHei\\\", 微软雅黑, MicrosoftJhengHei, 华文细黑, STHeiti, MingLiu; font-size: 14px; font-style: normal; font-weight: 400; text-decoration: none; word-spacing: 0px; white-space: normal; orphans: 2; widows: 2; font-variant-ligatures: normal; font-variant-caps: normal; -webkit-text-stroke-width: 0px;\' href=\\\"https://www.meet99.com/jingdian-jiuzhaigoufengjingqu-1820.html\\\">原始森林</a><span style=\'text-align: left; color: rgb(0, 0, 0); text-transform: none; text-indent: 0px; letter-spacing: normal; font-family: \\\"Microsoft YaHei\\\", 微软雅黑, MicrosoftJhengHei, 华文细黑, S', '{\r\n  \"msg\" : \"操作成功\",\r\n  \"code\" : 0\r\n}', 0, NULL, '2020-10-13 18:19:32');
INSERT INTO `sys_oper_log` VALUES (324, '博客展示', 2, 'com.ruoyi.web.platform.blog.controller.BlogController.editSave()', 'POST', 1, 'admin', '电视频道', '/yttv/admin/blog/edit', '127.0.0.1', '内网IP', '{\"blogId\":[\"17\"],\"blogTitle\":[\"故宫\"],\"blogType\":[\"2\"],\"blogContent\":[\"<span style=\'text-align: left; color: rgb(0, 0, 0); text-transform: none; text-indent: 0px; letter-spacing: normal; font-family: \\\"Microsoft YaHei\\\", 微软雅黑, MicrosoftJhengHei, 华文细黑, STHeiti, MingLiu; font-size: 14px; font-style: normal; font-weight: 400; word-spacing: 0px; float: none; display: inline !important; white-space: normal; orphans: 2; widows: 2; background-color: rgb(255, 255, 255); font-variant-ligatures: normal; font-variant-caps: normal; -webkit-text-stroke-width: 0px; text-decoration-style: initial; text-decoration-color: initial;\'>北京</span><a style=\'list-style: none; margin: 0px; padding: 1px; text-align: left; color: rgb(106, 19, 89); text-transform: none; text-indent: 0px; letter-spacing: normal; font-family: \\\"Microsoft YaHei\\\", 微软雅黑, MicrosoftJhengHei, 华文细黑, STHeiti, MingLiu; font-size: 14px; font-style: normal; font-weight: 400; text-decoration: none; word-spacing: 0px; white-space: normal; orphans: 2; widows: 2; font-variant-ligatures: normal; font-variant-caps: normal; -webkit-text-stroke-width: 0px;\' href=\\\"https://www.meet99.com/jingdian-ForbiddenCity-111166.html\\\">故宫</a><span style=\'text-align: left; color: rgb(0, 0, 0); text-transform: none; text-indent: 0px; letter-spacing: normal; font-family: \\\"Microsoft YaHei\\\", 微软雅黑, MicrosoftJhengHei, 华文细黑, STHeiti, MingLiu; font-size: 14px; font-style: normal; font-weight: 400; word-spacing: 0px; float: none; display: inline !important; white-space: normal; orphans: 2; widows: 2; background-color: rgb(255, 255, 255); font-variant-ligatures: normal; font-variant-caps: normal; -webkit-text-stroke-width: 0px; text-decoration-style: initial; text-decoration-color: initial;\'>，世界上现存规模最大、保存最为完整的木质结构的古建筑之一，与法国凡尔赛宫、英国白金汉宫、美国白宫、俄罗斯克里姆林宫并称世界五大宫殿。</span><a style=\'list-style: none; margin: 0px; padding: 1px; text-align: left; color: rgb(106, 19, 89); text-transform: none; text-indent: 0px; letter-spacing: normal; font-family: \\\"Microsoft YaHei\\\"', '{\r\n  \"msg\" : \"操作成功\",\r\n  \"code\" : 0\r\n}', 0, NULL, '2020-10-13 18:20:32');
INSERT INTO `sys_oper_log` VALUES (325, '博客展示', 2, 'com.ruoyi.web.platform.blog.controller.BlogController.editSave()', 'POST', 1, 'admin', '电视频道', '/yttv/admin/blog/edit', '127.0.0.1', '内网IP', '{\"blogId\":[\"16\"],\"blogTitle\":[\"九寨沟\"],\"blogType\":[\"2\"],\"blogContent\":[\"<h2 style=\'list-style: none; margin: 0px; padding: 0px 0px 0px 30px; text-align: left; color: rgb(0, 0, 0); text-transform: none; line-height: 24px; text-indent: 0px; letter-spacing: normal; font-family: \\\"Microsoft YaHei\\\", 微软雅黑, MicrosoftJhengHei, 华文细黑, STHeiti, MingLiu; font-size: 16px; font-style: normal; word-spacing: 0px; white-space: normal; orphans: 2; widows: 2; font-variant-ligatures: normal; font-variant-caps: normal; -webkit-text-stroke-width: 0px; text-decoration-style: initial; text-decoration-color: initial;\'>景区简介：</h2><p><span style=\'text-align: left; color: rgb(0, 0, 0); text-transform: none; text-indent: 0px; letter-spacing: normal; font-family: \\\"Microsoft YaHei\\\", 微软雅黑, MicrosoftJhengHei, 华文细黑, STHeiti, MingLiu; font-size: 14px; font-style: normal; font-weight: 400; word-spacing: 0px; float: none; display: inline !important; white-space: normal; orphans: 2; widows: 2; background-color: rgb(255, 255, 255); font-variant-ligatures: normal; font-variant-caps: normal; -webkit-text-stroke-width: 0px; text-decoration-style: initial; text-decoration-color: initial;\'>　　九寨沟以翠海、叠瀑、彩林、雪峰、蓝冰、藏情合为九寨沟“六绝”，享有“童话世界”的美誉。作为中国必去且最美的地方之一，九寨沟因有九个藏族村寨而得名，平均海拔在2千米以上，境内</span><a style=\'list-style: none; margin: 0px; padding: 1px; text-align: left; color: rgb(106, 19, 89); text-transform: none; text-indent: 0px; letter-spacing: normal; font-family: \\\"Microsoft YaHei\\\", 微软雅黑, MicrosoftJhengHei, 华文细黑, STHeiti, MingLiu; font-size: 14px; font-style: normal; font-weight: 400; text-decoration: none; word-spacing: 0px; white-space: normal; orphans: 2; widows: 2; font-variant-ligatures: normal; font-variant-caps: normal; -webkit-text-stroke-width: 0px;\' href=\\\"https://www.meet99.com/jingdian-jiuzhaigoufengjingqu-1820.html\\\">原始森林</a><span style=\'text-align: left; color: rgb(0, 0, 0); text-transform: none; text-indent: 0px; letter-spacing: normal; font-family: \\\"Microsoft YaHei\\\", 微软雅黑, MicrosoftJhengHei, 华文细黑, S', '{\r\n  \"msg\" : \"操作成功\",\r\n  \"code\" : 0\r\n}', 0, NULL, '2020-10-13 18:20:45');
INSERT INTO `sys_oper_log` VALUES (326, '博客展示', 2, 'com.ruoyi.web.platform.blog.controller.BlogController.editSave()', 'POST', 1, 'admin', '电视频道', '/yttv/admin/blog/edit', '127.0.0.1', '内网IP', '{\"blogId\":[\"18\"],\"blogTitle\":[\"丽江古城\"],\"blogType\":[\"2\"],\"blogContent\":[\"<h2 style=\'list-style: none; margin: 0px; padding: 0px 0px 0px 30px; text-align: left; color: rgb(0, 0, 0); text-transform: none; line-height: 24px; text-indent: 0px; letter-spacing: normal; font-family: \\\"Microsoft YaHei\\\", 微软雅黑, MicrosoftJhengHei, 华文细黑, STHeiti, MingLiu; font-size: 16px; font-style: normal; word-spacing: 0px; white-space: normal; orphans: 2; widows: 2; font-variant-ligatures: normal; font-variant-caps: normal; -webkit-text-stroke-width: 0px; text-decoration-style: initial; text-decoration-color: initial;\'>景区简介：</h2><p><span style=\'text-align: left; color: rgb(0, 0, 0); text-transform: none; text-indent: 0px; letter-spacing: normal; font-family: \\\"Microsoft YaHei\\\", 微软雅黑, MicrosoftJhengHei, 华文细黑, STHeiti, MingLiu; font-size: 14px; font-style: normal; font-weight: 400; word-spacing: 0px; float: none; display: inline !important; white-space: normal; orphans: 2; widows: 2; background-color: rgb(255, 255, 255); font-variant-ligatures: normal; font-variant-caps: normal; -webkit-text-stroke-width: 0px; text-decoration-style: initial; text-decoration-color: initial;\'>　　丽江古城地处我国西南边陲的云南省西北部，是我国保存最为完好的四大古城之一，也是中国向联合国申报世界文化遗产成功的古城之一。丽江是纳西族的家园，纳西族人民长期以来创造并延续下来的东巴文化，是世界民族文化中的一支奇葩。</span><br style=\'list-style: none; margin: 0px; padding: 0px; text-align: left; color: rgb(0, 0, 0); text-transform: none; text-indent: 0px; letter-spacing: normal; font-family: \\\"Microsoft YaHei\\\", 微软雅黑, MicrosoftJhengHei, 华文细黑, STHeiti, MingLiu; font-size: 14px; font-style: normal; font-weight: 400; word-spacing: 0px; white-space: normal; orphans: 2; widows: 2; font-variant-ligatures: normal; font-variant-caps: normal; -webkit-text-stroke-width: 0px; text-decoration-style: initial; text-decoration-color: initial;\'><span style=\'text-align: left; color: rgb(0, 0, 0); text-transform: none; text-indent: 0px; letter-spacing: normal; font-family: \\\"Microsoft YaHei\\\", 微软雅黑, MicrosoftJhengHei, 华文细黑, STHeiti, MingLiu; fon', 'null', 1, '\r\n### Error updating database.  Cause: com.mysql.cj.jdbc.exceptions.MysqlDataTruncation: Data truncation: Data too long for column \'blog_content\' at row 1\r\n### The error may involve com.ruoyi.web.platform.blog.mapper.BlogMapper.updateBlog-Inline\r\n### The error occurred while setting parameters\r\n### SQL: update sys_blog          SET blog_title = ?,             blog_type = ?,             blog_content = ?,             blog_picture = ?,             blog_simple = ?,             status = ?,                                       update_by = ?,             update_time = ?          where blog_id = ?\r\n### Cause: com.mysql.cj.jdbc.exceptions.MysqlDataTruncation: Data truncation: Data too long for column \'blog_content\' at row 1\n; Data truncation: Data too long for column \'blog_content\' at row 1; nested exception is com.mysql.cj.jdbc.exceptions.MysqlDataTruncation: Data truncation: Data too long for column \'blog_content\' at row 1', '2020-10-13 18:22:07');
INSERT INTO `sys_oper_log` VALUES (327, '博客展示', 2, 'com.ruoyi.web.platform.blog.controller.BlogController.editSave()', 'POST', 1, 'admin', '电视频道', '/yttv/admin/blog/edit', '127.0.0.1', '内网IP', '{\"blogId\":[\"18\"],\"blogTitle\":[\"丽江古城\"],\"blogType\":[\"2\"],\"blogContent\":[\"<h2 style=\'list-style: none; margin: 0px; padding: 0px 0px 0px 30px; text-align: left; color: rgb(0, 0, 0); text-transform: none; line-height: 24px; text-indent: 0px; letter-spacing: normal; font-family: \\\"Microsoft YaHei\\\", 微软雅黑, MicrosoftJhengHei, 华文细黑, STHeiti, MingLiu; font-size: 16px; font-style: normal; word-spacing: 0px; white-space: normal; orphans: 2; widows: 2; font-variant-ligatures: normal; font-variant-caps: normal; -webkit-text-stroke-width: 0px; text-decoration-style: initial; text-decoration-color: initial;\'>景区简介：</h2><p><span style=\'text-align: left; color: rgb(0, 0, 0); text-transform: none; text-indent: 0px; letter-spacing: normal; font-family: \\\"Microsoft YaHei\\\", 微软雅黑, MicrosoftJhengHei, 华文细黑, STHeiti, MingLiu; font-size: 14px; font-style: normal; font-weight: 400; word-spacing: 0px; float: none; display: inline !important; white-space: normal; orphans: 2; widows: 2; background-color: rgb(255, 255, 255); font-variant-ligatures: normal; font-variant-caps: normal; -webkit-text-stroke-width: 0px; text-decoration-style: initial; text-decoration-color: initial;\'>　　丽江古城地处我国西南边陲的云南省西北部，是我国保存最为完好的四大古城之一，也是中国向联合国申报世界文化遗产成功的古城之一。丽江是纳西族的家园，纳西族人民长期以来创造并延续下来的东巴文化，是世界民族文化中的一支奇葩。</span><br style=\'list-style: none; margin: 0px; padding: 0px; text-align: left; color: rgb(0, 0, 0); text-transform: none; text-indent: 0px; letter-spacing: normal; font-family: \\\"Microsoft YaHei\\\", 微软雅黑, MicrosoftJhengHei, 华文细黑, STHeiti, MingLiu; font-size: 14px; font-style: normal; font-weight: 400; word-spacing: 0px; white-space: normal; orphans: 2; widows: 2; font-variant-ligatures: normal; font-variant-caps: normal; -webkit-text-stroke-width: 0px; text-decoration-style: initial; text-decoration-color: initial;\'><span style=\'text-align: left; color: rgb(0, 0, 0); text-transform: none; text-indent: 0px; letter-spacing: normal; font-family: \\\"Microsoft YaHei\\\", 微软雅黑, MicrosoftJhengHei, 华文细黑, STHeiti, MingLiu; fon', 'null', 1, '\r\n### Error updating database.  Cause: com.mysql.cj.jdbc.exceptions.MysqlDataTruncation: Data truncation: Data too long for column \'blog_content\' at row 1\r\n### The error may involve com.ruoyi.web.platform.blog.mapper.BlogMapper.updateBlog-Inline\r\n### The error occurred while setting parameters\r\n### SQL: update sys_blog          SET blog_title = ?,             blog_type = ?,             blog_content = ?,             blog_picture = ?,             blog_simple = ?,             status = ?,                                       update_by = ?,             update_time = ?          where blog_id = ?\r\n### Cause: com.mysql.cj.jdbc.exceptions.MysqlDataTruncation: Data truncation: Data too long for column \'blog_content\' at row 1\n; Data truncation: Data too long for column \'blog_content\' at row 1; nested exception is com.mysql.cj.jdbc.exceptions.MysqlDataTruncation: Data truncation: Data too long for column \'blog_content\' at row 1', '2020-10-13 18:22:13');
INSERT INTO `sys_oper_log` VALUES (328, '博客展示', 2, 'com.ruoyi.web.platform.blog.controller.BlogController.editSave()', 'POST', 1, 'admin', '电视频道', '/yttv/admin/blog/edit', '127.0.0.1', '内网IP', '{\"blogId\":[\"18\"],\"blogTitle\":[\"丽江古城\"],\"blogType\":[\"2\"],\"blogContent\":[\"<h2 style=\'list-style: none; margin: 0px; padding: 0px 0px 0px 30px; text-align: left; color: rgb(0, 0, 0); text-transform: none; line-height: 24px; text-indent: 0px; letter-spacing: normal; font-family: \\\"Microsoft YaHei\\\", 微软雅黑, MicrosoftJhengHei, 华文细黑, STHeiti, MingLiu; font-size: 16px; font-style: normal; word-spacing: 0px; white-space: normal; orphans: 2; widows: 2; font-variant-ligatures: normal; font-variant-caps: normal; -webkit-text-stroke-width: 0px; text-decoration-style: initial; text-decoration-color: initial;\'>景区简介：</h2><p><span style=\'text-align: left; color: rgb(0, 0, 0); text-transform: none; text-indent: 0px; letter-spacing: normal; font-family: \\\"Microsoft YaHei\\\", 微软雅黑, MicrosoftJhengHei, 华文细黑, STHeiti, MingLiu; font-size: 14px; font-style: normal; font-weight: 400; word-spacing: 0px; float: none; display: inline !important; white-space: normal; orphans: 2; widows: 2; background-color: rgb(255, 255, 255); font-variant-ligatures: normal; font-variant-caps: normal; -webkit-text-stroke-width: 0px; text-decoration-style: initial; text-decoration-color: initial;\'>　　丽江古城地处我国西南边陲的云南省西北部，是我国保存最为完好的四大古城之一，也是中国向联合国申报世界文化遗产成功的古城之一。丽江是纳西族的家园，纳西族人民长期以来创造并延续下来的东巴文化，是世界民族文化中的一支奇葩。</span><br style=\'list-style: none; margin: 0px; padding: 0px; text-align: left; color: rgb(0, 0, 0); text-transform: none; text-indent: 0px; letter-spacing: normal; font-family: \\\"Microsoft YaHei\\\", 微软雅黑, MicrosoftJhengHei, 华文细黑, STHeiti, MingLiu; font-size: 14px; font-style: normal; font-weight: 400; word-spacing: 0px; white-space: normal; orphans: 2; widows: 2; font-variant-ligatures: normal; font-variant-caps: normal; -webkit-text-stroke-width: 0px; text-decoration-style: initial; text-decoration-color: initial;\'><span style=\'text-align: left; color: rgb(0, 0, 0); text-transform: none; text-indent: 0px; letter-spacing: normal; font-family: \\\"Microsoft YaHei\\\", 微软雅黑, MicrosoftJhengHei, 华文细黑, STHeiti, MingLiu; fon', '{\r\n  \"msg\" : \"操作成功\",\r\n  \"code\" : 0\r\n}', 0, NULL, '2020-10-13 18:23:31');
INSERT INTO `sys_oper_log` VALUES (329, '博客展示', 2, 'com.ruoyi.web.platform.blog.controller.BlogController.editSave()', 'POST', 1, 'admin', '电视频道', '/yttv/admin/blog/edit', '127.0.0.1', '内网IP', '{\"blogId\":[\"19\"],\"blogTitle\":[\"厦门鼓浪屿岛\"],\"blogType\":[\"2\"],\"blogContent\":[\"<h2 style=\'list-style: none; margin: 0px; padding: 0px 0px 0px 30px; text-align: left; color: rgb(0, 0, 0); text-transform: none; line-height: 24px; text-indent: 0px; letter-spacing: normal; font-family: \\\"Microsoft YaHei\\\", 微软雅黑, MicrosoftJhengHei, 华文细黑, STHeiti, MingLiu; font-size: 16px; font-style: normal; word-spacing: 0px; white-space: normal; orphans: 2; widows: 2; font-variant-ligatures: normal; font-variant-caps: normal; -webkit-text-stroke-width: 0px; text-decoration-style: initial; text-decoration-color: initial;\'>景区简介：</h2><p><span style=\'text-align: left; color: rgb(0, 0, 0); text-transform: none; text-indent: 0px; letter-spacing: normal; font-family: \\\"Microsoft YaHei\\\", 微软雅黑, MicrosoftJhengHei, 华文细黑, STHeiti, MingLiu; font-size: 14px; font-style: normal; font-weight: 400; word-spacing: 0px; float: none; display: inline !important; white-space: normal; orphans: 2; widows: 2; background-color: rgb(255, 255, 255); font-variant-ligatures: normal; font-variant-caps: normal; -webkit-text-stroke-width: 0px; text-decoration-style: initial; text-decoration-color: initial;\'>　　厦门鼓浪屿岛内风光秀丽，完好地保存了大量中外风格各异的建筑物，素有“海上花园”、“万国建筑博览”的美誉，又因为小岛音乐人才辈出，也被称为“钢琴之岛”、“音乐之乡”。鼓浪屿街道短小，纵横交错，是厦门最大的一个卫星岛之一，岛上岩石峥嵘，挺拔雄秀，因长年受海浪扑打，形成许多幽谷和峭崖，沙滩、礁石、峭壁、岩峰。</span><br style=\'list-style: none; margin: 0px; padding: 0px; text-align: left; color: rgb(0, 0, 0); text-transform: none; text-indent: 0px; letter-spacing: normal; font-family: \\\"Microsoft YaHei\\\", 微软雅黑, MicrosoftJhengHei, 华文细黑, STHeiti, MingLiu; font-size: 14px; font-style: normal; font-weight: 400; word-spacing: 0px; white-space: normal; orphans: 2; widows: 2; font-variant-ligatures: normal; font-variant-caps: normal; -webkit-text-stroke-width: 0px; text-decoration-style: initial; text-decoration-color: initial;\'><span style=\'text-align: left; color: rgb(0, 0, 0); text-transform: none; text-indent: 0px; letter-spacing: normal; font-family: \\\"Microsoft YaHei\\\", 微软雅黑,', 'null', 1, '\r\n### Error updating database.  Cause: com.mysql.cj.jdbc.exceptions.MysqlDataTruncation: Data truncation: Data too long for column \'blog_content\' at row 1\r\n### The error may involve com.ruoyi.web.platform.blog.mapper.BlogMapper.updateBlog-Inline\r\n### The error occurred while setting parameters\r\n### SQL: update sys_blog          SET blog_title = ?,             blog_type = ?,             blog_content = ?,             blog_picture = ?,             blog_simple = ?,             status = ?,                                       update_by = ?,             update_time = ?          where blog_id = ?\r\n### Cause: com.mysql.cj.jdbc.exceptions.MysqlDataTruncation: Data truncation: Data too long for column \'blog_content\' at row 1\n; Data truncation: Data too long for column \'blog_content\' at row 1; nested exception is com.mysql.cj.jdbc.exceptions.MysqlDataTruncation: Data truncation: Data too long for column \'blog_content\' at row 1', '2020-10-13 18:25:00');
INSERT INTO `sys_oper_log` VALUES (330, '博客展示', 2, 'com.ruoyi.web.platform.blog.controller.BlogController.editSave()', 'POST', 1, 'admin', '电视频道', '/yttv/admin/blog/edit', '127.0.0.1', '内网IP', '{\"blogId\":[\"19\"],\"blogTitle\":[\"厦门鼓浪屿岛\"],\"blogType\":[\"2\"],\"blogContent\":[\"<h2 style=\'list-style: none; margin: 0px; padding: 0px 0px 0px 30px; text-align: left; color: rgb(0, 0, 0); text-transform: none; line-height: 24px; text-indent: 0px; letter-spacing: normal; font-family: \\\"Microsoft YaHei\\\", 微软雅黑, MicrosoftJhengHei, 华文细黑, STHeiti, MingLiu; font-size: 16px; font-style: normal; word-spacing: 0px; white-space: normal; orphans: 2; widows: 2; font-variant-ligatures: normal; font-variant-caps: normal; -webkit-text-stroke-width: 0px; text-decoration-style: initial; text-decoration-color: initial;\'>景区简介：</h2><p><span style=\'text-align: left; color: rgb(0, 0, 0); text-transform: none; text-indent: 0px; letter-spacing: normal; font-family: \\\"Microsoft YaHei\\\", 微软雅黑, MicrosoftJhengHei, 华文细黑, STHeiti, MingLiu; font-size: 14px; font-style: normal; font-weight: 400; word-spacing: 0px; float: none; display: inline !important; white-space: normal; orphans: 2; widows: 2; background-color: rgb(255, 255, 255); font-variant-ligatures: normal; font-variant-caps: normal; -webkit-text-stroke-width: 0px; text-decoration-style: initial; text-decoration-color: initial;\'>　　厦门鼓浪屿岛内风光秀丽，完好地保存了大量中外风格各异的建筑物，素有“海上花园”、“万国建筑博览”的美誉，又因为小岛音乐人才辈出，也被称为“钢琴之岛”、“音乐之乡”。鼓浪屿街道短小，纵横交错，是厦门最大的一个卫星岛之一，岛上岩石峥嵘，挺拔雄秀，因长年受海浪扑打，形成许多幽谷和峭崖，沙滩、礁石、峭壁、岩峰。</span><br style=\'list-style: none; margin: 0px; padding: 0px; text-align: left; color: rgb(0, 0, 0); text-transform: none; text-indent: 0px; letter-spacing: normal; font-family: \\\"Microsoft YaHei\\\", 微软雅黑, MicrosoftJhengHei, 华文细黑, STHeiti, MingLiu; font-size: 14px; font-style: normal; font-weight: 400; word-spacing: 0px; white-space: normal; orphans: 2; widows: 2; font-variant-ligatures: normal; font-variant-caps: normal; -webkit-text-stroke-width: 0px; text-decoration-style: initial; text-decoration-color: initial;\'><span style=\'text-align: left; color: rgb(0, 0, 0); text-transform: none; text-indent: 0px; letter-spacing: normal; font-family: \\\"Microsoft YaHei\\\", 微软雅黑,', '{\r\n  \"msg\" : \"操作成功\",\r\n  \"code\" : 0\r\n}', 0, NULL, '2020-10-13 18:25:13');
INSERT INTO `sys_oper_log` VALUES (331, '博客展示', 2, 'com.ruoyi.web.platform.blog.controller.BlogController.editSave()', 'POST', 1, 'admin', '电视频道', '/yttv/admin/blog/edit', '127.0.0.1', '内网IP', '{\"blogId\":[\"21\"],\"blogTitle\":[\"杭州西湖\"],\"blogType\":[\"2\"],\"blogContent\":[\"<h2 style=\'list-style: none; margin: 0px; padding: 0px 0px 0px 30px; text-align: left; color: rgb(0, 0, 0); text-transform: none; line-height: 24px; text-indent: 0px; letter-spacing: normal; font-family: \\\"Microsoft YaHei\\\", 微软雅黑, MicrosoftJhengHei, 华文细黑, STHeiti, MingLiu; font-size: 16px; font-style: normal; word-spacing: 0px; white-space: normal; orphans: 2; widows: 2; font-variant-ligatures: normal; font-variant-caps: normal; -webkit-text-stroke-width: 0px; text-decoration-style: initial; text-decoration-color: initial;\'>景区简介：</h2><p><span style=\'text-align: left; color: rgb(0, 0, 0); text-transform: none; text-indent: 0px; letter-spacing: normal; font-family: \\\"Microsoft YaHei\\\", 微软雅黑, MicrosoftJhengHei, 华文细黑, STHeiti, MingLiu; font-size: 14px; font-style: normal; font-weight: 400; word-spacing: 0px; float: none; display: inline !important; white-space: normal; orphans: 2; widows: 2; background-color: rgb(255, 255, 255); font-variant-ligatures: normal; font-variant-caps: normal; -webkit-text-stroke-width: 0px; text-decoration-style: initial; text-decoration-color: initial;\'>　　杭州西湖是我国著名的旅游胜地，也被誉为“人间天堂”，是全国十大风景名胜之一，已被列入《世界遗产名录》。西湖古称“钱塘湖”，又名“西子湖”，位于浙江省杭州市，水面面积约4.37平方公里，湖岸周长15公里。西湖古迹遍布，拥有国家重点文物保护单位文物保护点和各类专题博物馆点缀其中，为之增色。《新白娘子传奇》、《白蛇传》、《青蛇》、《秋瑾》、《两宫皇太后》、《梅花三弄之水云间》等影片也均在杭州西湖取景拍摄。</span><br style=\'list-style: none; margin: 0px; padding: 0px; text-align: left; color: rgb(0, 0, 0); text-transform: none; text-indent: 0px; letter-spacing: normal; font-family: \\\"Microsoft YaHei\\\", 微软雅黑, MicrosoftJhengHei, 华文细黑, STHeiti, MingLiu; font-size: 14px; font-style: normal; font-weight: 400; word-spacing: 0px; white-space: normal; orphans: 2; widows: 2; font-variant-ligatures: normal; font-variant-caps: normal; -webkit-text-stroke-width: 0px; text-decoration-style: initial; text-decoration-color: initial;\'><span style=\'text-align: left; color: rgb(0, 0, 0); text-transform: none; text-indent: 0px; letter-spacing: ', '{\r\n  \"msg\" : \"操作成功\",\r\n  \"code\" : 0\r\n}', 0, NULL, '2020-10-13 18:26:31');
INSERT INTO `sys_oper_log` VALUES (332, '博客展示', 2, 'com.ruoyi.web.platform.blog.controller.BlogController.editSave()', 'POST', 1, 'admin', '电视频道', '/yttv/admin/blog/edit', '127.0.0.1', '内网IP', '{\"blogId\":[\"20\"],\"blogTitle\":[\"黄山\"],\"blogType\":[\"2\"],\"blogContent\":[\"<h2 style=\'list-style: none; margin: 0px; padding: 0px 0px 0px 30px; text-align: left; color: rgb(0, 0, 0); text-transform: none; line-height: 24px; text-indent: 0px; letter-spacing: normal; font-family: \\\"Microsoft YaHei\\\", 微软雅黑, MicrosoftJhengHei, 华文细黑, STHeiti, MingLiu; font-size: 16px; font-style: normal; word-spacing: 0px; white-space: normal; orphans: 2; widows: 2; font-variant-ligatures: normal; font-variant-caps: normal; -webkit-text-stroke-width: 0px; text-decoration-style: initial; text-decoration-color: initial;\'>景区简介：</h2><p><span style=\'text-align: left; color: rgb(0, 0, 0); text-transform: none; text-indent: 0px; letter-spacing: normal; font-family: \\\"Microsoft YaHei\\\", 微软雅黑, MicrosoftJhengHei, 华文细黑, STHeiti, MingLiu; font-size: 14px; font-style: normal; font-weight: 400; word-spacing: 0px; float: none; display: inline !important; white-space: normal; orphans: 2; widows: 2; background-color: rgb(255, 255, 255); font-variant-ligatures: normal; font-variant-caps: normal; -webkit-text-stroke-width: 0px; text-decoration-style: initial; text-decoration-color: initial;\'>　　黄山为三山五岳中的三山之一，被誉为“天下第一奇山”，黄山风景区位于中国东部安徽省南部，其中精华部分为154平方公里，号称“五百里黄山”，区内无处不景，无景不奇，尤以奇松、怪石、云海、温泉“四绝”著称于世。</span><br style=\'list-style: none; margin: 0px; padding: 0px; text-align: left; color: rgb(0, 0, 0); text-transform: none; text-indent: 0px; letter-spacing: normal; font-family: \\\"Microsoft YaHei\\\", 微软雅黑, MicrosoftJhengHei, 华文细黑, STHeiti, MingLiu; font-size: 14px; font-style: normal; font-weight: 400; word-spacing: 0px; white-space: normal; orphans: 2; widows: 2; font-variant-ligatures: normal; font-variant-caps: normal; -webkit-text-stroke-width: 0px; text-decoration-style: initial; text-decoration-color: initial;\'><span style=\'text-align: left; color: rgb(0, 0, 0); text-transform: none; text-indent: 0px; letter-spacing: normal; font-family: \\\"Microsoft YaHei\\\", 微软雅黑, MicrosoftJhengHei, 华文细黑, STHeiti, MingLiu; font-size:', 'null', 1, '\r\n### Error updating database.  Cause: com.mysql.cj.jdbc.exceptions.MysqlDataTruncation: Data truncation: Data too long for column \'blog_content\' at row 1\r\n### The error may involve com.ruoyi.web.platform.blog.mapper.BlogMapper.updateBlog-Inline\r\n### The error occurred while setting parameters\r\n### SQL: update sys_blog          SET blog_title = ?,             blog_type = ?,             blog_content = ?,             blog_picture = ?,             blog_simple = ?,             status = ?,                                       update_by = ?,             update_time = ?          where blog_id = ?\r\n### Cause: com.mysql.cj.jdbc.exceptions.MysqlDataTruncation: Data truncation: Data too long for column \'blog_content\' at row 1\n; Data truncation: Data too long for column \'blog_content\' at row 1; nested exception is com.mysql.cj.jdbc.exceptions.MysqlDataTruncation: Data truncation: Data too long for column \'blog_content\' at row 1', '2020-10-13 18:27:52');
INSERT INTO `sys_oper_log` VALUES (333, '博客展示', 2, 'com.ruoyi.web.platform.blog.controller.BlogController.editSave()', 'POST', 1, 'admin', '电视频道', '/yttv/admin/blog/edit', '127.0.0.1', '内网IP', '{\"blogId\":[\"20\"],\"blogTitle\":[\"黄山\"],\"blogType\":[\"2\"],\"blogContent\":[\"<h2 style=\'list-style: none; margin: 0px; padding: 0px 0px 0px 30px; text-align: left; color: rgb(0, 0, 0); text-transform: none; line-height: 24px; text-indent: 0px; letter-spacing: normal; font-family: \\\"Microsoft YaHei\\\", 微软雅黑, MicrosoftJhengHei, 华文细黑, STHeiti, MingLiu; font-size: 16px; font-style: normal; word-spacing: 0px; white-space: normal; orphans: 2; widows: 2; font-variant-ligatures: normal; font-variant-caps: normal; -webkit-text-stroke-width: 0px; text-decoration-style: initial; text-decoration-color: initial;\'>景区简介：</h2><p><span style=\'text-align: left; color: rgb(0, 0, 0); text-transform: none; text-indent: 0px; letter-spacing: normal; font-family: \\\"Microsoft YaHei\\\", 微软雅黑, MicrosoftJhengHei, 华文细黑, STHeiti, MingLiu; font-size: 14px; font-style: normal; font-weight: 400; word-spacing: 0px; float: none; display: inline !important; white-space: normal; orphans: 2; widows: 2; background-color: rgb(255, 255, 255); font-variant-ligatures: normal; font-variant-caps: normal; -webkit-text-stroke-width: 0px; text-decoration-style: initial; text-decoration-color: initial;\'>　　黄山为三山五岳中的三山之一，被誉为“天下第一奇山”，黄山风景区位于中国东部安徽省南部，其中精华部分为154平方公里，号称“五百里黄山”，区内无处不景，无景不奇，尤以奇松、怪石、云海、温泉“四绝”著称于世。</span><br style=\'list-style: none; margin: 0px; padding: 0px; text-align: left; color: rgb(0, 0, 0); text-transform: none; text-indent: 0px; letter-spacing: normal; font-family: \\\"Microsoft YaHei\\\", 微软雅黑, MicrosoftJhengHei, 华文细黑, STHeiti, MingLiu; font-size: 14px; font-style: normal; font-weight: 400; word-spacing: 0px; white-space: normal; orphans: 2; widows: 2; font-variant-ligatures: normal; font-variant-caps: normal; -webkit-text-stroke-width: 0px; text-decoration-style: initial; text-decoration-color: initial;\'><span style=\'text-align: left; color: rgb(0, 0, 0); text-transform: none; text-indent: 0px; letter-spacing: normal; font-family: \\\"Microsoft YaHei\\\", 微软雅黑, MicrosoftJhengHei, 华文细黑, STHeiti, MingLiu; font-size:', '{\r\n  \"msg\" : \"操作成功\",\r\n  \"code\" : 0\r\n}', 0, NULL, '2020-10-13 18:29:41');
INSERT INTO `sys_oper_log` VALUES (334, '博客展示', 2, 'com.ruoyi.web.platform.blog.controller.BlogController.editSave()', 'POST', 1, 'admin', '电视频道', '/yttv/admin/blog/edit', '127.0.0.1', '内网IP', '{\"blogId\":[\"22\"],\"blogTitle\":[\"颐和园\"],\"blogType\":[\"2\"],\"blogContent\":[\"<h2 style=\'list-style: none; margin: 0px; padding: 0px 0px 0px 30px; text-align: left; color: rgb(0, 0, 0); text-transform: none; line-height: 24px; text-indent: 0px; letter-spacing: normal; font-family: \\\"Microsoft YaHei\\\", 微软雅黑, MicrosoftJhengHei, 华文细黑, STHeiti, MingLiu; font-size: 16px; font-style: normal; word-spacing: 0px; white-space: normal; orphans: 2; widows: 2; font-variant-ligatures: normal; font-variant-caps: normal; -webkit-text-stroke-width: 0px; text-decoration-style: initial; text-decoration-color: initial;\'>景区简介：</h2><p><span style=\'text-align: left; color: rgb(0, 0, 0); text-transform: none; text-indent: 0px; letter-spacing: normal; font-family: \\\"Microsoft YaHei\\\", 微软雅黑, MicrosoftJhengHei, 华文细黑, STHeiti, MingLiu; font-size: 14px; font-style: normal; font-weight: 400; word-spacing: 0px; float: none; display: inline !important; white-space: normal; orphans: 2; widows: 2; background-color: rgb(255, 255, 255); font-variant-ligatures: normal; font-variant-caps: normal; -webkit-text-stroke-width: 0px; text-decoration-style: initial; text-decoration-color: initial;\'>　　颐和园是中国现存规模最大、保存最完整的皇家园林，也是保存得最完整的一座皇家行宫御苑，被誉为皇家园林博物馆。园区利用</span><a style=\'list-style: none; margin: 0px; padding: 1px; text-align: left; color: rgb(106, 19, 89); text-transform: none; text-indent: 0px; letter-spacing: normal; font-family: \\\"Microsoft YaHei\\\", 微软雅黑, MicrosoftJhengHei, 华文细黑, STHeiti, MingLiu; font-size: 14px; font-style: normal; font-weight: 400; text-decoration: none; word-spacing: 0px; white-space: normal; orphans: 2; widows: 2; font-variant-ligatures: normal; font-variant-caps: normal; -webkit-text-stroke-width: 0px;\' href=\\\"https://www.meet99.com/jingdian-yiheyuan-24.html\\\">昆明湖</a><span style=\'text-align: left; color: rgb(0, 0, 0); text-transform: none; text-indent: 0px; letter-spacing: normal; font-family: \\\"Microsoft YaHei\\\", 微软雅黑, MicrosoftJhengHei, 华文细黑, STHeiti, MingLiu; font-size: 14px; font-style', '{\r\n  \"msg\" : \"操作成功\",\r\n  \"code\" : 0\r\n}', 0, NULL, '2020-10-13 18:31:04');
INSERT INTO `sys_oper_log` VALUES (335, '博客展示', 2, 'com.ruoyi.web.platform.blog.controller.BlogController.editSave()', 'POST', 1, 'admin', '电视频道', '/yttv/admin/blog/edit', '127.0.0.1', '内网IP', '{\"blogId\":[\"23\"],\"blogTitle\":[\"上海东方明珠\"],\"blogType\":[\"2\"],\"blogContent\":[\"<h2 style=\'list-style: none; margin: 0px; padding: 0px 0px 0px 30px; text-align: left; color: rgb(0, 0, 0); text-transform: none; line-height: 24px; text-indent: 0px; letter-spacing: normal; font-family: \\\"Microsoft YaHei\\\", 微软雅黑, MicrosoftJhengHei, 华文细黑, STHeiti, MingLiu; font-size: 16px; font-style: normal; word-spacing: 0px; white-space: normal; orphans: 2; widows: 2; font-variant-ligatures: normal; font-variant-caps: normal; -webkit-text-stroke-width: 0px; text-decoration-style: initial; text-decoration-color: initial;\'>景区简介：</h2><p><span style=\'text-align: left; color: rgb(0, 0, 0); text-transform: none; text-indent: 0px; letter-spacing: normal; font-family: \\\"Microsoft YaHei\\\", 微软雅黑, MicrosoftJhengHei, 华文细黑, STHeiti, MingLiu; font-size: 14px; font-style: normal; font-weight: 400; word-spacing: 0px; float: none; display: inline !important; white-space: normal; orphans: 2; widows: 2; background-color: rgb(255, 255, 255); font-variant-ligatures: normal; font-variant-caps: normal; -webkit-text-stroke-width: 0px; text-decoration-style: initial; text-decoration-color: initial;\'>　　上海东方明珠是上海市中心最耀眼的摩天建筑之一，也是上海的地标性建筑之一。东方明珠即东方明珠广播电视塔，坐落在浦东新区陆家嘴黄浦江畔，由上海现代建筑设计有限公司设计。电视塔于1991年7月30日奠基，1994年竣工，高467.9米，由11个大小不一的球体串联一体，其设计来源于“大珠小珠落玉盘”的美妙意境。登上三个主球体，可站在不同的高度品赏浦江两岸的城市风光，尤其站在259米高的全视角全透明高空观光廊上，以“空中漫步”的独特方式欣赏申城全景。而夜晚登临观光层感受“不夜城”夜幕下的绚彩，更是难忘的享受。</span><br style=\'list-style: none; margin: 0px; padding: 0px; text-align: left; color: rgb(0, 0, 0); text-transform: none; text-indent: 0px; letter-spacing: normal; font-family: \\\"Microsoft YaHei\\\", 微软雅黑, MicrosoftJhengHei, 华文细黑, STHeiti, MingLiu; font-size: 14px; font-style: normal; font-weight: 400; word-spacing: 0px; white-space: normal; orphans: 2; widows: 2; font-variant-ligatures: normal; font-variant-caps: normal; -webkit-text-stroke-width: 0px; text-decoration-style: initial; text-decoration-color: initial;\'><span style=\'text-align: left; color: rgb(0, 0, 0); tex', '{\r\n  \"msg\" : \"操作成功\",\r\n  \"code\" : 0\r\n}', 0, NULL, '2020-10-13 18:32:19');
INSERT INTO `sys_oper_log` VALUES (336, '博客展示', 2, 'com.ruoyi.web.platform.blog.controller.BlogController.editSave()', 'POST', 1, 'admin', '电视频道', '/yttv/admin/blog/edit', '127.0.0.1', '内网IP', '{\"blogId\":[\"24\"],\"blogTitle\":[\"乐山大佛\"],\"blogType\":[\"2\"],\"blogContent\":[\"<h2 style=\'list-style: none; margin: 0px; padding: 0px 0px 0px 30px; text-align: left; color: rgb(0, 0, 0); text-transform: none; line-height: 24px; text-indent: 0px; letter-spacing: normal; font-family: \\\"Microsoft YaHei\\\", 微软雅黑, MicrosoftJhengHei, 华文细黑, STHeiti, MingLiu; font-size: 16px; font-style: normal; word-spacing: 0px; white-space: normal; orphans: 2; widows: 2; font-variant-ligatures: normal; font-variant-caps: normal; -webkit-text-stroke-width: 0px; text-decoration-style: initial; text-decoration-color: initial;\'>景区简介：</h2><p><span style=\'text-align: left; color: rgb(0, 0, 0); text-transform: none; text-indent: 0px; letter-spacing: normal; font-family: \\\"Microsoft YaHei\\\", 微软雅黑, MicrosoftJhengHei, 华文细黑, STHeiti, MingLiu; font-size: 14px; font-style: normal; font-weight: 400; word-spacing: 0px; float: none; display: inline !important; white-space: normal; orphans: 2; widows: 2; background-color: rgb(255, 255, 255); font-variant-ligatures: normal; font-variant-caps: normal; -webkit-text-stroke-width: 0px; text-decoration-style: initial; text-decoration-color: initial;\'>　　</span><a style=\'list-style: none; margin: 0px; padding: 1px; text-align: left; color: rgb(106, 19, 89); text-transform: none; text-indent: 0px; letter-spacing: normal; font-family: \\\"Microsoft YaHei\\\", 微软雅黑, MicrosoftJhengHei, 华文细黑, STHeiti, MingLiu; font-size: 14px; font-style: normal; font-weight: 400; text-decoration: none; word-spacing: 0px; white-space: normal; orphans: 2; widows: 2; font-variant-ligatures: normal; font-variant-caps: normal; -webkit-text-stroke-width: 0px;\' href=\\\"https://www.meet99.com/jingdian-leshandafo-3123.html\\\">乐山大佛</a><span style=\'text-align: left; color: rgb(0, 0, 0); text-transform: none; text-indent: 0px; letter-spacing: normal; font-family: \\\"Microsoft YaHei\\\", 微软雅黑, MicrosoftJhengHei, 华文细黑, STHeiti, MingLiu; font-size: 14px; font-style: normal; font-weight: 400; word-spacing: 0px; floa', 'null', 1, '\r\n### Error updating database.  Cause: com.mysql.cj.jdbc.exceptions.MysqlDataTruncation: Data truncation: Data too long for column \'blog_content\' at row 1\r\n### The error may involve com.ruoyi.web.platform.blog.mapper.BlogMapper.updateBlog-Inline\r\n### The error occurred while setting parameters\r\n### SQL: update sys_blog          SET blog_title = ?,             blog_type = ?,             blog_content = ?,             blog_picture = ?,             blog_simple = ?,             status = ?,                                       update_by = ?,             update_time = ?          where blog_id = ?\r\n### Cause: com.mysql.cj.jdbc.exceptions.MysqlDataTruncation: Data truncation: Data too long for column \'blog_content\' at row 1\n; Data truncation: Data too long for column \'blog_content\' at row 1; nested exception is com.mysql.cj.jdbc.exceptions.MysqlDataTruncation: Data truncation: Data too long for column \'blog_content\' at row 1', '2020-10-13 18:34:04');
INSERT INTO `sys_oper_log` VALUES (337, '博客展示', 2, 'com.ruoyi.web.platform.blog.controller.BlogController.editSave()', 'POST', 1, 'admin', '电视频道', '/yttv/admin/blog/edit', '127.0.0.1', '内网IP', '{\"blogId\":[\"24\"],\"blogTitle\":[\"乐山大佛\"],\"blogType\":[\"2\"],\"blogContent\":[\"<h2 style=\'list-style: none; margin: 0px; padding: 0px 0px 0px 30px; text-align: left; color: rgb(0, 0, 0); text-transform: none; line-height: 24px; text-indent: 0px; letter-spacing: normal; font-family: \\\"Microsoft YaHei\\\", 微软雅黑, MicrosoftJhengHei, 华文细黑, STHeiti, MingLiu; font-size: 16px; font-style: normal; word-spacing: 0px; white-space: normal; orphans: 2; widows: 2; font-variant-ligatures: normal; font-variant-caps: normal; -webkit-text-stroke-width: 0px; text-decoration-style: initial; text-decoration-color: initial;\'>景区简介：</h2><p><span style=\'text-align: left; color: rgb(0, 0, 0); text-transform: none; text-indent: 0px; letter-spacing: normal; font-family: \\\"Microsoft YaHei\\\", 微软雅黑, MicrosoftJhengHei, 华文细黑, STHeiti, MingLiu; font-size: 14px; font-style: normal; font-weight: 400; word-spacing: 0px; float: none; display: inline !important; white-space: normal; orphans: 2; widows: 2; background-color: rgb(255, 255, 255); font-variant-ligatures: normal; font-variant-caps: normal; -webkit-text-stroke-width: 0px; text-decoration-style: initial; text-decoration-color: initial;\'>　　</span>乐山<a style=\'list-style: none; margin: 0px; padding: 1px; text-align: left; color: rgb(106, 19, 89); text-transform: none; text-indent: 0px; letter-spacing: normal; font-family: \\\"Microsoft YaHei\\\", 微软雅黑, MicrosoftJhengHei, 华文细黑, STHeiti, MingLiu; font-size: 14px; font-style: normal; font-weight: 400; text-decoration: none; word-spacing: 0px; white-space: normal; orphans: 2; widows: 2; font-variant-ligatures: normal; font-variant-caps: normal; -webkit-text-stroke-width: 0px;\' href=\\\"https://www.meet99.com/jingdian-leshandafo-3123.html\\\">大佛</a><span style=\'text-align: left; color: rgb(0, 0, 0); text-transform: none; text-indent: 0px; letter-spacing: normal; font-family: \\\"Microsoft YaHei\\\", 微软雅黑, MicrosoftJhengHei, 华文细黑, STHeiti, MingLiu; font-size: 14px; font-style: normal; font-weight: 400; word-spacing: 0px; floa', '{\r\n  \"msg\" : \"操作成功\",\r\n  \"code\" : 0\r\n}', 0, NULL, '2020-10-13 18:35:36');
INSERT INTO `sys_oper_log` VALUES (338, '博客展示', 2, 'com.ruoyi.web.platform.blog.controller.BlogController.editSave()', 'POST', 1, 'admin', '电视频道', '/yttv/admin/blog/edit', '127.0.0.1', '内网IP', '{\"blogId\":[\"25\"],\"blogTitle\":[\"千岛湖\"],\"blogType\":[\"2\"],\"blogContent\":[\"<h2 style=\'list-style: none; margin: 0px; padding: 0px 0px 0px 30px; text-align: left; color: rgb(0, 0, 0); text-transform: none; line-height: 24px; text-indent: 0px; letter-spacing: normal; font-family: \\\"Microsoft YaHei\\\", 微软雅黑, MicrosoftJhengHei, 华文细黑, STHeiti, MingLiu; font-size: 16px; font-style: normal; word-spacing: 0px; white-space: normal; orphans: 2; widows: 2; font-variant-ligatures: normal; font-variant-caps: normal; -webkit-text-stroke-width: 0px; text-decoration-style: initial; text-decoration-color: initial;\'>景区简介：</h2><p><span style=\'text-align: left; color: rgb(0, 0, 0); text-transform: none; text-indent: 0px; letter-spacing: normal; font-family: \\\"Microsoft YaHei\\\", 微软雅黑, MicrosoftJhengHei, 华文细黑, STHeiti, MingLiu; font-size: 14px; font-style: normal; font-weight: 400; word-spacing: 0px; float: none; display: inline !important; white-space: normal; orphans: 2; widows: 2; background-color: rgb(255, 255, 255); font-variant-ligatures: normal; font-variant-caps: normal; -webkit-text-stroke-width: 0px; text-decoration-style: initial; text-decoration-color: initial;\'>　　千岛湖是世界上岛屿最多的湖，也是中国面积最大的森林公园，以1078个岛屿入选中国世界纪录协会，创造了世界之最。千岛湖景区即新安江水库，总面积982平方公里，其中湖区面积573平方公里，是1959年我国建造的第一座自行设计、自制设备的大型水力发电站——新安江水力发电站而拦坝蓄水形成的人工湖，为国家一级水体，堪称杭州的“后花园”。</span><br style=\'list-style: none; margin: 0px; padding: 0px; text-align: left; color: rgb(0, 0, 0); text-transform: none; text-indent: 0px; letter-spacing: normal; font-family: \\\"Microsoft YaHei\\\", 微软雅黑, MicrosoftJhengHei, 华文细黑, STHeiti, MingLiu; font-size: 14px; font-style: normal; font-weight: 400; word-spacing: 0px; white-space: normal; orphans: 2; widows: 2; font-variant-ligatures: normal; font-variant-caps: normal; -webkit-text-stroke-width: 0px; text-decoration-style: initial; text-decoration-color: initial;\'><span style=\'text-align: left; color: rgb(0, 0, 0); text-transform: none; text-indent: 0px; letter-spacing: normal; font-family: \\\"Microsoft YaHei', '{\r\n  \"msg\" : \"操作成功\",\r\n  \"code\" : 0\r\n}', 0, NULL, '2020-10-13 18:38:19');
INSERT INTO `sys_oper_log` VALUES (339, '博客展示', 2, 'com.ruoyi.web.platform.blog.controller.BlogController.editSave()', 'POST', 1, 'admin', '电视频道', '/yttv/admin/blog/edit', '127.0.0.1', '内网IP', '{\"blogId\":[\"26\"],\"blogTitle\":[\"峨眉山\"],\"blogType\":[\"2\"],\"blogContent\":[\"<h2 style=\'list-style: none; margin: 0px; padding: 0px 0px 0px 30px; text-align: left; color: rgb(0, 0, 0); text-transform: none; line-height: 24px; text-indent: 0px; letter-spacing: normal; font-family: \\\"Microsoft YaHei\\\", 微软雅黑, MicrosoftJhengHei, 华文细黑, STHeiti, MingLiu; font-size: 16px; font-style: normal; word-spacing: 0px; white-space: normal; orphans: 2; widows: 2; font-variant-ligatures: normal; font-variant-caps: normal; -webkit-text-stroke-width: 0px; text-decoration-style: initial; text-decoration-color: initial;\'>景区简介：</h2><p><span style=\'text-align: left; color: rgb(0, 0, 0); text-transform: none; text-indent: 0px; letter-spacing: normal; font-family: \\\"Microsoft YaHei\\\", 微软雅黑, MicrosoftJhengHei, 华文细黑, STHeiti, MingLiu; font-size: 14px; font-style: normal; font-weight: 400; word-spacing: 0px; float: none; display: inline !important; white-space: normal; orphans: 2; widows: 2; background-color: rgb(255, 255, 255); font-variant-ligatures: normal; font-variant-caps: normal; -webkit-text-stroke-width: 0px; text-decoration-style: initial; text-decoration-color: initial;\'>　　峨眉山，“普贤者，佛之长子， 峨眉者， 山之领袖”，是中国四大佛教名山之一、世界自然与文化双遗产，有“峨眉天下秀”之美誉。景区位于四川乐山峨眉山市境内，面积154平方公里，区内山势雄伟，隘谷深幽，飞瀑如帘，</span><a style=\'list-style: none; margin: 0px; padding: 1px; text-align: left; color: rgb(106, 19, 89); text-transform: none; text-indent: 0px; letter-spacing: normal; font-family: \\\"Microsoft YaHei\\\", 微软雅黑, MicrosoftJhengHei, 华文细黑, STHeiti, MingLiu; font-size: 14px; font-style: normal; font-weight: 400; text-decoration: none; word-spacing: 0px; white-space: normal; orphans: 2; widows: 2; font-variant-ligatures: normal; font-variant-caps: normal; -webkit-text-stroke-width: 0px;\' href=\\\"https://www.meet99.com/jingdian-emeishan-110.html\\\">云海</a><span style=\'text-align: left; color: rgb(0, 0, 0); text-transform: none; text-indent: 0px; letter-spacing: normal; font-family: \\\"Microsoft YaHei\\\", 微软雅黑, MicrosoftJhengHei, 华文细黑,', '{\r\n  \"msg\" : \"操作成功\",\r\n  \"code\" : 0\r\n}', 0, NULL, '2020-10-13 18:39:37');
INSERT INTO `sys_oper_log` VALUES (340, '博客展示', 2, 'com.ruoyi.web.platform.blog.controller.BlogController.editSave()', 'POST', 1, 'admin', '电视频道', '/yttv/admin/blog/edit', '127.0.0.1', '内网IP', '{\"blogId\":[\"27\"],\"blogTitle\":[\"西藏布达拉宫\"],\"blogType\":[\"2\"],\"blogContent\":[\"<h2 style=\'list-style: none; margin: 0px; padding: 0px 0px 0px 30px; text-align: left; color: rgb(0, 0, 0); text-transform: none; line-height: 24px; text-indent: 0px; letter-spacing: normal; font-family: \\\"Microsoft YaHei\\\", 微软雅黑, MicrosoftJhengHei, 华文细黑, STHeiti, MingLiu; font-size: 16px; font-style: normal; word-spacing: 0px; white-space: normal; orphans: 2; widows: 2; font-variant-ligatures: normal; font-variant-caps: normal; -webkit-text-stroke-width: 0px; text-decoration-style: initial; text-decoration-color: initial;\'>景区简介：</h2><p><span style=\'text-align: left; color: rgb(0, 0, 0); text-transform: none; text-indent: 0px; letter-spacing: normal; font-family: \\\"Microsoft YaHei\\\", 微软雅黑, MicrosoftJhengHei, 华文细黑, STHeiti, MingLiu; font-size: 14px; font-style: normal; font-weight: 400; word-spacing: 0px; float: none; display: inline !important; white-space: normal; orphans: 2; widows: 2; background-color: rgb(255, 255, 255); font-variant-ligatures: normal; font-variant-caps: normal; -webkit-text-stroke-width: 0px; text-decoration-style: initial; text-decoration-color: initial;\'>　　西藏布达拉宫始建于公元7世纪，最初为吐蕃王朝赞普松赞干布为迎娶尺尊公主和文成公主而兴建。1645年（清顺治二年）五世达赖洛桑嘉措重建布达拉宫之后，成为历代达赖喇嘛冬宫居所，以及重大宗教和政治仪式举办地，也是供奉历世达赖喇嘛灵塔之地，旧时西藏政教合一的统治中心。</span><br style=\'list-style: none; margin: 0px; padding: 0px; text-align: left; color: rgb(0, 0, 0); text-transform: none; text-indent: 0px; letter-spacing: normal; font-family: \\\"Microsoft YaHei\\\", 微软雅黑, MicrosoftJhengHei, 华文细黑, STHeiti, MingLiu; font-size: 14px; font-style: normal; font-weight: 400; word-spacing: 0px; white-space: normal; orphans: 2; widows: 2; font-variant-ligatures: normal; font-variant-caps: normal; -webkit-text-stroke-width: 0px; text-decoration-style: initial; text-decoration-color: initial;\'><span style=\'text-align: left; color: rgb(0, 0, 0); text-transform: none; text-indent: 0px; letter-spacing: normal; font-family: \\\"Microsoft YaHei\\\", 微软雅黑, MicrosoftJhengHei, 华文', '{\r\n  \"msg\" : \"操作成功\",\r\n  \"code\" : 0\r\n}', 0, NULL, '2020-10-13 18:40:32');
INSERT INTO `sys_oper_log` VALUES (341, '博客展示', 3, 'com.ruoyi.web.platform.blog.controller.BlogController.remove()', 'POST', 1, 'admin', '电视频道', '/yttv/admin/blog/remove', '127.0.0.1', '内网IP', '{\"ids\":[\"13\"]}', '{\r\n  \"msg\" : \"操作成功\",\r\n  \"code\" : 0\r\n}', 0, NULL, '2020-10-13 18:51:20');
INSERT INTO `sys_oper_log` VALUES (342, '博客展示', 3, 'com.ruoyi.web.platform.blog.controller.BlogController.remove()', 'POST', 1, 'admin', '电视频道', '/yttv/admin/blog/remove', '127.0.0.1', '内网IP', '{\"ids\":[\"14\"]}', '{\r\n  \"msg\" : \"操作成功\",\r\n  \"code\" : 0\r\n}', 0, NULL, '2020-10-13 18:53:34');
INSERT INTO `sys_oper_log` VALUES (343, '角色管理', 2, 'com.ruoyi.web.controller.system.SysRoleController.editSave()', 'POST', 1, 'admin', '电视频道', '/yttv/system/role/edit', '127.0.0.1', '内网IP', '{\"roleId\":[\"1\"],\"roleName\":[\"超级管理员\"],\"roleKey\":[\"admin\"],\"roleSort\":[\"1\"],\"status\":[\"0\"],\"remark\":[\"超级管理员\"],\"menuIds\":[\"\"]}', 'null', 1, '不允许操作超级管理员角色', '2020-11-06 10:28:47');
COMMIT;

-- ----------------------------
-- Table structure for sys_post
-- ----------------------------
DROP TABLE IF EXISTS `sys_post`;
CREATE TABLE `sys_post` (
  `post_id` bigint(20) NOT NULL AUTO_INCREMENT COMMENT '岗位ID',
  `post_code` varchar(64) NOT NULL COMMENT '岗位编码',
  `post_name` varchar(50) NOT NULL COMMENT '岗位名称',
  `post_sort` int(4) NOT NULL COMMENT '显示顺序',
  `status` char(1) NOT NULL COMMENT '状态（0正常 1停用）',
  `create_by` varchar(64) DEFAULT '' COMMENT '创建者',
  `create_time` datetime DEFAULT NULL COMMENT '创建时间',
  `update_by` varchar(64) DEFAULT '' COMMENT '更新者',
  `update_time` datetime DEFAULT NULL COMMENT '更新时间',
  `remark` varchar(500) DEFAULT NULL COMMENT '备注',
  PRIMARY KEY (`post_id`)
) ENGINE=InnoDB AUTO_INCREMENT=6 DEFAULT CHARSET=utf8mb4 COMMENT='岗位信息表';

-- ----------------------------
-- Records of sys_post
-- ----------------------------
BEGIN;
INSERT INTO `sys_post` VALUES (1, 'Director', '台长', 1, '0', 'admin', '2018-03-16 11:33:00', 'admin', '2020-10-05 12:23:41', '');
INSERT INTO `sys_post` VALUES (2, 'Editorial minister', '编辑部长', 2, '0', 'admin', '2018-03-16 11:33:00', 'admin', '2020-10-05 12:24:11', '');
INSERT INTO `sys_post` VALUES (3, 'Editor-in-chief', '总编', 3, '0', 'admin', '2018-03-16 11:33:00', 'admin', '2020-10-05 12:24:35', '');
INSERT INTO `sys_post` VALUES (4, 'Channel editing', '频道编辑', 4, '0', 'admin', '2018-03-16 11:33:00', 'admin', '2020-10-05 12:25:50', '');
INSERT INTO `sys_post` VALUES (5, 'Reporter', '记者', 5, '0', 'admin', '2020-09-26 13:47:22', 'admin', '2020-10-05 12:26:10', '');
COMMIT;

-- ----------------------------
-- Table structure for sys_recently
-- ----------------------------
DROP TABLE IF EXISTS `sys_recently`;
CREATE TABLE `sys_recently` (
  `recently_id` int(4) NOT NULL AUTO_INCREMENT COMMENT '最近记录id',
  `blog_id` int(4) NOT NULL COMMENT '最近博客Id',
  `create_time` datetime NOT NULL COMMENT '创建时间',
  `update_time` datetime NOT NULL COMMENT '更新时间',
  `create_by` varchar(64) CHARACTER SET utf8mb4 NOT NULL DEFAULT '' COMMENT '创建者',
  `update_by` varchar(64) CHARACTER SET utf8mb4 NOT NULL DEFAULT '' COMMENT '更新者',
  `remark` varchar(255) CHARACTER SET utf8mb4 DEFAULT NULL COMMENT '备注',
  PRIMARY KEY (`recently_id`) USING BTREE
) ENGINE=InnoDB AUTO_INCREMENT=7 DEFAULT CHARSET=utf8 COMMENT='右侧最近记录板块';

-- ----------------------------
-- Records of sys_recently
-- ----------------------------
BEGIN;
INSERT INTO `sys_recently` VALUES (2, 11, '2020-10-07 14:22:46', '2020-10-07 14:22:46', 'admin', 'admin', NULL);
INSERT INTO `sys_recently` VALUES (3, 13, '2020-10-08 19:53:31', '2020-10-08 19:53:31', 'admin', 'admin', NULL);
INSERT INTO `sys_recently` VALUES (4, 14, '2020-10-08 19:53:34', '2020-10-08 19:53:34', 'admin', 'admin', NULL);
INSERT INTO `sys_recently` VALUES (5, 15, '2020-10-08 19:53:39', '2020-10-08 19:53:39', 'admin', 'admin', NULL);
INSERT INTO `sys_recently` VALUES (6, 12, '2020-10-13 14:49:03', '2020-10-13 14:49:03', 'admin', '', NULL);
COMMIT;

-- ----------------------------
-- Table structure for sys_role
-- ----------------------------
DROP TABLE IF EXISTS `sys_role`;
CREATE TABLE `sys_role` (
  `role_id` bigint(20) NOT NULL AUTO_INCREMENT COMMENT '角色ID',
  `role_name` varchar(30) NOT NULL COMMENT '角色名称',
  `role_key` varchar(100) NOT NULL COMMENT '角色权限字符串',
  `role_sort` int(4) NOT NULL COMMENT '显示顺序',
  `data_scope` char(1) DEFAULT '1' COMMENT '数据范围（1：全部数据权限 2：自定数据权限 3：本部门数据权限 4：本部门及以下数据权限）',
  `status` char(1) NOT NULL COMMENT '角色状态（0正常 1停用）',
  `del_flag` char(1) DEFAULT '0' COMMENT '删除标志（0代表存在 2代表删除）',
  `create_by` varchar(64) DEFAULT '' COMMENT '创建者',
  `create_time` datetime DEFAULT NULL COMMENT '创建时间',
  `update_by` varchar(64) DEFAULT '' COMMENT '更新者',
  `update_time` datetime DEFAULT NULL COMMENT '更新时间',
  `remark` varchar(500) DEFAULT NULL COMMENT '备注',
  PRIMARY KEY (`role_id`)
) ENGINE=InnoDB AUTO_INCREMENT=100 DEFAULT CHARSET=utf8mb4 COMMENT='角色信息表';

-- ----------------------------
-- Records of sys_role
-- ----------------------------
BEGIN;
INSERT INTO `sys_role` VALUES (1, '超级管理员', 'admin', 1, '1', '0', '0', 'admin', '2018-03-16 11:33:00', 'ry', '2018-03-16 11:33:00', '超级管理员');
INSERT INTO `sys_role` VALUES (2, '普通角色', 'common', 2, '2', '0', '0', 'admin', '2018-03-16 11:33:00', 'admin', '2020-09-25 12:30:08', '普通角色');
COMMIT;

-- ----------------------------
-- Table structure for sys_role_dept
-- ----------------------------
DROP TABLE IF EXISTS `sys_role_dept`;
CREATE TABLE `sys_role_dept` (
  `role_id` bigint(20) NOT NULL COMMENT '角色ID',
  `dept_id` bigint(20) NOT NULL COMMENT '部门ID',
  PRIMARY KEY (`role_id`,`dept_id`)
) ENGINE=InnoDB DEFAULT CHARSET=utf8mb4 COMMENT='角色和部门关联表';

-- ----------------------------
-- Records of sys_role_dept
-- ----------------------------
BEGIN;
INSERT INTO `sys_role_dept` VALUES (2, 100);
INSERT INTO `sys_role_dept` VALUES (2, 101);
INSERT INTO `sys_role_dept` VALUES (2, 105);
COMMIT;

-- ----------------------------
-- Table structure for sys_role_menu
-- ----------------------------
DROP TABLE IF EXISTS `sys_role_menu`;
CREATE TABLE `sys_role_menu` (
  `role_id` bigint(20) NOT NULL COMMENT '角色ID',
  `menu_id` bigint(20) NOT NULL COMMENT '菜单ID',
  PRIMARY KEY (`role_id`,`menu_id`)
) ENGINE=InnoDB DEFAULT CHARSET=utf8mb4 COMMENT='角色和菜单关联表';

-- ----------------------------
-- Records of sys_role_menu
-- ----------------------------
BEGIN;
INSERT INTO `sys_role_menu` VALUES (2, 1);
INSERT INTO `sys_role_menu` VALUES (2, 2);
INSERT INTO `sys_role_menu` VALUES (2, 3);
INSERT INTO `sys_role_menu` VALUES (2, 100);
INSERT INTO `sys_role_menu` VALUES (2, 101);
INSERT INTO `sys_role_menu` VALUES (2, 102);
INSERT INTO `sys_role_menu` VALUES (2, 103);
INSERT INTO `sys_role_menu` VALUES (2, 104);
INSERT INTO `sys_role_menu` VALUES (2, 105);
INSERT INTO `sys_role_menu` VALUES (2, 106);
INSERT INTO `sys_role_menu` VALUES (2, 107);
INSERT INTO `sys_role_menu` VALUES (2, 108);
INSERT INTO `sys_role_menu` VALUES (2, 109);
INSERT INTO `sys_role_menu` VALUES (2, 110);
INSERT INTO `sys_role_menu` VALUES (2, 111);
INSERT INTO `sys_role_menu` VALUES (2, 112);
INSERT INTO `sys_role_menu` VALUES (2, 113);
INSERT INTO `sys_role_menu` VALUES (2, 114);
INSERT INTO `sys_role_menu` VALUES (2, 115);
INSERT INTO `sys_role_menu` VALUES (2, 500);
INSERT INTO `sys_role_menu` VALUES (2, 501);
INSERT INTO `sys_role_menu` VALUES (2, 1000);
INSERT INTO `sys_role_menu` VALUES (2, 1001);
INSERT INTO `sys_role_menu` VALUES (2, 1002);
INSERT INTO `sys_role_menu` VALUES (2, 1003);
INSERT INTO `sys_role_menu` VALUES (2, 1004);
INSERT INTO `sys_role_menu` VALUES (2, 1005);
INSERT INTO `sys_role_menu` VALUES (2, 1006);
INSERT INTO `sys_role_menu` VALUES (2, 1007);
INSERT INTO `sys_role_menu` VALUES (2, 1008);
INSERT INTO `sys_role_menu` VALUES (2, 1009);
INSERT INTO `sys_role_menu` VALUES (2, 1010);
INSERT INTO `sys_role_menu` VALUES (2, 1011);
INSERT INTO `sys_role_menu` VALUES (2, 1012);
INSERT INTO `sys_role_menu` VALUES (2, 1013);
INSERT INTO `sys_role_menu` VALUES (2, 1014);
INSERT INTO `sys_role_menu` VALUES (2, 1015);
INSERT INTO `sys_role_menu` VALUES (2, 1016);
INSERT INTO `sys_role_menu` VALUES (2, 1017);
INSERT INTO `sys_role_menu` VALUES (2, 1018);
INSERT INTO `sys_role_menu` VALUES (2, 1019);
INSERT INTO `sys_role_menu` VALUES (2, 1020);
INSERT INTO `sys_role_menu` VALUES (2, 1021);
INSERT INTO `sys_role_menu` VALUES (2, 1022);
INSERT INTO `sys_role_menu` VALUES (2, 1023);
INSERT INTO `sys_role_menu` VALUES (2, 1024);
INSERT INTO `sys_role_menu` VALUES (2, 1025);
INSERT INTO `sys_role_menu` VALUES (2, 1026);
INSERT INTO `sys_role_menu` VALUES (2, 1027);
INSERT INTO `sys_role_menu` VALUES (2, 1028);
INSERT INTO `sys_role_menu` VALUES (2, 1029);
INSERT INTO `sys_role_menu` VALUES (2, 1030);
INSERT INTO `sys_role_menu` VALUES (2, 1031);
INSERT INTO `sys_role_menu` VALUES (2, 1032);
INSERT INTO `sys_role_menu` VALUES (2, 1033);
INSERT INTO `sys_role_menu` VALUES (2, 1034);
INSERT INTO `sys_role_menu` VALUES (2, 1035);
INSERT INTO `sys_role_menu` VALUES (2, 1036);
INSERT INTO `sys_role_menu` VALUES (2, 1037);
INSERT INTO `sys_role_menu` VALUES (2, 1038);
INSERT INTO `sys_role_menu` VALUES (2, 1039);
INSERT INTO `sys_role_menu` VALUES (2, 1040);
INSERT INTO `sys_role_menu` VALUES (2, 1041);
INSERT INTO `sys_role_menu` VALUES (2, 1042);
INSERT INTO `sys_role_menu` VALUES (2, 1043);
INSERT INTO `sys_role_menu` VALUES (2, 1044);
INSERT INTO `sys_role_menu` VALUES (2, 1045);
INSERT INTO `sys_role_menu` VALUES (2, 1046);
INSERT INTO `sys_role_menu` VALUES (2, 1047);
INSERT INTO `sys_role_menu` VALUES (2, 1048);
INSERT INTO `sys_role_menu` VALUES (2, 1049);
INSERT INTO `sys_role_menu` VALUES (2, 1050);
INSERT INTO `sys_role_menu` VALUES (2, 1051);
INSERT INTO `sys_role_menu` VALUES (2, 1052);
INSERT INTO `sys_role_menu` VALUES (2, 1053);
INSERT INTO `sys_role_menu` VALUES (2, 1054);
INSERT INTO `sys_role_menu` VALUES (2, 1055);
INSERT INTO `sys_role_menu` VALUES (2, 1056);
INSERT INTO `sys_role_menu` VALUES (2, 1057);
INSERT INTO `sys_role_menu` VALUES (2, 1058);
INSERT INTO `sys_role_menu` VALUES (2, 1059);
INSERT INTO `sys_role_menu` VALUES (2, 1060);
INSERT INTO `sys_role_menu` VALUES (2, 1061);
COMMIT;

-- ----------------------------
-- Table structure for sys_user
-- ----------------------------
DROP TABLE IF EXISTS `sys_user`;
CREATE TABLE `sys_user` (
  `user_id` bigint(20) NOT NULL AUTO_INCREMENT COMMENT '用户ID',
  `dept_id` bigint(20) DEFAULT NULL COMMENT '部门ID',
  `login_name` varchar(30) NOT NULL COMMENT '登录账号',
  `user_name` varchar(30) DEFAULT '' COMMENT '用户昵称',
  `user_type` varchar(2) DEFAULT '00' COMMENT '用户类型（00系统用户 01注册用户）',
  `email` varchar(50) DEFAULT '' COMMENT '用户邮箱',
  `phonenumber` varchar(11) DEFAULT '' COMMENT '手机号码',
  `sex` char(1) DEFAULT '0' COMMENT '用户性别（0男 1女 2未知）',
  `avatar` varchar(100) DEFAULT '' COMMENT '头像路径',
  `password` varchar(50) DEFAULT '' COMMENT '密码',
  `salt` varchar(20) DEFAULT '' COMMENT '盐加密',
  `status` char(1) DEFAULT '0' COMMENT '帐号状态（0正常 1停用）',
  `del_flag` char(1) DEFAULT '0' COMMENT '删除标志（0代表存在 2代表删除）',
  `login_ip` varchar(50) DEFAULT '' COMMENT '最后登陆IP',
  `login_date` datetime DEFAULT NULL COMMENT '最后登陆时间',
  `create_by` varchar(64) DEFAULT '' COMMENT '创建者',
  `create_time` datetime DEFAULT NULL COMMENT '创建时间',
  `update_by` varchar(64) DEFAULT '' COMMENT '更新者',
  `update_time` datetime DEFAULT NULL COMMENT '更新时间',
  `remark` varchar(500) DEFAULT NULL COMMENT '备注',
  PRIMARY KEY (`user_id`)
) ENGINE=InnoDB AUTO_INCREMENT=101 DEFAULT CHARSET=utf8mb4 COMMENT='用户信息表';

-- ----------------------------
-- Records of sys_user
-- ----------------------------
BEGIN;
INSERT INTO `sys_user` VALUES (1, 103, 'admin', 'admin', '00', 'luna_nov@163.com', '15888888888', '1', '', '29c67a30398638269fe600f73a054934', '111111', '0', '0', '127.0.0.1', '2020-12-14 09:58:25', 'admin', '2018-03-16 11:33:00', 'ry', '2020-12-14 09:58:29', '管理员');
INSERT INTO `sys_user` VALUES (2, 105, 'ry', '测试人员', '00', 'ry@qq.com', '15666666666', '1', '', '8e6d98b90472783cc73c17047ddccf36', '222222', '0', '0', '127.0.0.1', '2018-03-16 11:33:00', 'admin', '2018-03-16 11:33:00', 'admin', '2020-09-26 13:55:48', '测试员');
INSERT INTO `sys_user` VALUES (100, 106, 'luna', 'luna', '01', 'Iszychen@gmail.com', '15696756582', '0', '', '908a9c13bed1733af5f87cc85b0cba0c', 'e72ef5', '0', '0', '127.0.0.1', '2020-09-25 10:27:03', '', '2020-09-24 20:38:57', 'admin', '2020-09-26 13:52:53', '');
COMMIT;

-- ----------------------------
-- Table structure for sys_user_online
-- ----------------------------
DROP TABLE IF EXISTS `sys_user_online`;
CREATE TABLE `sys_user_online` (
  `sessionId` varchar(50) NOT NULL DEFAULT '' COMMENT '用户会话id',
  `login_name` varchar(50) DEFAULT '' COMMENT '登录账号',
  `dept_name` varchar(50) DEFAULT '' COMMENT '部门名称',
  `ipaddr` varchar(50) DEFAULT '' COMMENT '登录IP地址',
  `login_location` varchar(255) DEFAULT '' COMMENT '登录地点',
  `browser` varchar(50) DEFAULT '' COMMENT '浏览器类型',
  `os` varchar(50) DEFAULT '' COMMENT '操作系统',
  `status` varchar(10) DEFAULT '' COMMENT '在线状态on_line在线off_line离线',
  `start_timestamp` datetime DEFAULT NULL COMMENT 'session创建时间',
  `last_access_time` datetime DEFAULT NULL COMMENT 'session最后访问时间',
  `expire_time` int(5) DEFAULT '0' COMMENT '超时时间，单位为分钟',
  PRIMARY KEY (`sessionId`)
) ENGINE=InnoDB DEFAULT CHARSET=utf8mb4 COMMENT='在线用户记录';

-- ----------------------------
-- Records of sys_user_online
-- ----------------------------
BEGIN;
INSERT INTO `sys_user_online` VALUES ('70f87787-9b9c-4e9f-951c-685344cdc172', 'admin', '电视频道', '127.0.0.1', '内网IP', 'Chrome 8', 'Mac OS X', 'on_line', '2020-12-14 09:58:16', '2020-12-14 10:07:16', 1800000);
COMMIT;

-- ----------------------------
-- Table structure for sys_user_post
-- ----------------------------
DROP TABLE IF EXISTS `sys_user_post`;
CREATE TABLE `sys_user_post` (
  `user_id` bigint(20) NOT NULL COMMENT '用户ID',
  `post_id` bigint(20) NOT NULL COMMENT '岗位ID',
  PRIMARY KEY (`user_id`,`post_id`)
) ENGINE=InnoDB DEFAULT CHARSET=utf8mb4 COMMENT='用户与岗位关联表';

-- ----------------------------
-- Records of sys_user_post
-- ----------------------------
BEGIN;
INSERT INTO `sys_user_post` VALUES (1, 1);
INSERT INTO `sys_user_post` VALUES (2, 2);
INSERT INTO `sys_user_post` VALUES (100, 4);
COMMIT;

-- ----------------------------
-- Table structure for sys_user_role
-- ----------------------------
DROP TABLE IF EXISTS `sys_user_role`;
CREATE TABLE `sys_user_role` (
  `user_id` bigint(20) NOT NULL COMMENT '用户ID',
  `role_id` bigint(20) NOT NULL COMMENT '角色ID',
  PRIMARY KEY (`user_id`,`role_id`)
) ENGINE=InnoDB DEFAULT CHARSET=utf8mb4 COMMENT='用户和角色关联表';

-- ----------------------------
-- Records of sys_user_role
-- ----------------------------
BEGIN;
INSERT INTO `sys_user_role` VALUES (1, 1);
INSERT INTO `sys_user_role` VALUES (2, 2);
INSERT INTO `sys_user_role` VALUES (100, 2);
COMMIT;

SET FOREIGN_KEY_CHECKS = 1;
